id,legacyId,firstName,lastName,avgRating,numRatings,wouldTakeAgainPercent,avgDifficulty,department
VGVhY2hlci0zMTE0NzQ1,3114745,Thrupthy,Krishnan,5.0,4,100.0,4.0,Accounting
VGVhY2hlci0yOTU3Nzkz,2957793,Abdul,Khizer,1.3,4,0.0,4.0,Accounting
VGVhY2hlci0zMDY1NTYz,3065563,Divyesh,Shah,5.0,6,100.0,2.8,Accounting
VGVhY2hlci0yOTc5Mzcy,2979372,Hadi,Ahmad,5.0,2,100.0,2.5,Accounting
VGVhY2hlci0yMzkxODMy,2391832,Nayana,Reiter,3.8,5,80.0,2.4,Accounting
VGVhY2hlci0xODY4MDE0,1868014,Vince,Pranjivan,3.2,8,100.0,3.3,Accounting
VGVhY2hlci0yMDQ2MTkz,2046193,Cara,Orzech,2.5,1,-1.0,4.0,Accounting
VGVhY2hlci0zMTA2NjY4,3106668,Stuart,Stuart Campbell,0.0,0,-1.0,0.0,Accounting
VGVhY2hlci0yOTk1NTk0,2995594,Andreas,Chariot,0.0,0,-1.0,0.0,Accounting
VGVhY2hlci0yOTc4Nzc5,2978779,Zifan,Wang,0.0,0,-1.0,0.0,Accounting
VGVhY2hlci0yMTA1NDMy,2105432,Valerie,Lennox,0.0,0,-1.0,0.0,Accounting
VGVhY2hlci0zMTA3Nzg5,3107789,Scott,Douglas,0.0,0,-1.0,0.0,Accounting
VGVhY2hlci0zMDM3MDI1,3037025,Swetaprovo,Chaudhuri,4.3,3,100.0,3.7,Aerospace Studies
VGVhY2hlci0yMzQ0MzI2,2344326,Chris,Damaren,5.0,1,100.0,3.0,Aerospace Studies
VGVhY2hlci0yNDE1MDU2,2415056,Behrad,Vatankhahghadim,0.0,0,-1.0,0.0,Aerospace Studies
VGVhY2hlci0zMTMwNDI0,3130424,James,Quizzo,0.0,0,-1.0,0.0,Agriculture
VGVhY2hlci0yOTMwMDA1,2930005,Robert,Mason,3.2,5,60.0,3.6,Anthropology
VGVhY2hlci0yODQ3ODY3,2847867,Omer,Ozcan,3.5,13,69.2308,2.9,Anthropology
VGVhY2hlci0zMTUxMzc3,3151377,Shawn ,Lehman ,5.0,1,100.0,3.0,Anthropology
VGVhY2hlci0yOTAxNTU1,2901555,Shirley,Yeung,4.2,6,66.6667,2.8,Anthropology
VGVhY2hlci0yODQ3ODcx,2847871,Anisha,Chadha,4.3,6,83.3333,3.0,Anthropology
VGVhY2hlci0zMDE5OTgx,3019981,Saul,Cohen,2.3,6,33.3333,4.3,Anthropology
VGVhY2hlci0yMzAzMTIy,2303122,Bence,Viola,4.2,9,77.7778,3.2,Anthropology
VGVhY2hlci0yOTE1MTc3,2915177,Maya,El Helou,5.0,1,100.0,1.0,Anthropology
VGVhY2hlci0yMzU4MTU4,2358158,Cathie,Sutton,2.0,2,0.0,4.5,Anthropology
VGVhY2hlci0yODIwODEx,2820811,Malcolm,Ramsay,2.0,1,0.0,2.0,Anthropology
VGVhY2hlci0yOTUxNTg5,2951589,Michelle ,Cameron,5.0,1,100.0,1.0,Anthropology
VGVhY2hlci0yODY2MzM2,2866336,Esmat,Elhalaby,5.0,1,100.0,2.0,Anthropology
VGVhY2hlci0yMTA0Njgw,2104680,Laura,Sikstrom,2.9,5,50.0,3.6,Anthropology
VGVhY2hlci0yNTU5OTU3,2559957,Keegan,Selig,3.0,5,60.0,2.4,Anthropology
VGVhY2hlci0yMjQ0NzIz,2244723,Janice,Boddy,3.0,1,100.0,2.0,Anthropology
VGVhY2hlci0yMzAzMDk4,2303098,Jessika,Tremblay,5.0,1,100.0,3.0,Anthropology
VGVhY2hlci0yMTc0NTYy,2174562,Julia,Gamble,4.0,1,100.0,4.0,Anthropology
VGVhY2hlci0yNjg2NzYy,2686762,Greg,Braun,0.0,0,-1.0,0.0,Anthropology
VGVhY2hlci0zMTA4Mzk0,3108394,Michael,Obie,0.0,0,-1.0,0.0,Anthropology
VGVhY2hlci0yODkyNjYx,2892661,William,Boily,0.0,0,-1.0,0.0,Anthropology
VGVhY2hlci0zMTA5NTM1,3109535,Kayla,Akler,0.0,0,-1.0,0.0,Anthropology
VGVhY2hlci0zMDcwMDg2,3070086,nkem,ike,0.0,0,-1.0,0.0,Anthropology
VGVhY2hlci0yOTIwNDA5,2920409,Paul,Harrison,3.1,8,50.0,2.8,Architecture
VGVhY2hlci0yOTUwNTUy,2950552,Hadi ,El-Shayeb,4.0,11,72.7273,2.6,Architecture
VGVhY2hlci0yNjI3MDEx,2627011,Stephen,Verderber,2.1,10,30.0,3.8,Architecture
VGVhY2hlci0zMDc3MDE0,3077014,Eric,Nay,2.7,7,42.8571,3.4,Architecture
VGVhY2hlci0yODczNjg0,2873684,Phat,Le,5.0,8,100.0,2.1,Architecture
VGVhY2hlci0yMTM5OTQ4,2139948,Michael,Piper,2.6,9,44.4444,2.7,Architecture
VGVhY2hlci0zMDY5MjIy,3069222,Negin,Minaei,2.1,13,23.0769,3.9,Architecture
VGVhY2hlci0yOTgwMDY1,2980065,Erica,Kim,2.0,7,14.2857,2.6,Architecture
VGVhY2hlci0yODU1Mjkx,2855291,Luis,Jacobs,1.0,6,0.0,2.7,Architecture
VGVhY2hlci0zMDIyMTE3,3022117,Rim,Fathallah,5.0,1,100.0,3.0,Architecture
VGVhY2hlci0yOTkxMzQ2,2991346,Daniel,Chung,2.0,1,0.0,3.0,Architecture
VGVhY2hlci0yNTY0NTE0,2564514,Vivian,Lee,3.5,2,50.0,3.0,Architecture
VGVhY2hlci0yOTc4OTg1,2978985,Margot,Lystra,1.0,1,0.0,4.0,Architecture
VGVhY2hlci0yODY1MjY2,2865266,Ayca ,Koseoglu,4.0,1,100.0,3.0,Architecture
VGVhY2hlci0yMjY4NzI3,2268727,Adil,Mansure,1.0,3,0.0,3.3,Architecture
VGVhY2hlci0yNTgwNTMy,2580532,Barry,Sampson,1.0,1,0.0,3.0,Architecture
VGVhY2hlci0yMjQ4MTQ2,2248146,Nicolas,Barrette,5.0,2,100.0,3.5,Architecture
VGVhY2hlci0xNzAyNzQw,1702740,Jane,Wolff,4.0,1,-1.0,3.0,Architecture
VGVhY2hlci0yNzA0MjY4,2704268,Nuria,Montblanch,0.0,0,-1.0,0.0,Architecture
VGVhY2hlci0yNjIyMDQ1,2622045,Anthony,Mattacchione,0.0,0,-1.0,0.0,Architecture
VGVhY2hlci0yMTY0ODY3,2164867,Brenda,Webster-Tweel,0.0,0,-1.0,0.0,Architecture
VGVhY2hlci0zMDcwMjM2,3070236,Monica,Hutton,0.0,0,-1.0,0.0,Architecture
VGVhY2hlci0zMTE0MDM5,3114039,Parastoo,Anoushapour,0.0,0,-1.0,0.0,Architecture
VGVhY2hlci0yODgwMTMw,2880130,Kanwal,Aftab,0.0,0,-1.0,0.0,Architecture
VGVhY2hlci0yNTQzMzMx,2543331,Richard,Sommer,0.0,0,-1.0,0.0,Architecture
VGVhY2hlci0yODQ4NjM4,2848638,Samantha,Chang,4.8,6,100.0,1.5,Art History
VGVhY2hlci0zMTU1NzQz,3155743,Stephanie,Azzarello,2.6,7,28.5714,4.0,Art History
VGVhY2hlci0zMTI4MzM5,3128339,Pierre,Marty,1.1,13,0.0,4.7,Art History
VGVhY2hlci0yOTAwMjk5,2900299,Philip,Sapirstein,4.0,3,66.6667,4.0,Art History
VGVhY2hlci0zMTQ3MjA5,3147209,Maya,Harakawa,5.0,1,100.0,1.0,Art History
VGVhY2hlci0zMDEzMjQ5,3013249,rhiannon ,vogl,1.0,2,0.0,5.0,Art History
VGVhY2hlci0yOTkwMDI2,2990026,Ivana,Dizdar,5.0,5,100.0,2.4,Art History
VGVhY2hlci0zMDc5MDIx,3079021,Claudia,Paparella,5.0,7,100.0,2.6,Art History
VGVhY2hlci04NzkzNDA=,879340,E,Legge,5.0,2,100.0,2.0,Art History
VGVhY2hlci0yOTE5OTYy,2919962,Scott, Schwartz,1.0,1,0.0,3.0,Art History
VGVhY2hlci0zMDI1MzMz,3025333,Ariella ,Minden,2.0,2,50.0,3.5,Art History
VGVhY2hlci0zMDA2MTI4,3006128,Christina ,Katsougiannopoulou,5.0,1,100.0,3.0,Art History
VGVhY2hlci0yMzIxMzM4,2321338,Sasha,Gorjeltchan,2.7,3,33.3333,4.0,Art History
VGVhY2hlci0yODA0NjE2,2804616,Maya,Sanchez,0.0,0,-1.0,0.0,Art History
VGVhY2hlci0yOTA3NTE3,2907517,Tia,Sager,0.0,0,-1.0,0.0,Art History
VGVhY2hlci0yODYxODE0,2861814,Jessice,Mace,0.0,0,-1.0,0.0,Art History
VGVhY2hlci0zMDA3ODM2,3007836,Rory,Lindsay,5.0,13,100.0,1.4,Religion
VGVhY2hlci0yOTg0MTkz,2984193,Tyler,Paul,3.7,50,65.3061,3.6,Economics
VGVhY2hlci0yOTY4ODk3,2968897,Cho Yin,Yong,3.5,8,62.5,3.8,Computer Science
VGVhY2hlci0yOTc5OTQ1,2979945,Sara,Verskin,3.0,7,42.8571,3.1,History
VGVhY2hlci0zMDg4NDc0,3088474,Andrey,Gornostaev,5.0,1,100.0,3.0,History
VGVhY2hlci0zMTQwNjY0,3140664,Omar,Alshawa,2.5,2,0.0,2.5,Mathematics
VGVhY2hlci0zMDMyMTc0,3032174,Matthew,Robbins ,2.7,111,40.5405,3.5,Physics
VGVhY2hlci0zMDUxNDY2,3051466,Mathilde,Gerbelli-Gauthier,4.7,28,96.4286,3.2,Mathematics
VGVhY2hlci0zMTM3MTI4,3137128,Micah,Freedman,1.0,4,0.0,3.0,Biology
VGVhY2hlci0xODc3MDkz,1877093,Kripa,Freitas,2.6,217,37.1287,4.2,Economics
VGVhY2hlci0zMDkyNDY5,3092469,Caleb,Pomeroy,5.0,13,100.0,1.7,Political Science
VGVhY2hlci0yOTk2NTM1,2996535,Emil,Marmol,3.0,2,50.0,5.0,Educational Research
VGVhY2hlci0yOTMwMDA1,2930005,Robert,Mason,3.2,5,60.0,3.6,Anthropology
VGVhY2hlci0zMDgzNTQ1,3083545,lisa,cruikshank ,4.5,2,100.0,1.5,Humanities
VGVhY2hlci0yODk2Mjg2,2896286,Odilia,Yim,1.3,36,5.5556,4.5,Psychology
VGVhY2hlci0zMDcxNTg0,3071584,Hayley,Liebenow,4.9,15,100.0,2.2,Psychology
VGVhY2hlci0zMDkwNDI1,3090425,Haley,Zubyk,5.0,9,100.0,1.9,Biology
VGVhY2hlci0zMTQ2ODA5,3146809,Tamara,Hogan,3.3,4,50.0,4.0,Mathematics
VGVhY2hlci0yODcwMDQ1,2870045,Mitchell,Mclvor ,5.0,37,100.0,2.1,Sociology
VGVhY2hlci0yODAyMDQy,2802042,Karina,Vold,2.3,3,33.3333,4.0,Philosophy
VGVhY2hlci0yNzgwMzMx,2780331,Mitchell,McIvor,4.8,32,96.875,2.0,Sociology
VGVhY2hlci0zMTIxMTQx,3121141,Alexandra,Malinowski,1.7,17,5.8824,4.4,Biology
VGVhY2hlci0zMTI0MTY3,3124167,Sarah,Robayo Sheridan,1.1,14,0.0,3.4,Fine Arts
VGVhY2hlci0yOTIxMTIw,2921120,Harry,Sha,4.7,10,90.0,2.8,Computer Science
VGVhY2hlci0zMTMwMDIz,3130023,Anhadvir,Anhadvir Singh,4.7,3,100.0,3.7,Biology
VGVhY2hlci0zMTE3NDU1,3117455,Mark,Miller,5.0,2,100.0,3.0,Science
VGVhY2hlci0zMDI4NjM3,3028637,Andrew ,Sabl,3.5,2,100.0,3.5,Political Science
VGVhY2hlci0zMTU3MDQw,3157040,Anastasia,Zabalueva,0.0,0,-1.0,0.0,Classics
VGVhY2hlci0zMDIyODQ1,3022845,Kylie,Luska,5.0,33,100.0,2.7,Chemistry
VGVhY2hlci0zMDEzMTA1,3013105,Jennifer,Peruniak,2.5,4,50.0,3.0,Sociology
VGVhY2hlci0yOTY4Mzc3,2968377,Aryan,Rezaei Rad,1.0,1,0.0,3.0,Engineering
VGVhY2hlci0zMTU5Mzk0,3159394,Friedemann ,Krannich,2.0,1,0.0,3.0,Mathematics
VGVhY2hlci0zMTU5Njcw,3159670,Jeff,Noh,5.0,1,100.0,4.0,English
VGVhY2hlci0yOTY5MTI1,2969125,Ashlee,Brunt,2.0,3,33.3333,3.7,Science
VGVhY2hlci0zMTEzNjc5,3113679,Eric,Hart,1.0,1,0.0,5.0,Mathematics
VGVhY2hlci0yOTIwNDA5,2920409,Paul,Harrison,3.1,8,50.0,2.8,Architecture
VGVhY2hlci0zMTU3ODY4,3157868,Tianna,Peller,3.7,3,66.6667,2.7,Biology
VGVhY2hlci0zMDczNDcw,3073470,Irene,Poetranto,2.0,90,25.5556,3.5,Political Science
VGVhY2hlci0yOTM2NzA4,2936708,Mark,Jeffrey,2.6,10,40.0,3.9,Engineering
VGVhY2hlci0yODcxMDYx,2871061,John,Simpson-Porco,5.0,1,100.0,3.0,Electrical & Computer Engineering
VGVhY2hlci0yODExNTMx,2811531,Ignacio,Uriarte-Tuero,2.0,4,25.0,4.3,Mathematics
VGVhY2hlci0zMTIwMTI3,3120127,Deidre,Flynn,1.4,12,0.0,3.5,English
VGVhY2hlci0zMDI0NjUy,3024652,Abdelhalim , Elamroussy,5.0,7,100.0,1.4,Languages
VGVhY2hlci0yODQ3ODY3,2847867,Omer,Ozcan,3.5,13,69.2308,2.9,Anthropology
VGVhY2hlci0zMDU2NzA0,3056704,Jason,De Melo,3.1,12,50.0,3.7,Biochemistry
VGVhY2hlci0zMDY4MzEx,3068311,Moutaa, El Waer,2.0,8,12.5,4.4,Sociology
VGVhY2hlci0zMDA4MDYw,3008060,Madeleine, Orr,2.5,2,0.0,3.0,Physical Education
VGVhY2hlci0zMTU5Mzc5,3159379,Valentin,Crepel,0.0,0,-1.0,0.0,Physics
VGVhY2hlci0xNzk5Mzkw,1799390,Mark,Hathaway,4.5,34,81.25,2.7,Environment
VGVhY2hlci0zMDQxMDY2,3041066,Tianhao,Xian,3.2,22,45.4545,3.4,Mathematics
VGVhY2hlci0xNjQyNjE1,1642615,Erol,Boran,4.3,16,87.5,2.3,Literature
VGVhY2hlci0yOTg4Mzg4,2988388,Xiang,Li,1.0,7,0.0,4.0,Physics
VGVhY2hlci0yNjIzOTMx,2623931,Eamon,Darnell,2.7,51,41.1765,3.3,Philosophy
VGVhY2hlci0yNjQ1ODUw,2645850,Victor,Falkenheim,5.0,35,100.0,2.3,Political Science
VGVhY2hlci0zMDcwODg3,3070887,David,Zarnett,4.6,9,88.8889,3.4,Political Science
VGVhY2hlci0zMDIyMzU4,3022358,Moaz,Shoura,4.4,23,73.913,3.5,Psychology
VGVhY2hlci0zMTI5NDEx,3129411,Carleigh,Pace-Tonna,3.6,32,62.5,2.6,Psychology
VGVhY2hlci0zMDMzOTE3,3033917,Aya,Sakaya,4.9,27,100.0,2.3,Chemistry
VGVhY2hlci0yMjI3ODEy,2227812,Ali,Feizmohammadi,4.2,22,77.2727,3.6,Mathematics
VGVhY2hlci0zMDg0MjMx,3084231,Amanda,Hargrove,1.3,21,4.7619,4.3,Chemistry
VGVhY2hlci0zMDQzMjY4,3043268,Luke,Mahler,4.2,20,80.0,2.7,Biology
VGVhY2hlci0zMTE2NDc2,3116476,Sabrina,Lin,3.1,13,46.1538,3.1,Mathematics
VGVhY2hlci0yOTE0OTEw,2914910,Niv,Dayan,5.0,9,100.0,3.0,Computer Science
VGVhY2hlci0zMDY2MzM1,3066335,Jessica,D'eon,4.9,7,100.0,2.7,Chemistry
VGVhY2hlci0zMTI4ODk1,3128895,Megan,Frederickson,3.8,6,100.0,3.2,Biology
VGVhY2hlci0zMTMwMzI5,3130329,Mark,Wilson,3.8,4,50.0,2.8,Chemistry
VGVhY2hlci0zMTUzNjY3,3153667,Elden,Elmanto,5.0,2,100.0,4.5,Mathematics
VGVhY2hlci0zMDcyNjMw,3072630,Simeon,Newman,2.5,2,50.0,4.0,Sociology
VGVhY2hlci0yOTUyMzg3,2952387,Shuyang ,Shen,4.3,15,80.0,3.1,Mathematics
VGVhY2hlci0yOTUwNTUy,2950552,Hadi ,El-Shayeb,4.0,11,72.7273,2.6,Architecture
VGVhY2hlci0yOTY3MDgx,2967081,Jennifer,Ross,4.8,5,100.0,2.0,Humanities
VGVhY2hlci0zMDQzMjEw,3043210,Amar,Ghelani,3.7,3,66.6667,3.7,Social Work
VGVhY2hlci0zMDQ0NDEw,3044410,Douglas,Eacho,2.0,5,20.0,2.6,Theater
VGVhY2hlci0zMTU2NjE5,3156619,Daniel,Rubenson,1.8,4,0.0,3.5,Political Science
VGVhY2hlci0zMTI5Njc4,3129678,Galit,Sarfaty,1.0,2,0.0,4.0,Law
VGVhY2hlci0yOTg0MTU3,2984157,Marvin,Morales,1.0,1,0.0,3.0,Chemistry
VGVhY2hlci0yOTg5MDEy,2989012,Samuel,Akinbo,3.2,9,55.5556,3.2,Humanities
VGVhY2hlci0zMTI4Njgy,3128682,Lynette ,Ong,4.0,1,100.0,3.0,Political Science
VGVhY2hlci0yODczMDA0,2873004,Chandra,Murdoch,3.7,7,42.8571,3.3,History
VGVhY2hlci0zMTMyMzU0,3132354,Fern,Ramoutar,4.3,6,83.3333,3.3,Economics
VGVhY2hlci0zMTU1OTY2,3155966,Kayleigh,Swanson,5.0,4,100.0,3.0,Environment
VGVhY2hlci0zMTIxNzc5,3121779,Shahaboddin,Shaabani,1.0,2,0.0,4.0,Mathematics
VGVhY2hlci0yOTIzOTA2,2923906,William,O'Connell ,4.0,2,100.0,3.0,Political Science
VGVhY2hlci0zMTE3MTg4,3117188,Angela,Medina,1.5,38,15.7895,4.5,Criminal Justice
VGVhY2hlci0zMTUwNTA5,3150509,Marcelle,Kitengie,5.0,4,100.0,3.0,Physical Education
VGVhY2hlci0zMTUxMzc3,3151377,Shawn ,Lehman ,5.0,1,100.0,3.0,Anthropology
VGVhY2hlci0zMDIyNDY3,3022467,Gracia,Dong,3.8,23,73.913,3.4,Mathematics
VGVhY2hlci0xNzU4MzQ0,1758344,Paul,Gries,4.9,10,100.0,2.5,Computer Science
VGVhY2hlci0yOTkxOTc0,2991974,Benjamin,Landon,4.3,10,70.0,3.9,Mathematics
VGVhY2hlci0zMTUzNTYy,3153562,Loree,Erickson,3.0,2,50.0,3.0,Women's Studies
VGVhY2hlci0zMTMwMzQ2,3130346,Darren,Hamilton,1.0,1,0.0,3.0,Music
VGVhY2hlci0zMDgyMzEz,3082313,Chen,Ying,2.7,18,33.3333,2.2,Engineering
VGVhY2hlci0zMDQ4MzMw,3048330,Melanie,Mascarenhas,4.5,17,94.1176,3.1,Psychology
VGVhY2hlci0yODQ4NjM4,2848638,Samantha,Chang,4.8,6,100.0,1.5,Art History
VGVhY2hlci0zMTU0ODQy,3154842,James,Toma,5.0,1,100.0,2.0,History
VGVhY2hlci0yOTI0Mjg0,2924284,Nicolas,Grisouard,4.0,27,77.7778,3.0,Physics
VGVhY2hlci0yOTkxNzY2,2991766,Jonathan ,Bayer,4.9,14,100.0,2.4,History
VGVhY2hlci0yOTY2ODk5,2966899,Mia,Radovanovic,3.7,9,77.7778,4.0,Psychology
VGVhY2hlci0yOTE3NTU1,2917555,Barbara,Ferguson,3.8,6,83.3333,3.0,Women's Studies
VGVhY2hlci0zMTE4OTI2,3118926,Yongquan (George),Huang,5.0,5,100.0,1.8,Mathematics
VGVhY2hlci0yNDUzNTE4,2453518,Serene,Tan,2.1,7,28.5714,3.9,Geography
VGVhY2hlci0zMDUxMzE4,3051318,Jennifer,DeSilva,5.0,5,100.0,3.4,History
VGVhY2hlci0zMDgzMDQ5,3083049,Patricia,Sanchez,3.7,3,66.6667,3.7,Psychology
VGVhY2hlci0zMTIzNDA1,3123405,Gwen,Bradford,5.0,2,100.0,2.0,Philosophy
VGVhY2hlci0yODQ5Mjg5,2849289,Ronald,Charles,2.5,2,50.0,2.5,Religion
VGVhY2hlci0yOTcwMjk2,2970296,Jacob,Dvorak,5.0,1,100.0,1.0,Classics
VGVhY2hlci0zMTM1MTEy,3135112,Grant,Wiedenfeld,1.0,1,0.0,3.0,Humanities
VGVhY2hlci0xMTg3Njk3,1187697,Bernardo,Galvao-Sousa,2.2,165,22.6027,4.2,Mathematics
VGVhY2hlci0zMTE3Nzk5,3117799,Kyle ,Bower,4.4,19,89.4737,2.8,Mathematics
VGVhY2hlci0yOTQ2MTQ1,2946145,Joseph,Dattilo ,2.4,15,40.0,4.4,Political Science
VGVhY2hlci0zMDY4MzM2,3068336,Vanessa,McCarthy,3.8,4,75.0,2.0,History
VGVhY2hlci0zMDc3ODY3,3077867,Valeria,Cruz,5.0,3,100.0,2.3,Languages
VGVhY2hlci0zMTIzNTg5,3123589,Noel,Brett,3.0,2,50.0,4.0,Design
VGVhY2hlci0zMTUxMTY4,3151168,Yi,Shan,4.0,1,100.0,3.0,Mathematics
VGVhY2hlci0yOTUzMTE5,2953119,sheri,allain,4.6,20,90.0,2.5,Marketing
VGVhY2hlci0yMzU0NjQ0,2354644,Fabian,Parsch,4.7,24,91.6667,2.9,Mathematics
VGVhY2hlci0zMDU0NjY5,3054669,Constance,de Font-Reaulx,2.9,11,54.5455,3.2,History
VGVhY2hlci0zMTI5Mjk1,3129295,Aleksandr,Popkovich,4.0,2,100.0,1.5,Mathematics
VGVhY2hlci0yOTIzMzkx,2923391,Afiny ,Akdemir,2.8,22,50.0,3.7,Mathematics
VGVhY2hlci0zMDM2Nzc2,3036776,Paul,He,4.8,15,100.0,2.4,Computer Science
VGVhY2hlci0zMTA5NzIx,3109721,Ashley,Waggoner Denton,3.3,12,58.3333,3.4,Psychology
VGVhY2hlci0zMTIyNTU2,3122556,Susanna,Bejar ,1.3,9,0.0,4.4,Languages
VGVhY2hlci0zMDMwOTI0,3030924,Hannah,Gans,3.0,61,57.377,3.3,Psychology
VGVhY2hlci0yOTQ0NjEy,2944612,Wenyu ,Pan ,2.9,9,33.3333,3.6,Mathematics
VGVhY2hlci0zMTU1NzQz,3155743,Stephanie,Azzarello,2.6,7,28.5714,4.0,Art History
VGVhY2hlci0zMDgzNzUz,3083753,Donna,Schatz ,1.0,6,0.0,4.8,Environment
VGVhY2hlci0yOTY2MDcw,2966070,Tommaso ,Pavone,5.0,6,100.0,2.0,Political Science
VGVhY2hlci0zMTEzMDgy,3113082,Samarendra,Dash,3.0,2,50.0,1.5,Computer Science
VGVhY2hlci0yOTQ2Njg1,2946685,Yukiko,Kobayashi Lui,3.0,2,50.0,3.5,Law
VGVhY2hlci0zMTM0NDcx,3134471,Larissa ,Lai,5.0,1,100.0,2.0,Pacific & Asian Studies
VGVhY2hlci0yNjgwMTM1,2680135,Joseph,Williams,1.7,23,13.0435,2.4,Psychology
VGVhY2hlci0yOTUzMzg5,2953389,Loren,Brandt,1.7,18,27.7778,4.3,Economics
VGVhY2hlci0yODU4Mzc0,2858374,Maria,Cichosz,5.0,9,100.0,2.7,Humanities
VGVhY2hlci0yOTYzNjk0,2963694,Paul,Gooch,4.2,9,77.7778,3.4,Philosophy
VGVhY2hlci0zMDg4NzQ1,3088745,Jorge,Cruz Chapital,4.8,8,100.0,3.1,Mathematics
VGVhY2hlci0zMTA1MzAz,3105303,Tahir,Sharaan,3.5,8,62.5,3.0,Physics
VGVhY2hlci0zMDY2ODA3,3066807,Ignacio ,Aitken ,2.9,7,42.8571,3.0,Geography
VGVhY2hlci0yOTAxNTU1,2901555,Shirley,Yeung,4.2,6,66.6667,2.8,Anthropology
VGVhY2hlci0zMTU2NTUx,3156551,Samuel,Delage,2.0,1,0.0,4.0,Biology
VGVhY2hlci0yOTEzMDU3,2913057,Naijin,Li,4.2,14,78.5714,2.1,Biology
VGVhY2hlci0yOTkwNDEy,2990412,Joanna,Pepin,3.3,11,45.4545,3.3,Sociology
VGVhY2hlci0yOTE0ODgw,2914880,Andres,Kasekamp,2.3,8,25.0,3.5,History
VGVhY2hlci0zMTE1NDIy,3115422,Velez-Villegas,Juan-Manuel,2.3,6,33.3333,2.5,Environment
VGVhY2hlci0zMTA4NjI1,3108625,Katerina,Apokatanidis,3.2,5,60.0,3.2,Classics
VGVhY2hlci0yNDkwMzQy,2490342,Daniel,Milway,1.7,20,15.0,4.2,Languages
VGVhY2hlci0zMDkyNDgx,3092481,Patricia,Mockler,4.5,10,88.8889,1.8,Political Science
VGVhY2hlci0zMDM3Njkz,3037693,Caitlin,Cunningham,4.3,4,75.0,3.8,Geography
VGVhY2hlci0yOTMxNTY1,2931565,Akshay,Bapat,1.2,17,5.8824,4.5,Computer Science
VGVhY2hlci0yMjcxMDUy,2271052,Shawn,Micallef,3.8,11,72.7273,2.0,Journalism
VGVhY2hlci0yOTYwNDc5,2960479,Barbara,Simões,4.6,10,90.0,3.1,English
VGVhY2hlci0yOTE1OTcx,2915971,Shuofeng,Xu,5.0,9,100.0,2.8,Mathematics
VGVhY2hlci0zMTU2NTAy,3156502,Vera ,Khovanskaya,1.0,1,0.0,4.0,Information Science
VGVhY2hlci0yMjE3MTQ1,2217145,Sophie,Rousseaux,4.9,23,100.0,2.9,Chemistry
VGVhY2hlci0zMDQ4Nzg5,3048789,Debanjan ,Borthakur,4.9,19,100.0,2.7,Psychology
VGVhY2hlci0zMTI4MzM5,3128339,Pierre,Marty,1.1,13,0.0,4.7,Art History
VGVhY2hlci0zMTE3MjQ1,3117245,Fabio,Robibaro,5.0,13,100.0,2.7,Sociology
VGVhY2hlci0zMTA3MDI4,3107028,Frances,O'Shaughnessy,5.0,4,100.0,2.5,Women's Studies
VGVhY2hlci0yOTc4ODAy,2978802,David,Lindell,4.5,4,100.0,4.0,Computer Science
VGVhY2hlci0zMDgzODE2,3083816,Dror,Shvadron,4.0,4,75.0,2.8,Business
VGVhY2hlci0zMTUwODQw,3150840,Aidan,Lindberg,4.0,2,50.0,4.5,Mathematics
VGVhY2hlci0zMTQ5Mjkz,3149293,Bruno Rafael,Vera de Morais e Silva,5.0,2,100.0,3.0,Information Science
VGVhY2hlci0zMDg3Nzk1,3087795,Fabio,Pusateri,3.0,2,50.0,3.0,Mathematics
VGVhY2hlci0zMTU2NDI3,3156427,Manuel,Ramirez,1.0,2,0.0,4.5,Languages
VGVhY2hlci0zMDgwMDQ1,3080045,safia,aidid ,5.0,1,100.0,3.0,History
VGVhY2hlci0yNTgzMzQ5,2583349,Tasca,Santimano,3.7,25,64.0,3.8,Geology
VGVhY2hlci0zMTE4NDg4,3118488,Sergio,Barrera,3.6,5,40.0,3.6,Physics
VGVhY2hlci0zMTUxMjE4,3151218,Christopher, Blier-wong,2.5,4,25.0,4.5,Mathematics
VGVhY2hlci0zMDgwMzY5,3080369,Yoonkyung,Lee,1.5,2,0.0,4.0,Sociology
VGVhY2hlci0zMTE4MjM0,3118234,Yulun,Xu,4.2,33,78.7879,2.3,Engineering
VGVhY2hlci0zMDgwMzY4,3080368,Simeon ,Newman,1.3,30,10.0,3.8,History
VGVhY2hlci0yOTI1NzI2,2925726,Carolyn,Guay,4.7,12,91.6667,3.7,Psychology
VGVhY2hlci0zMTIyODE1,3122815,Muhammad,Muhammad Asif,1.0,8,0.0,4.0,Criminal Justice
VGVhY2hlci0zMDg2NzIx,3086721,Letizia,Tesi,3.7,3,66.6667,3.0,History
VGVhY2hlci0zMDE5NDAw,3019400,Gael,Diebou,1.9,32,25.0,4.1,Mathematics
VGVhY2hlci0yMjI3MTAw,2227100,Jessica,Hill,3.8,18,72.2222,2.8,Biology
VGVhY2hlci0zMDY1Njgy,3065682,Dimitrios,Karslidis,4.7,14,100.0,2.1,Mathematics
VGVhY2hlci0zMDcxMDcy,3071072,Kirill,Kashkan ,3.8,6,66.6667,3.3,Mathematics
VGVhY2hlci0zMDc5MTky,3079192,Lee,Emrich,5.0,2,100.0,2.0,English
VGVhY2hlci0yOTMzNjc2,2933676,Marcin,Janczak,4.2,6,66.6667,2.7,Languages
VGVhY2hlci0zMTAxNzI5,3101729,Kathleen,Dobson,4.8,5,100.0,2.6,Economics
VGVhY2hlci0zMDA1NzUz,3005753,Timothy ,Burkhart ,2.4,5,60.0,3.4,Physical Education
VGVhY2hlci0zMTQ3Njkz,3147693,Anwar,Hithnawi,5.0,2,100.0,2.5,Computer Science
VGVhY2hlci0zMTM0NDE2,3134416,Kevin,Roy,5.0,1,100.0,4.0,Geography
VGVhY2hlci0zMTI0MzIz,3124323,Hugh ,O'Neill,1.0,4,0.0,4.5,Communication
VGVhY2hlci0yOTc4MDQ2,2978046,Elizabeth,McCallion,4.2,11,100.0,2.6,Political Science
VGVhY2hlci0zMTE5MzU1,3119355,Brian,Rathbun,3.8,8,75.0,4.1,Public Policy & Administration
VGVhY2hlci0yOTAwMjk5,2900299,Philip,Sapirstein,4.0,3,66.6667,4.0,Art History
VGVhY2hlci0zMTI5MjE4,3129218,Momo,Tanaka,5.0,2,100.0,2.5,Sociology
VGVhY2hlci0zMTQ1NzYz,3145763,Juan Carlos,Rocha Osornio,5.0,1,100.0,5.0,Languages
VGVhY2hlci0zMTI2MTM1,3126135,Anaisa,Silva Gordino,5.0,3,100.0,1.3,Languages
VGVhY2hlci0zMTU1NDA5,3155409,Zi Yang,Kang,5.0,1,100.0,1.0,Economics
VGVhY2hlci0yOTE2MTcw,2916170,Parnia,Vafaeikia,5.0,4,100.0,3.3,Religion
VGVhY2hlci0zMDY4OTIx,3068921,Ila,Varma,5.0,3,100.0,2.7,Mathematics
VGVhY2hlci0yNTY0MTE4,2564118,Paulo,Koeberle,2.9,12,41.6667,4.0,Medicine
VGVhY2hlci0yOTM0MzEz,2934313,Noa,Yaari,1.0,4,0.0,4.8,History
VGVhY2hlci0yNTMwOTYx,2530961,Alexandra,Gustafson,4.6,16,81.25,2.2,Philosophy
VGVhY2hlci0yOTc3NTQ3,2977547,Eldan,Cohen,5.0,3,100.0,2.7,Engineering
VGVhY2hlci0yMzU2OTE3,2356917,Shay,Fuchs,5.0,2,50.0,4.0,Mathematics
VGVhY2hlci0zMTM1OTU3,3135957,Andrew,Lavigne ,3.0,1,100.0,2.0,Philosophy
VGVhY2hlci0yOTU5ODMz,2959833,Mark,Rempel,2.4,5,40.0,4.2,Economics
VGVhY2hlci0zMDU2NzE3,3056717,Ali,Rahbar,4.0,4,75.0,2.8,Computer Science
VGVhY2hlci0zMTE2ODEz,3116813,Aedan ,Alderson,4.0,1,100.0,4.0,Geography
VGVhY2hlci0yNDUwNDEy,2450412,Derek,Ng,5.0,8,100.0,2.1,Biology
VGVhY2hlci0yODUzNDQ5,2853449,Shubhangi,Saraf,4.0,3,66.6667,3.7,Mathematics
VGVhY2hlci0zMDcxMDU3,3071057,Megan,Bontrager ,5.0,1,100.0,2.0,Biology
VGVhY2hlci0zMTU0Nzc0,3154774,Manmeet,Singh,4.0,1,100.0,3.0,Physics
VGVhY2hlci0yNjI3MDEx,2627011,Stephen,Verderber,2.1,10,30.0,3.8,Architecture
VGVhY2hlci0zMTE4MDc3,3118077,Jnaneshwar, Baslinker,1.0,2,0.0,4.0,Mathematics
VGVhY2hlci0yOTc5Njg4,2979688,Joonho,Kim,4.8,13,100.0,2.3,Computer Science
VGVhY2hlci0zMDQxNjI4,3041628,Salvador,Alanis,4.2,6,83.3333,1.5,Languages
VGVhY2hlci0yODgyODQy,2882842,Jodeme,Goldhar ,1.0,1,0.0,3.0,Health Science
VGVhY2hlci0zMDc3MDE0,3077014,Eric,Nay,2.7,7,42.8571,3.4,Architecture
VGVhY2hlci0yOTU2NjIy,2956622,Geoffrey,McGregor,4.7,16,93.75,3.2,Mathematics
VGVhY2hlci0yOTQxNzU2,2941756,Oren,Siegel,4.2,10,80.0,2.4,Humanities
VGVhY2hlci0yODUyMjcw,2852270,Darren,Lowe,1.8,14,14.2857,3.9,Physical Education
VGVhY2hlci0xOTAyOTYx,1902961,Keith,Stewart,3.8,8,50.0,3.1,Environment
VGVhY2hlci0yOTkyNTQ3,2992547,Stacy,Reardon,1.8,6,16.6667,4.0,Sociology
VGVhY2hlci0yOTgxNDI5,2981429,Leanne,De Souza-Kenney,1.3,11,0.0,4.0,Biology
VGVhY2hlci0yOTY2MDY5,2966069,Eric ,Merkley,2.7,6,50.0,3.7,Political Science
VGVhY2hlci0zMDk1NjQ1,3095645,Obinna ,Idu,4.0,3,66.6667,3.0,Mathematics
VGVhY2hlci0yOTU3OTQ2,2957946,Ellen,Lockhart,5.0,1,100.0,3.0,Music
VGVhY2hlci0yOTI0NDUy,2924452,Naveen,Minai,4.0,9,66.6667,2.4,"Arts, Culture & Media"
VGVhY2hlci0zMTA2OTk4,3106998,EvelynLove,Fosu-Duah,3.4,21,61.9048,3.1,Environment
VGVhY2hlci0zMTQ0OTQx,3144941,Darius,Ornston,4.0,3,100.0,4.0,Public Policy & Administration
VGVhY2hlci0yNDUyNTUz,2452553,Chirag,Variawa,4.4,15,86.6667,3.3,Engineering
VGVhY2hlci0zMDIxMjY0,3021264,Amber,Hoi,1.9,8,0.0,3.3,Biology
VGVhY2hlci0zMTA4ODI2,3108826,Shibi,Kumaraperumal,5.0,2,100.0,1.5,History
VGVhY2hlci0zMTI1MDkx,3125091,George,Huang,5.0,1,100.0,3.0,Mathematics
VGVhY2hlci0yMTc2MTI4,2176128,Melody,Neumann,4.2,10,80.0,3.3,Biology
VGVhY2hlci0yODIxNDE2,2821416,Wafaa,Hasan,4.2,5,80.0,2.8,Women & Gender Studies
VGVhY2hlci0zMTQ3MjA5,3147209,Maya,Harakawa,5.0,1,100.0,1.0,Art History
VGVhY2hlci0yODIyMjI4,2822228,Allison,Murphy,3.0,1,100.0,3.0,Religion
VGVhY2hlci0yMDUxNzM1,2051735,Michael,Guerzhoy,3.8,57,64.8148,3.0,Engineering
VGVhY2hlci0zMDU4Mzg1,3058385,Mohammad,Haghighi,5.0,7,100.0,2.3,Engineering
VGVhY2hlci0zMDgwMTQw,3080140,Eric,Mathison,5.0,3,100.0,2.7,Philosophy
VGVhY2hlci0zMDEzNTYy,3013562,Carolina,Nobre,4.0,3,66.6667,3.3,Computer Science
VGVhY2hlci0yODg5NDY3,2889467,Madison,Schramm,3.1,14,42.8571,3.6,International Studies
VGVhY2hlci0yOTI5NjYw,2929660,Karen,Williams,1.3,7,0.0,4.6,Biology
VGVhY2hlci0zMDY1MTU0,3065154,Cyndriela,Chadambuka,3.8,4,75.0,3.0,Health Science
VGVhY2hlci0zMDgxODY3,3081867,Nikolija,Lukich,5.0,5,100.0,1.6,Philosophy
VGVhY2hlci0yOTM2MzY2,2936366,Killian,McCormack,4.7,3,100.0,1.7,Geography
VGVhY2hlci0zMDIxODcy,3021872,Alan,Verskin,4.6,7,85.7143,3.1,History
VGVhY2hlci0yMjM3MDQw,2237040,Alberto,Zambenedetti,4.8,6,100.0,1.7,Film
VGVhY2hlci0yODU1NzA3,2855707,Xianwei,Wu,5.0,6,100.0,2.8,"Arts, Culture & Media"
VGVhY2hlci0yODcwMTM2,2870136,Jay ,Werber,3.8,5,80.0,3.0,Engineering
VGVhY2hlci0zMDQ5NzA0,3049704,Alex ,Pelegrino,5.0,4,100.0,2.0,History
VGVhY2hlci0yOTI1MzQ4,2925348,David,Rattray ,5.0,3,100.0,2.7,Philosophy
VGVhY2hlci0yODc1NjE1,2875615,Denis,Gorodkov,4.5,34,88.2353,2.9,Mathematics
VGVhY2hlci0zMDEzMjQ5,3013249,rhiannon ,vogl,1.0,2,0.0,5.0,Art History
VGVhY2hlci0xNzgzMDAw,1783000,Paul,Bessler,4.6,12,88.8889,2.8,Languages
VGVhY2hlci0yMjEyMjUx,2212251,Bejan,Raluca,1.8,11,9.0909,4.2,Social Work
VGVhY2hlci0zMDg2MDY2,3086066,Leanne,Simpson,4.2,5,60.0,2.8,Literature
VGVhY2hlci0zMTA4NjE4,3108618,Jim,Hansen,4.3,3,100.0,2.3,English
VGVhY2hlci0yOTkxNjg1,2991685,Xujie,Si,5.0,1,100.0,3.0,Computer Science
VGVhY2hlci0yODczNjg0,2873684,Phat,Le,5.0,8,100.0,2.1,Architecture
VGVhY2hlci0zMDgxNTY2,3081566,Joshua,Picard,2.8,5,40.0,3.4,History
VGVhY2hlci0zMDE5NjY2,3019666,Elizabeth ,Lange ,3.0,2,50.0,3.0,Languages
VGVhY2hlci0xODc4MjY4,1878268,Stephen,Armstrong,3.4,15,57.1429,3.3,Engineering
VGVhY2hlci0yODg4NDcz,2888473,Rui,Hou,4.4,5,80.0,3.8,Sociology
VGVhY2hlci0yODc4MjUx,2878251,Marie-Thérèse,Ballin,2.5,2,50.0,4.5,Languages
VGVhY2hlci0zMDg2NDA0,3086404,Sebastian,Sobecki,4.0,1,100.0,4.0,English
VGVhY2hlci0zMTI2NTA0,3126504,Crystal,Chen,2.0,1,0.0,3.0,English
VGVhY2hlci0yOTE0MDQy,2914042,Randy,Hickey,4.3,6,83.3333,3.2,Computer Science
VGVhY2hlci0zMDc0NzY3,3074767,Katherine,Williams,3.5,2,50.0,4.0,English
VGVhY2hlci0zMDg1NDk2,3085496,Jorge,Antonio Cruz Chapital,5.0,1,100.0,3.0,Mathematics
VGVhY2hlci0zMTI4MTE4,3128118,Julie ,Brill,1.0,2,0.0,5.0,Biology
VGVhY2hlci0zMDQxMDcz,3041073,Simone,Coccia,5.0,5,100.0,2.8,Mathematics
VGVhY2hlci0yOTY1MzM1,2965335,Brookes,Brown,5.0,3,100.0,2.3,Philosophy
VGVhY2hlci0zMDI2NjMz,3026633,Mark,Kingwell,3.5,2,50.0,3.5,Philosophy
VGVhY2hlci0zMTA4NzQw,3108740,Yitong,Wang,5.0,2,100.0,3.5,Mathematics
VGVhY2hlci0zMTE3ODA0,3117804,Angela,Medina,0.0,0,-1.0,0.0,Law
VGVhY2hlci0yODg1ODg3,2885887,Brian,Bitar,4.2,5,80.0,3.6,Philosophy
VGVhY2hlci0xODQ0NzAw,1844700,Bryan,De Bourbon,5.0,3,100.0,2.7,Computer Science
VGVhY2hlci0zMTI4MjAz,3128203,Kate,Cornell,5.0,1,100.0,1.0,"Arts, Culture & Media"
VGVhY2hlci0yODE0NDE3,2814417,Opher,Baron,1.0,2,0.0,5.0,Management
VGVhY2hlci0yMTM5OTQ4,2139948,Michael,Piper,2.6,9,44.4444,2.7,Architecture
VGVhY2hlci0zMDY5OTMz,3069933,Sebastien,Sacre,4.8,5,100.0,2.4,Languages
VGVhY2hlci0zMDg5Mjc1,3089275,Trevor,Carey,3.5,2,50.0,2.0,Engineering
VGVhY2hlci0zMDIxNjk2,3021696,Mark,Miller,4.7,13,92.3077,2.9,Psychology
VGVhY2hlci0zMDg0OTM2,3084936,Hosam,Helal,4.7,13,92.3077,2.9,History
VGVhY2hlci0yOTgzOTMw,2983930,Chay,Ornthanalai,3.6,5,40.0,3.6,Finance
VGVhY2hlci0zMDI4NzQ5,3028749,Becky,Reuber,2.0,1,0.0,3.0,Business
VGVhY2hlci0zMTE2NjQ0,3116644,Amy,Wesselink,1.6,5,20.0,2.8,History
VGVhY2hlci0zMDkyNDMx,3092431,Jessica,Gelber,5.0,1,100.0,4.0,Philosophy
VGVhY2hlci0yOTU1MzY4,2955368,Aaron,Tronsgard,5.0,9,100.0,2.2,Mathematics
VGVhY2hlci0yOTk4NjI4,2998628,Andrei,Swidinsky,3.0,2,0.0,3.5,Geology
VGVhY2hlci0yOTMwNzgy,2930782,Steve,Treiber,1.0,1,0.0,1.0,Engineering
VGVhY2hlci0yOTkwMDI2,2990026,Ivana,Dizdar,5.0,5,100.0,2.4,Art History
VGVhY2hlci0yOTg5Mzg2,2989386,Denise,Belsham,1.7,3,0.0,5.0,Science
VGVhY2hlci0zMDAxNTYy,3001562,Terry,Yip,3.3,12,66.6667,3.5,Economics
VGVhY2hlci0yOTg0MDg2,2984086,Nishreena ,Nisham ,1.3,14,0.0,3.9,Finance
VGVhY2hlci0yMjc3ODYw,2277860,Carin,Wittnich,2.2,11,18.1818,3.9,Biology
VGVhY2hlci0yNjA1MzMw,2605330,Yukiko,Tanaka,4.5,38,84.2105,2.1,Sociology
VGVhY2hlci0zMDI1NTEx,3025511,Tonatiuh,Wiederhold,5.0,3,100.0,2.7,Mathematics
VGVhY2hlci0yOTI5MTEz,2929113,Comfort,Azubuko-Udah,2.0,8,12.5,3.4,English
VGVhY2hlci0zMDI5NjU3,3029657,Moses,Karanja ,5.0,1,100.0,3.0,Social Science
VGVhY2hlci0yOTM4ODc0,2938874,Kuan,Xu,2.9,18,33.3333,4.1,Economics
VGVhY2hlci0yODk2ODky,2896892,Simona ,Vucu,3.2,9,44.4444,3.6,Philosophy
VGVhY2hlci0yODcwNDQ5,2870449,Victoria,Kerr,4.4,10,80.0,3.1,Engineering
VGVhY2hlci0zMDcxOTMz,3071933,Laura,Bisaillon,1.0,3,0.0,3.7,Sociology
VGVhY2hlci0zMDg4MzQw,3088340,Nicole,Weckman,1.3,6,0.0,3.5,Engineering
VGVhY2hlci0zMTE0NzQ1,3114745,Thrupthy,Krishnan,5.0,4,100.0,4.0,Accounting
VGVhY2hlci0yMTIzNDgy,2123482,Avni,Shah,4.2,20,78.9474,3.8,Management
VGVhY2hlci0zMTIxMDUz,3121053,Virupaksh,Agrawal,5.0,9,100.0,2.0,Engineering
VGVhY2hlci0yMzU2NDI2,2356426,Peter,Monkhouse,1.0,1,0.0,4.0,Management
VGVhY2hlci0zMDY2MDgx,3066081,Kale ,Coghlan ,2.0,3,0.0,3.7,Classics
VGVhY2hlci0zMDY4MjE2,3068216,Luciano,Salvetti Martinez,4.9,14,100.0,3.2,Mathematics
VGVhY2hlci0zMTI0OTQx,3124941,Anita,Hamadanizadeh,4.0,1,100.0,3.0,Pharmacology
VGVhY2hlci0yOTc4NTA2,2978506,Andrea,Walkden,5.0,4,100.0,2.8,English
VGVhY2hlci0yNzg0NjYx,2784661,Lucile,Mulat,5.0,2,100.0,3.0,Languages
VGVhY2hlci0yNzAzNzQw,2703740,Christopher (Chris),Greenaway,4.9,21,95.2381,2.6,Political Science
VGVhY2hlci0zMTIzNjUy,3123652,Roxanne,Francis,5.0,1,100.0,1.0,Social Work
VGVhY2hlci0yODkwOTgx,2890981,Ania,Harlick,4.2,31,83.871,2.7,Physics
VGVhY2hlci0zMTE4MjM4,3118238,Yulun,Xu,3.7,3,66.6667,2.3,Mathematics
VGVhY2hlci0zMTIyNjI3,3122627,Daniel,James,4.0,1,0.0,5.0,Physics
VGVhY2hlci0yNjYxMzg3,2661387,Yuanyuan,Wan,3.3,13,61.5385,3.5,Economics
VGVhY2hlci0zMDAwMTg5,3000189,Chang-Yuan,Lee,4.4,5,80.0,2.2,Business
VGVhY2hlci0zMDI0NTU2,3024556,Charlie,Kivi,4.0,1,100.0,2.0,Chemistry
VGVhY2hlci0yODk1Mjk3,2895297,Joel,Watts,5.0,2,100.0,2.5,Biochemistry
VGVhY2hlci0yNjM4NzU5,2638759,Anna,Taddio,1.5,2,0.0,4.0,Medicine
VGVhY2hlci0yNzMzMzYy,2733362,John,Rogers,4.5,12,83.3333,2.6,English
VGVhY2hlci0zMTE5NTkz,3119593,Juan-Manuel,Velez-Villegas,1.0,1,0.0,1.0,Geography
VGVhY2hlci0zMTE0Njcw,3114670,Yukai,Zhang,5.0,2,100.0,3.5,Mathematics
VGVhY2hlci0zMTIwNDM5,3120439,Hope,Latta,4.0,1,100.0,1.0,History
VGVhY2hlci0yOTk5Mjcz,2999273,Malvina,Skorska,3.0,13,53.8462,3.8,Psychology
VGVhY2hlci0zMDMxNTY3,3031567,Anthony, Peccia ,1.5,6,0.0,4.7,Finance
VGVhY2hlci0yODQ3ODcx,2847871,Anisha,Chadha,4.3,6,83.3333,3.0,Anthropology
VGVhY2hlci0zMTAzNDky,3103492,María José ,Méndez Gutiérrez,1.3,3,0.0,3.3,Political Science
VGVhY2hlci0zMTIwMDky,3120092,Bowen,Li ,5.0,1,100.0,1.0,Medicine
VGVhY2hlci0yOTg1OTk1,2985995,Jeannette ,Sanchez-Naranjo ,2.3,8,37.5,4.1,Languages
VGVhY2hlci0zMDE1NjM1,3015635,Mikale,Reddy,5.0,5,100.0,2.8,Mathematics
VGVhY2hlci0zMDgxNTQ3,3081547,Soli,Dubash,4.5,4,100.0,4.3,Sociology
VGVhY2hlci0zMDg0MDA0,3084004,Emily ,Schwartzman,5.0,1,100.0,3.0,Psychology
VGVhY2hlci0yOTAxMDgy,2901082,Dinesh,Christendat,3.4,5,60.0,2.8,Biology
VGVhY2hlci0zMDkwMTY2,3090166,Sam,Bass,4.6,5,100.0,2.8,History
VGVhY2hlci0yOTY0NTkx,2964591,Danielle,Dobney,3.3,7,42.8571,2.6,Physical Education
VGVhY2hlci0zMTE2OTI1,3116925,Tresa ,Doucet,5.0,1,100.0,2.0,Mathematics
VGVhY2hlci0yODc3NTE0,2877514,Grace,Barakat,4.9,14,100.0,2.7,Sociology
VGVhY2hlci0zMDY5MjIy,3069222,Negin,Minaei,2.1,13,23.0769,3.9,Architecture
VGVhY2hlci0zMDkwMDEz,3090013,Elliot,Fonarev,3.5,2,50.0,3.5,Sociology
VGVhY2hlci0zMTE3MjA2,3117206,Joel,Goodwin,5.0,1,100.0,2.0,Environment
VGVhY2hlci0yNDczOTkx,2473991,Andrew,Lesk,2.2,15,33.3333,3.8,English
VGVhY2hlci0yOTgwMDY1,2980065,Erica,Kim,2.0,7,14.2857,2.6,Architecture
VGVhY2hlci0yODgwNTg0,2880584,Jooyung,Lee,3.0,2,50.0,2.0,Sociology
VGVhY2hlci0zMTE3MDA0,3117004,Benjamin,Walsh,0.0,0,-1.0,0.0,English
VGVhY2hlci0zMDg1Mzk1,3085395,James,Ginther,4.5,2,100.0,2.5,Humanities
VGVhY2hlci0zMDc5MDIx,3079021,Claudia,Paparella,5.0,7,100.0,2.6,Art History
VGVhY2hlci0yOTAxMDg0,2901084,Nicholas,Provart,3.0,3,33.3333,2.7,Biology
VGVhY2hlci0yOTIwMDcy,2920072,Luke,Volk,1.0,6,0.0,5.0,Mathematics
VGVhY2hlci0zMTE0ODgz,3114883,Reza,Danesh,4.0,1,100.0,3.0,Engineering
VGVhY2hlci0yOTI5OTkx,2929991,Mehdi,Ataei,4.6,10,90.0,2.9,Computer Science
VGVhY2hlci0zMTAxNjky,3101692,Christopher,Lucasius,0.0,0,-1.0,0.0,Engineering
VGVhY2hlci0zMTExMDkw,3111090,Christina ,Pasqua,1.5,2,0.0,3.0,Humanities
VGVhY2hlci0zMTEzMTAz,3113103,Jack,McCart,4.5,2,100.0,3.5,History
VGVhY2hlci0yOTk2OTM2,2996936,Ali,Pirhosseinloo,4.0,10,70.0,2.7,Mathematics
VGVhY2hlci0zMTE0MTI5,3114129,Chad,Story,3.0,1,100.0,2.0,Business
VGVhY2hlci0zMTEwMzk2,3110396,Michael,Lawler,1.5,2,0.0,2.5,Geography
VGVhY2hlci0zMDIzNjEw,3023610,Falak,Mujtaba,4.3,48,89.5833,3.4,Social Science
VGVhY2hlci0yOTQ2MTUz,2946153,Kelsey,Gordon,1.5,12,8.3333,4.6,Political Science
VGVhY2hlci0yOTgwMjA4,2980208,Labiba,Naeem,3.8,4,75.0,2.8,Political Science
VGVhY2hlci0zMTEyNTEy,3112512,Vincent,Lee,2.0,1,0.0,4.0,Philosophy
VGVhY2hlci0yMDQwOTU0,2040954,Linda,White,2.1,7,28.5714,2.6,Public Policy & Administration
VGVhY2hlci0yOTMzMTA3,2933107,Florian,Dendorfer,2.9,80,48.75,4.3,Economics
VGVhY2hlci0zMTExOTI1,3111925,Eveline,Houtman,2.0,1,0.0,3.0,Information Science
VGVhY2hlci0zMDMyNzA4,3032708,Isabela,Dos Santos,3.1,37,45.9459,3.1,Political Science
VGVhY2hlci0yNjc3NzUz,2677753,Jordan,Peterson,3.6,9,55.5556,3.9,Social Science
VGVhY2hlci0yNzY0ODcw,2764870,Landon,Edgar,4.8,5,100.0,4.0,Pharmacology
VGVhY2hlci0zMDI3MDk1,3027095,Christine,Burton,5.0,3,100.0,3.7,Psychology
VGVhY2hlci0yOTg0MzAw,2984300,Alex,Bercik,3.0,9,44.4444,2.8,Engineering
VGVhY2hlci0zMTExMDk5,3111099,Carolyne,Sumner,5.0,1,100.0,1.0,Music
VGVhY2hlci0zMTExMDk4,3111098,Tanya,Humeniuk,5.0,1,100.0,3.0,Languages
VGVhY2hlci0zMTExMDk3,3111097,Virginia,Shewfelt,5.0,1,100.0,2.0,Languages
VGVhY2hlci0yODk2NzE4,2896718,Ian,Berlot-Attwell,5.0,7,100.0,2.6,Computer Science
VGVhY2hlci0yODQ4MzM4,2848338,Dani,Nedal,3.0,7,28.5714,3.6,Political Science
VGVhY2hlci0zMDE3NDMw,3017430,Matilda,Essandoh Laar,3.7,6,83.3333,2.8,Science
VGVhY2hlci0zMTA4NjIx,3108621,Michael,Johnstone,1.5,2,0.0,3.5,English
VGVhY2hlci0zMTA5NzI3,3109727,Gözde,Mercan,5.0,2,100.0,1.5,Languages
VGVhY2hlci0yOTMyMzcy,2932372,Robert,Owen,1.5,23,13.0435,4.3,Economics
VGVhY2hlci0yOTM4NzEy,2938712,Chris,Chung,3.0,6,33.3333,4.0,History
VGVhY2hlci0zMDE3NDMx,3017431,Jeff,Kroetsch,2.5,2,50.0,3.5,Medicine
VGVhY2hlci0zMDA4OTI5,3008929,Leafia ,Ye,4.0,2,100.0,3.0,Sociology
VGVhY2hlci0zMDQyOTAy,3042902,Jane,Forner,5.0,4,100.0,2.5,Music
VGVhY2hlci0zMTAyNTI0,3102524,nadia,Takhtaganova,4.0,2,100.0,3.5,Languages
VGVhY2hlci0yOTgyMjIz,2982223,Dennis,Lee,5.0,4,100.0,2.5,Music
VGVhY2hlci0yODk0Mzgw,2894380,Robert,Soden,5.0,2,100.0,2.0,Computer Science
VGVhY2hlci0zMTA5MDcw,3109070,Wiley,Sharp,1.0,1,0.0,4.0,Geography
VGVhY2hlci0zMDU0NjY3,3054667,Samantha,Wesner,5.0,2,100.0,2.0,History
VGVhY2hlci0yNzEyNzQ2,2712746,Catherine,Jimenea,3.0,6,33.3333,3.3,Geography
VGVhY2hlci0zMDc4Njkz,3078693,Mahmoud ,Embabi ,5.0,4,100.0,3.5,Engineering
VGVhY2hlci04NzkzNDA=,879340,E,Legge,5.0,2,100.0,2.0,Art History
VGVhY2hlci0zMTA4NjI0,3108624,Sean,Karnani-Stewart,5.0,1,100.0,3.0,Classics
VGVhY2hlci0yNjk2OTA1,2696905,Adam,Nayman,4.5,12,91.6667,2.7,Humanities
VGVhY2hlci0xODkwMTYy,1890162,Theresa,Enright,2.8,21,58.3333,3.6,Political Science
VGVhY2hlci0yMjMzMTU0,2233154,Asif,Zaman,4.5,58,86.2069,3.4,Mathematics
VGVhY2hlci0zMTA3Mzg1,3107385,Josh,Harold,5.0,1,100.0,2.0,Sociology
VGVhY2hlci0xODM1MDgy,1835082,Ramiro,Armas,3.0,6,33.3333,3.5,Languages
VGVhY2hlci0yOTMzMDEw,2933010,Piotr,Zwiernik,3.7,3,66.6667,3.3,Mathematics
VGVhY2hlci0zMTA2Njc3,3106677,rosalind,hampton ,2.0,3,33.3333,3.0,Education
VGVhY2hlci0yODQ3ODY4,2847868,Armend,Mazreku,3.4,8,62.5,2.8,Political Science
VGVhY2hlci0zMDE3NDMy,3017432,Jim,Scholey,4.7,3,100.0,3.3,Medicine
VGVhY2hlci0zMDc1Mzg4,3075388,Mehul,Gupta,5.0,7,100.0,2.4,Mathematics
VGVhY2hlci0zMDA5Njk5,3009699,Marsha,Chechik,2.2,6,33.3333,4.2,Computer Science
VGVhY2hlci0zMDA3NTI2,3007526,Anne-Marie,Fowler,3.4,5,60.0,3.0,Religion
VGVhY2hlci0zMDY1MDM0,3065034,Rhonda,Solomon,2.2,11,18.1818,2.9,Geography
VGVhY2hlci0yOTU3Nzkz,2957793,Abdul,Khizer,1.3,4,0.0,4.0,Accounting
VGVhY2hlci0zMDY1MDQz,3065043,Laura,Colantoni,5.0,2,100.0,2.0,Languages
VGVhY2hlci0zMDg1NTg5,3085589,Laura,Rabinowitz,3.7,3,66.6667,4.3,Political Science
VGVhY2hlci0yODI1MzUy,2825352,Emily,Erlebach,2.3,9,33.3333,3.2,Mathematics
VGVhY2hlci0zMDY0Njg1,3064685,Sebastian ,Espinosa,4.0,1,100.0,2.0,Mathematics
VGVhY2hlci0yOTIxOTcz,2921973,Christopher,Petrakos,4.8,10,100.0,2.5,History
VGVhY2hlci0yODg1NDA1,2885405,Swastik,Kopparty,2.3,3,33.3333,2.7,Computer Science
VGVhY2hlci0yNTQ0ODI4,2544828,Jamal,Kawach,4.7,28,96.4286,2.8,Mathematics
VGVhY2hlci0yOTQ2NDI2,2946426,Gregory,Shupak,3.0,1,100.0,3.0,English
VGVhY2hlci0xOTAzOTk0,1903994,Anthony,Sinclair,4.8,16,100.0,3.1,Engineering
VGVhY2hlci0zMDk5NDQ5,3099449,Erich,Weidenhammer,5.0,1,100.0,1.0,History
VGVhY2hlci0zMDU4NDc4,3058478,Bharat,Punjabi,4.0,1,100.0,1.0,Pacific & Asian Studies
VGVhY2hlci0yOTIyNjMz,2922633,Imran,Syed,2.6,22,40.9091,3.9,Management
VGVhY2hlci0yMjA2NjA3,2206607,Deirdre,Baker,2.9,9,44.4444,3.4,English
VGVhY2hlci0zMDE5OTgx,3019981,Saul,Cohen,2.3,6,33.3333,4.3,Anthropology
VGVhY2hlci0yOTE4MDg3,2918087,Santiago,Molina,5.0,6,100.0,3.2,Social Science
VGVhY2hlci0zMDc4MTc0,3078174,Tobias,Hof,3.7,3,66.6667,2.7,History
VGVhY2hlci0yOTE0OTgz,2914983,John,Kamau,3.3,3,66.6667,2.0,History
VGVhY2hlci0yODYzNzY5,2863769,Emily,Bell,2.8,4,50.0,3.3,Biology
VGVhY2hlci0yODk4OTEy,2898912,Michael,Classens,4.4,5,80.0,1.4,Environment
VGVhY2hlci0yMzM0NDM1,2334435,Sergey,Plotnikov,4.3,10,70.0,3.9,Biology
VGVhY2hlci0zMDU0ODQ0,3054844,Lior,Gishboliner,5.0,3,100.0,3.3,Mathematics
VGVhY2hlci0zMDY1MDkx,3065091,Deanna,Brooks,4.5,2,100.0,2.5,English
VGVhY2hlci0yMzU0MDU0,2354054,Danielle,Bentley,4.4,18,83.3333,4.5,Medicine
VGVhY2hlci0zMDkyNDU3,3092457,Richard,Horner,2.0,1,0.0,4.0,Biology
VGVhY2hlci0zMDkyNDI1,3092425,Rachael,Desborough,4.0,1,100.0,3.0,Political Science
VGVhY2hlci0zMDkxMzIx,3091321,Allen,Teng,0.0,0,-1.0,0.0,Medicine
VGVhY2hlci0yOTMwNTI1,2930525,Jonny,Cottrell,3.4,5,40.0,2.4,Philosophy
VGVhY2hlci0yOTg2OTk4,2986998,Sara,Aronowitz,2.1,18,27.7778,3.8,Philosophy
VGVhY2hlci0zMDg5NTgy,3089582,Karen,Maxwell,3.0,1,0.0,4.0,Information Science
VGVhY2hlci0yODQ4NTI0,2848524,Reza,Hadisi,4.7,6,100.0,3.5,Philosophy
VGVhY2hlci0yODcyMDc5,2872079,Daniel ,Calderon Wilches,4.0,5,80.0,2.8,Mathematics
VGVhY2hlci0zMDg3MDM3,3087037,Joao,Ritto,5.0,2,100.0,4.0,Economics
VGVhY2hlci0yNDI4ODUw,2428850,Kristina,McElheran,2.7,6,33.3333,4.0,Management
VGVhY2hlci0yOTMxMjUw,2931250,Mohi,Reza,2.6,5,20.0,2.4,Computer Science
VGVhY2hlci0yNTg4MTMz,2588133,Michael,Wilson,1.7,3,0.0,3.7,Biology
VGVhY2hlci0zMDg4MzIy,3088322,Marco ,Volpe,1.0,1,0.0,4.0,Mathematics
VGVhY2hlci0yOTg5MDg3,2989087,Shehryar,Saharan,5.0,4,100.0,3.0,Biology
VGVhY2hlci0zMDg3ODM1,3087835,Katherine ,Entigar,5.0,1,100.0,1.0,Education
VGVhY2hlci0yNDcxNzI5,2471729,Marius,Zoican,4.0,11,72.7273,3.7,Finance
VGVhY2hlci0zMDczNTcy,3073572,Hanna,Morris,3.9,7,57.1429,3.1,Environment
VGVhY2hlci0zMDczNDI0,3073424,Henar,Perales,2.5,2,50.0,2.5,Women's Studies
VGVhY2hlci0zMDg2Mzg1,3086385,Sara,Ali,1.0,1,0.0,5.0,Criminal Justice
VGVhY2hlci0yODUxMjcy,2851272,Zhan,Su,2.8,5,60.0,2.4,Physics
VGVhY2hlci0yOTQ0MzEz,2944313,Dean,Carcone ,3.1,9,33.3333,3.9,Psychology
VGVhY2hlci0zMDM3NzUy,3037752,Chenyue,Liu,3.0,5,60.0,3.2,Economics
VGVhY2hlci0yOTE4MTM4,2918138,Ray,Amith,2.2,18,22.2222,2.0,Health Science
VGVhY2hlci0yNDAyNjI1,2402625,Andrew,Miles,4.6,8,87.5,3.0,Sociology
VGVhY2hlci0yOTk2NTAz,2996503,Khai,Truong,3.8,4,75.0,3.3,Computer Science
VGVhY2hlci0yODc0NzY4,2874768,Camelia ,Karimian Pour,4.8,8,87.5,3.1,Mathematics
VGVhY2hlci0zMDA4MDQ0,3008044,Ashley, Stirling,3.5,2,50.0,3.5,Physical Education
VGVhY2hlci0zMDgxODY2,3081866,Nathan,Howard,5.0,1,100.0,3.0,Philosophy
VGVhY2hlci0zMDgxOTc1,3081975,Matthew,Danesh,0.0,0,-1.0,0.0,Medicine
VGVhY2hlci0zMDgxNTU0,3081554,Peng,Yu,5.0,1,100.0,3.0,Pacific & Asian Studies
VGVhY2hlci0yNDU2Mjg0,2456284,Mohini,Sain,3.0,2,50.0,2.0,Engineering
VGVhY2hlci0yNTEzOTQx,2513941,Cinthya,Guzman,3.8,47,76.5957,2.8,Sociology
VGVhY2hlci0yOTI3MjU5,2927259,Alex,Djedovic,3.8,12,75.0,2.8,Philosophy
VGVhY2hlci0zMDMzNTg4,3033588,Atena,Roshan Fekr,2.4,7,28.5714,3.9,Engineering
VGVhY2hlci04Mzc4NTY=,837856,Nick,Mount,4.6,42,86.3636,3.0,English
VGVhY2hlci0yOTI1NDYz,2925463,Alaa,Alsaafin,1.8,4,25.0,4.5,Pharmacology
VGVhY2hlci0yOTUyODY2,2952866,Giulio,Leghissa,2.5,14,35.7143,2.9,Classics
VGVhY2hlci0yNzE5MTcz,2719173,Daniel,Alvarez,3.0,8,62.5,3.1,Mathematics
VGVhY2hlci0zMDMzODY4,3033868,Runjing Lu,Lu,5.0,1,100.0,2.0,Economics
VGVhY2hlci0zMDY5NDEx,3069411,Sophie,Feng,5.0,2,100.0,3.0,Languages
VGVhY2hlci0zMDI5OTgx,3029981,Adrian,She,1.4,7,14.2857,3.9,Mathematics
VGVhY2hlci0yODgzOTc2,2883976,Dasha,Redka,1.0,1,0.0,5.0,Pharmacology
VGVhY2hlci0yNTc1NTk3,2575597,David,Fisman,1.9,9,22.2222,3.1,Health Science
VGVhY2hlci0zMDIyMzgy,3022382,Mahdi,Rafiei,5.0,4,100.0,4.3,Mathematics
VGVhY2hlci0yODcxNzk5,2871799,Jose,Armesto,2.2,11,45.4545,3.7,Engineering
VGVhY2hlci0yOTc2NjE4,2976618,Nelly,Matorina,5.0,2,100.0,2.5,Psychology
VGVhY2hlci0zMDAxMjkw,3001290,Nicolas ,Nicola,3.0,2,50.0,4.0,Philosophy
VGVhY2hlci0yMTI3OTYy,2127962,Alison,McGuigan,3.0,1,0.0,4.0,Engineering
VGVhY2hlci0yODI4NzMx,2828731,Brendan,McElroy,3.0,4,25.0,4.0,Political Science
VGVhY2hlci0zMDc0MTE0,3074114,Vivian,He,4.0,1,100.0,3.0,Mathematics
VGVhY2hlci0yOTM5NzIy,2939722,Patrick,Watson,2.5,13,30.7692,3.5,Social Science
VGVhY2hlci0yODc3MDk2,2877096,Abdus,Shuman,2.0,1,0.0,5.0,Political Science
VGVhY2hlci0zMDczNDIy,3073422,Clare,Wiseman,3.0,1,100.0,4.0,Environment
VGVhY2hlci0yOTg4MTM0,2988134,Akshayaram,Srinivasan,5.0,1,100.0,3.0,Computer Science
VGVhY2hlci0zMDY1NTYz,3065563,Divyesh,Shah,5.0,6,100.0,2.8,Accounting
VGVhY2hlci0yODkxNDcx,2891471,Barbara,Sherwood Lollar,5.0,3,100.0,2.0,Geology
VGVhY2hlci0zMDQ0ODk4,3044898,Tyler,Bateman,5.0,1,100.0,3.0,Sociology
VGVhY2hlci0zMDcxNDcx,3071471,Fedor,Manin,5.0,1,100.0,2.0,Mathematics
VGVhY2hlci0xODU4NjEx,1858611,Vaughn,Betz,3.7,16,42.8571,2.3,Engineering
VGVhY2hlci0zMDYxNDAy,3061402,Rebecca,Hogue,5.0,2,100.0,2.5,English
VGVhY2hlci0yOTY1NzQy,2965742,Malik,Khan,1.0,4,0.0,4.5,Computer Science
VGVhY2hlci0yODc0MDc5,2874079,Amel,Taibi,5.0,2,100.0,2.5,Medicine
VGVhY2hlci0zMDUzODEz,3053813,Sean,Elliott,5.0,2,100.0,2.5,Economics
VGVhY2hlci0yODk2NTA0,2896504,Ava,Danialy,2.0,4,25.0,3.0,Computer Science
VGVhY2hlci0zMDY3ODYz,3067863,Geethika,Dharmasinghe,3.0,1,0.0,4.0,Religion
VGVhY2hlci0yNzc0MjY1,2774265,Shurui,Zhou,3.0,3,66.6667,3.0,Engineering
VGVhY2hlci0zMDAyMjU3,3002257,Hansheng,Jiang ,5.0,3,100.0,2.0,Business
VGVhY2hlci0yOTQyNDc3,2942477,Hunter,Spink,4.3,4,75.0,4.0,Mathematics
VGVhY2hlci0yNTgyMDkz,2582093,Kevin,White,4.3,3,66.6667,1.7,Social Science
VGVhY2hlci0yOTc0NDUw,2974450,Daniel ,Hudson,5.0,1,100.0,1.0,Mathematics
VGVhY2hlci0yOTY3NDQz,2967443,Adriana,Brook,4.8,5,100.0,2.4,Classics
VGVhY2hlci0zMDY4MTE1,3068115,Johann,Kirchenbauer,5.0,1,100.0,1.0,Languages
VGVhY2hlci0zMDY4MjE3,3068217,Yukiko,Yoshizumi,3.0,1,0.0,3.0,Languages
VGVhY2hlci0yMzAzMTIy,2303122,Bence,Viola,4.2,9,77.7778,3.2,Anthropology
VGVhY2hlci0zMDAwMjIx,3000221,Yasaman ,Rohanifar,4.7,6,83.3333,2.5,Computer Science
VGVhY2hlci0yODg1MjA5,2885209,Mike,Xue,5.0,5,100.0,2.4,Engineering
VGVhY2hlci0yODY5Njk3,2869697,Wayne,Adlam,5.0,4,100.0,3.0,Business
VGVhY2hlci0yOTE5OTYy,2919962,Scott, Schwartz,1.0,1,0.0,3.0,Art History
VGVhY2hlci0yODgxMTQ0,2881144,Ariana,Giuliano,5.0,2,100.0,3.0,Psychology
VGVhY2hlci0yODk5NTI5,2899529,Santiago,Tammaro,2.0,1,0.0,2.0,Biology
VGVhY2hlci0yMTg2ODU3,2186857,Keith,Adamson,5.0,4,100.0,2.5,Social Work
VGVhY2hlci0yNDEyMzU1,2412355,Josiane,Loui,3.3,7,57.1429,3.9,Languages
VGVhY2hlci0yOTE1MTc3,2915177,Maya,El Helou,5.0,1,100.0,1.0,Anthropology
VGVhY2hlci0yOTIyNzY0,2922764,Gavin, Hurd,3.1,11,45.4545,3.4,Mathematics
VGVhY2hlci0zMDY1Njg1,3065685,Tj,Yi,4.0,1,100.0,2.0,Science
VGVhY2hlci0yODE1NjQx,2815641,Roya,Ghahreman,5.0,1,100.0,2.0,Physics
VGVhY2hlci0zMDUyMzg5,3052389,Carla ,Moore ,1.0,2,0.0,5.0,Business
VGVhY2hlci0zMDY0NzA0,3064704,Mohammad,Hodaei,1.0,1,0.0,4.0,Engineering
VGVhY2hlci0yNTc5MDkx,2579091,Steve,Joordens,2.1,19,31.5789,3.7,Psychology
VGVhY2hlci0zMDM3MDI1,3037025,Swetaprovo,Chaudhuri,4.3,3,100.0,3.7,Aerospace Studies
VGVhY2hlci0zMDYyNzU5,3062759,Nicolas,Inostroza,1.0,1,0.0,1.0,Business
VGVhY2hlci0yODU1Mjkx,2855291,Luis,Jacobs,1.0,6,0.0,2.7,Architecture
VGVhY2hlci0zMDQ5OTI0,3049924,Andrea,Levinstein-Rodriguez,1.0,2,0.0,4.5,Languages
VGVhY2hlci0yNTA2MTIz,2506123,Sunita,Guyadeen,2.1,7,28.5714,3.3,International Studies
VGVhY2hlci0yOTkzMzQz,2993343,Howard,Ho,5.0,3,100.0,3.0,Engineering
VGVhY2hlci0zMDYxNzg0,3061784,Jack,Cunningham,1.0,1,0.0,5.0,History
VGVhY2hlci0zMDYxMDUz,3061053,Kanika,Lawton,5.0,1,100.0,3.0,"Arts, Culture & Media"
VGVhY2hlci0yODI4ODM0,2828834,Kylie,Caraway,3.8,8,62.5,3.5,"Arts, Culture & Media"
VGVhY2hlci0yMjU2ODMz,2256833,Ramez,Bishara,5.0,5,100.0,4.0,Humanities
VGVhY2hlci0yOTcyNzc1,2972775,Angela,Bernuy,5.0,1,100.0,3.0,Computer Science
VGVhY2hlci0zMDU5ODU4,3059858,John,Meehan,3.0,1,100.0,2.0,History
VGVhY2hlci0yODg1MTQy,2885142,Ruth,Isserlin,5.0,1,100.0,1.0,Biology
VGVhY2hlci0yOTU1OTQz,2955943,Suzanne,Edworthy,5.0,1,100.0,1.0,"Arts, Culture & Media"
VGVhY2hlci0yMTM5MTE1,2139115,Shafi,Bhuiyan,5.0,63,98.4127,2.5,Health Science
VGVhY2hlci0yMzU4MTU4,2358158,Cathie,Sutton,2.0,2,0.0,4.5,Anthropology
VGVhY2hlci0yOTM3OTg3,2937987,Rahul ,Krishnan,2.1,7,28.5714,4.4,Computer Science
VGVhY2hlci0yMTQ3ODMw,2147830,Anwar,Husain,5.0,3,100.0,2.3,Finance
VGVhY2hlci0zMDA2MTk0,3006194,Joo-Yup,Lee,5.0,3,100.0,1.7,History
VGVhY2hlci0zMDI5MDM2,3029036,Luis,Bothia,5.0,2,100.0,2.5,Engineering
VGVhY2hlci0zMDUzNDEw,3053410,ZIYI,LIU,1.0,1,100.0,3.0,Nursing
VGVhY2hlci0zMDUwODU1,3050855,Luis,Ardila,5.0,1,100.0,2.0,Engineering
VGVhY2hlci0zMDAzOTM3,3003937,Ismael ,Sierra,3.0,3,66.6667,4.7,Mathematics
VGVhY2hlci0yOTU0NDI1,2954425,Soomin,Kim,1.0,1,0.0,5.0,History
VGVhY2hlci0yODk0ODc5,2894879,Ritu,Sarpal,4.2,5,80.0,2.4,Biology
VGVhY2hlci0yOTkxNzg4,2991788,Alexander, Slamen,4.0,1,100.0,3.0,Mathematics
VGVhY2hlci0yODkwMDc5,2890079,Andrew,Cooper,5.0,24,100.0,2.3,Sociology
VGVhY2hlci0yNDQ1ODM4,2445838,John,Evjen,4.4,7,85.7143,3.0,Languages
VGVhY2hlci0xODA5NTQz,1809543,Callie,Callon,5.0,4,100.0,2.8,Religion
VGVhY2hlci0yNjMwNzAz,2630703,Zdenko,Mandusic,4.7,3,100.0,1.7,Languages
VGVhY2hlci0zMDUxMTE4,3051118,Leah,Montange,5.0,1,100.0,3.0,History
VGVhY2hlci0yOTc5Mzcy,2979372,Hadi,Ahmad,5.0,2,100.0,2.5,Accounting
VGVhY2hlci0zMDUwOTQx,3050941,Sonny,Sachdeva,5.0,1,100.0,5.0,Journalism
VGVhY2hlci0yOTQ0Nzg0,2944784,melisa,gumus,4.7,3,100.0,2.7,Psychology
VGVhY2hlci0yOTM1NzQ4,2935748,Nisma,Khan,3.0,2,50.0,3.5,Psychology
VGVhY2hlci0yMjM3OTEx,2237911,Tigran,Chalikian,2.1,11,27.2727,2.8,Science
VGVhY2hlci0yOTk2ODMx,2996831,Minhui,Yang,0.0,0,-1.0,0.0,Health Science
VGVhY2hlci0yODcyOTY3,2872967,Jenny,Wang,5.0,3,100.0,3.0,Information Science
VGVhY2hlci0yOTM4NTc5,2938579,Olga,Bountali,1.0,2,0.0,2.5,Management
VGVhY2hlci0yNjgwMDcx,2680071,Yvonne,O'reilly,1.5,2,0.0,2.0,Business
VGVhY2hlci0yOTczNTk0,2973594,Aleksandr,Berdnikov,2.0,2,0.0,4.0,Mathematics
VGVhY2hlci0yMDc3MTgz,2077183,Thomas,Saczkowski,5.0,4,100.0,1.8,Ethnic Studies
VGVhY2hlci0yODcyMjg1,2872285,Leo,Chou,4.3,3,66.6667,3.0,Engineering
VGVhY2hlci0yMjkyNzc1,2292775,Kingeon,Tsang,5.0,5,100.0,3.2,Mathematics
VGVhY2hlci0yOTM4MjUz,2938253,Stanton,Hudja,4.0,1,100.0,4.0,Economics
VGVhY2hlci0yNDE0MjM5,2414239,Charlie,Wall-Andrews,4.5,17,88.2353,2.6,Management
VGVhY2hlci0yOTgwOTM3,2980937,Natasha,Ali,1.0,1,0.0,3.0,Information Science
VGVhY2hlci0yOTIyMzM4,2922338,Wael ,Negm,5.0,1,100.0,4.0,Political Science
VGVhY2hlci0yODk2MzIx,2896321,James,Hong,1.8,5,20.0,2.8,Health Science
VGVhY2hlci0zMDMzMTg3,3033187,Paul,Cohen,3.0,1,100.0,3.0,History
VGVhY2hlci0zMDI1MzMz,3025333,Ariella ,Minden,2.0,2,50.0,3.5,Art History
VGVhY2hlci0zMDMxMzA1,3031305,Andreas,Winkler,5.0,1,100.0,5.0,Humanities
VGVhY2hlci0yOTc0MDU4,2974058,Magdalena,Cabaj,5.0,1,100.0,2.0,"Arts, Culture & Media"
VGVhY2hlci0yOTg1MzM2,2985336,Naomi,Matsuura,5.0,1,100.0,2.0,Engineering
VGVhY2hlci0yOTc4MDcy,2978072,Alan,Galey,5.0,2,100.0,3.0,Information Science
VGVhY2hlci0yODc1NjI0,2875624,Sebastian,Gherghe,4.9,14,92.8571,3.4,Mathematics
VGVhY2hlci0yOTU4NTc3,2958577,Chandni,Desai,2.3,3,33.3333,2.3,Humanities
VGVhY2hlci0zMDI2OTAx,3026901,Jiyuan,Lu,4.0,3,100.0,1.7,Mathematics
VGVhY2hlci0yOTIyNzkz,2922793,Andy,Ramirez-Cote,1.0,4,0.0,4.5,Mathematics
VGVhY2hlci0yOTE5MTEw,2919110,Brian,Silverman,5.0,2,100.0,1.5,Management
VGVhY2hlci0yOTIxOTI1,2921925,Joaquin,Sanchez Garcia,5.0,1,100.0,5.0,Mathematics
VGVhY2hlci0zMDIzMjI2,3023226,Eric,Cui,2.0,1,0.0,3.0,Psychology
VGVhY2hlci0yODc2NDA0,2876404,Matthew,Walton,4.3,12,83.3333,2.9,Political Science
VGVhY2hlci0yMjU2MzA4,2256308,Radhakrishnan,Mahadevan,2.5,6,33.3333,3.5,Engineering
VGVhY2hlci0xMDYwMzA3,1060307,Sev,Perelman,4.8,4,100.0,3.8,Medicine
VGVhY2hlci0zMDIyMTE3,3022117,Rim,Fathallah,5.0,1,100.0,3.0,Architecture
VGVhY2hlci0zMDIwMjQ5,3020249,Jasleen ,Singh,0.0,0,-1.0,0.0,English
VGVhY2hlci0zMDIxNDM1,3021435,Lauren,Nurse,1.0,1,0.0,4.0,Fine Arts
VGVhY2hlci0zMDIxMzky,3021392,Jida,Jaffran,1.0,1,0.0,2.0,Psychology
VGVhY2hlci0yNzEzNTE5,2713519,Zoe,Anthony,3.6,5,60.0,3.0,Philosophy
VGVhY2hlci0zMDIxMTA3,3021107,Christopher,Macgowan,1.0,1,0.0,2.0,Physics
VGVhY2hlci0zMDE5ODk5,3019899,Yupeng,zhang,5.0,1,100.0,1.0,Science
VGVhY2hlci0yMTMwNDc2,2130476,Robert,Irish,3.8,6,80.0,3.2,Engineering
VGVhY2hlci0yOTg5MDc0,2989074,Harvey,Nicholson Jr,2.5,2,0.0,4.5,Sociology
VGVhY2hlci0yODkwNDg1,2890485,Sandy,Lee,4.9,18,100.0,2.1,Science
VGVhY2hlci0xODgxMTMy,1881132,Olga,Tararova,3.7,9,75.0,3.2,Languages
VGVhY2hlci0zMDEyNDIz,3012423,Jiarui,Li,5.0,2,100.0,2.5,Psychology
VGVhY2hlci0yOTUzMjY3,2953267,RJ Dwayne,Miller,1.4,5,0.0,4.0,Chemistry
VGVhY2hlci0zMDE3NTI2,3017526,Zeana,Hamdonah,0.0,0,-1.0,0.0,Physical Education
VGVhY2hlci0zMDEyODA0,3012804,David,Chemhuru,3.0,1,0.0,4.0,History
VGVhY2hlci0yOTE5NTQx,2919541,Katarzyna,Odziemkowska,4.0,1,100.0,2.0,Business
VGVhY2hlci0yOTg4MjQ4,2988248,Susan,Dupej,4.0,2,50.0,3.0,Geography
VGVhY2hlci0yOTU4MDg1,2958085,Malors ,Lara,5.0,2,100.0,4.5,Mathematics
VGVhY2hlci0zMDA2MTI4,3006128,Christina ,Katsougiannopoulou,5.0,1,100.0,3.0,Art History
VGVhY2hlci0yOTgxMzQx,2981341,Kevin,Park,1.0,1,0.0,4.0,Engineering
VGVhY2hlci0yNjcxMDM1,2671035,Robert,Vipond,2.3,14,28.5714,3.7,Political Science
VGVhY2hlci0yOTM0MjM1,2934235,Lauren,Bathurst,1.7,9,22.2222,3.6,Biochemistry
VGVhY2hlci0yOTgwNzQ3,2980747,Apala,Das,2.0,4,25.0,3.5,English
VGVhY2hlci0yOTk2MDc3,2996077,Dan,Trefler,5.0,2,100.0,2.5,Economics
VGVhY2hlci0yOTk5NDg0,2999484,Dashiel,Elhauge,2.0,1,0.0,5.0,Computer Science
VGVhY2hlci0yOTIxNzQx,2921741,Michael,Baker,4.0,1,100.0,4.0,Economics
VGVhY2hlci0yODg4MjMw,2888230,Chengmin,Xu,5.0,6,100.0,2.7,Political Science
VGVhY2hlci0yOTkxMzQ2,2991346,Daniel,Chung,2.0,1,0.0,3.0,Architecture
VGVhY2hlci0yMTEzMjkz,2113293,Stephen,Pastore,5.0,5,100.0,2.4,Biology
VGVhY2hlci0yOTk4NTQw,2998540,Valentina,Castellini,2.0,1,0.0,2.0,Women's Studies
VGVhY2hlci0yOTk4MzA5,2998309,Anthony,Wong,5.0,1,100.0,3.0,Science
VGVhY2hlci0zMDAxMjM1,3001235,Ziheng,Lin,5.0,1,0.0,5.0,Engineering
VGVhY2hlci0yOTY1MTA2,2965106,Tovi,Grossman,5.0,1,100.0,3.0,Computer Science
VGVhY2hlci0yOTk5NzI5,2999729,Xincheng ,Zhang,0.0,0,-1.0,0.0,Mathematics
VGVhY2hlci0yOTc1ODQ4,2975848,Fouad,Oveisy,3.7,3,66.6667,1.7,English
VGVhY2hlci0yOTI4ODMw,2928830,Demetres,Kostas,2.5,4,25.0,3.8,Computer Science
VGVhY2hlci0yNzY1MDM4,2765038,Donald,Kirk,3.3,3,100.0,4.3,Engineering
VGVhY2hlci0yOTg1NTkw,2985590,Harvey,Nicholson,2.0,1,0.0,4.0,Sociology
VGVhY2hlci0yOTgxMzI2,2981326,Michael,MacPherson,4.0,7,71.4286,4.0,Chemistry
VGVhY2hlci0yODI1Mzg5,2825389,Esam,Mahdi,2.4,15,40.0,3.9,Mathematics
VGVhY2hlci0yOTg1MTQx,2985141,Mohammad,Vasfi,5.0,1,100.0,3.0,Mathematics
VGVhY2hlci0yNzIxODUy,2721852,Shenella,Charles,2.0,3,33.3333,3.0,History
VGVhY2hlci0yOTgyMTky,2982192,Dr. Fouâd ,Oveisy,5.0,1,100.0,1.0,English
VGVhY2hlci0yOTM1NDAy,2935402,Hendrickson,Sa'diyya,4.0,4,75.0,3.3,Engineering
VGVhY2hlci0yOTE3OTYx,2917961,Michael,Miller,3.0,3,33.3333,3.0,Philosophy
VGVhY2hlci0yOTgxNDMy,2981432,Abbey ,Nydam,5.0,1,100.0,3.0,Psychology
VGVhY2hlci0yNTY0NTE0,2564514,Vivian,Lee,3.5,2,50.0,3.0,Architecture
VGVhY2hlci0yOTE5MjA4,2919208,Oded,Oron,5.0,1,100.0,2.0,Political Science
VGVhY2hlci0yODg3NTEy,2887512,Sidi Mohamed,Beillahi,1.0,3,0.0,4.0,Computer Science
VGVhY2hlci0yODIwODEx,2820811,Malcolm,Ramsay,2.0,1,0.0,2.0,Anthropology
VGVhY2hlci0yOTc4OTg1,2978985,Margot,Lystra,1.0,1,0.0,4.0,Architecture
VGVhY2hlci0yOTc4NzQz,2978743,Rebecca,Bleich,5.0,1,100.0,1.0,History
VGVhY2hlci0yOTUyNzg5,2952789,Carrie,Reese,5.0,2,100.0,3.0,Film
VGVhY2hlci0yODk2NTU5,2896559,Diana,Sanchez,5.0,1,100.0,2.0,Film
VGVhY2hlci0yNDgzMTkx,2483191,Giulio,Tiozzo,5.0,3,100.0,2.0,Mathematics
VGVhY2hlci0yOTU0NTQ1,2954545,Colin,Raffel,5.0,1,100.0,3.0,Computer Science
VGVhY2hlci0yODg3ODc4,2887878,Ziteng,Cheng,1.3,18,5.5556,4.6,Mathematics
VGVhY2hlci0xNjYwNjcx,1660671,Michael,Saini,4.3,4,100.0,2.3,Social Work
VGVhY2hlci0yOTMwMTc1,2930175,David,Liu,5.0,1,100.0,1.0,Computer Science
VGVhY2hlci0yOTY5MTUx,2969151,Adam,Hincks,5.0,2,100.0,2.5,Physics
VGVhY2hlci0yOTE0MTUx,2914151,Jon,Abbatt,5.0,2,100.0,2.0,Chemistry
VGVhY2hlci0yODYxNTgx,2861581,Aephraim,Steinberg,4.0,4,75.0,3.3,Physics
VGVhY2hlci0yNTAyMTI0,2502124,Joyce,Chen,2.0,1,0.0,4.0,Physical Education
VGVhY2hlci0xOTAyOTY2,1902966,Marshall,Chasin,3.3,2,0.0,2.0,Languages
VGVhY2hlci0yODg4NDM1,2888435,Haissi,Cui,1.8,5,0.0,3.6,Chemistry
VGVhY2hlci0yOTUzMzA2,2953306,Tyler,King,5.0,1,100.0,3.0,Criminal Justice
VGVhY2hlci0yOTIwNTgw,2920580,Beverley,Mullings,4.0,3,66.6667,3.0,Geography
VGVhY2hlci0yODcwNTEz,2870513,Yinnon,Geva,2.0,1,0.0,3.0,Geography
VGVhY2hlci0yOTM2MTQ3,2936147,vittorio ,Bottini ,4.7,3,100.0,3.0,Classics
VGVhY2hlci0yODkwNzU3,2890757,Leo,Jiang,1.0,5,0.0,4.8,Mathematics
VGVhY2hlci0yOTUxNTg5,2951589,Michelle ,Cameron,5.0,1,100.0,1.0,Anthropology
VGVhY2hlci0yOTQ3Njc0,2947674,Ken,McNeilly,5.0,3,100.0,2.3,Education
VGVhY2hlci0yOTU2MDUy,2956052,Owen ,Meunier,5.0,1,100.0,3.0,Languages
VGVhY2hlci0xODEwMDg0,1810084,Trevor,Cook,4.7,3,100.0,2.3,English
VGVhY2hlci0yOTQ3Mjgw,2947280,Dianne,Hurdle,1.0,2,0.0,3.0,Languages
VGVhY2hlci0yNzI1MTQz,2725143,Murari,Singh,1.2,23,0.0,4.4,Mathematics
VGVhY2hlci0yOTQyMzM0,2942334,Noor,Attar,3.0,1,0.0,5.0,Biology
VGVhY2hlci0xOTAyOTU2,1902956,Erich,Vogt,2.5,17,40.0,3.3,Environment
VGVhY2hlci0yMzkxODMy,2391832,Nayana,Reiter,3.8,5,80.0,2.4,Accounting
VGVhY2hlci0yODI4NDc1,2828475,Alvin,Sukmadji,3.0,2,50.0,4.0,Engineering
VGVhY2hlci0yOTIxOTE5,2921919,Mary,Saudelli,5.0,2,100.0,3.0,Education
VGVhY2hlci0yODY1MjY2,2865266,Ayca ,Koseoglu,4.0,1,100.0,3.0,Architecture
VGVhY2hlci0yOTI1MTQ0,2925144,Eric,Shoemaker,5.0,1,100.0,2.0,Philosophy
VGVhY2hlci0yOTEzMzY1,2913365,Paul,Bloom,3.5,4,50.0,3.3,Psychology
VGVhY2hlci0yMjA1MTk3,2205197,David,Nieborg,4.8,15,100.0,2.5,"Arts, Culture & Media"
VGVhY2hlci0yOTIwMTcw,2920170,Barnabas,Emenogu,1.0,1,0.0,4.0,Education
VGVhY2hlci0yOTIwMDE5,2920019,Katharina,Logan,5.0,1,100.0,1.0,Languages
VGVhY2hlci0xNzQ5MDMw,1749030,Alan,Bruder,5.0,1,100.0,4.0,Law
VGVhY2hlci0yOTE3MDEz,2917013,Mohammad,Amin,5.0,3,100.0,1.7,Management
VGVhY2hlci0yODc3NjA3,2877607,Neda,Todorovic,2.3,6,33.3333,2.7,Languages
VGVhY2hlci0yODg4MjI3,2888227,Neekoo,Collett,3.5,2,50.0,3.5,Political Science
VGVhY2hlci0yNjc0MTkx,2674191,Joseph,Shaw,2.8,4,25.0,3.5,Finance
VGVhY2hlci0yMzUwNzQ2,2350746,Remi,Daviet,3.3,3,66.6667,3.7,Economics
VGVhY2hlci0yNjYxNzgw,2661780,Matthew,Da Mota,5.0,2,100.0,3.0,Humanities
VGVhY2hlci0yOTA4ODY3,2908867,Jillian,Sunderland,5.0,1,100.0,3.0,Sociology
VGVhY2hlci0yOTA4NDc3,2908477,Shane,Lynn,4.0,1,100.0,4.0,History
VGVhY2hlci0yOTAzMjk0,2903294,Tommaso,Alba,1.0,1,0.0,5.0,Economics
VGVhY2hlci0yODk5NTQx,2899541,Jason,Matthews,2.0,1,0.0,3.0,Pharmacology
VGVhY2hlci0yODk5NDA4,2899408,Massimiliano ,Meneghin,4.0,1,100.0,4.0,Computer Science
VGVhY2hlci0yNzM1NDA2,2735406,Patrick,James,3.3,7,57.1429,1.6,Environment
VGVhY2hlci0yODg1MjI3,2885227,Juliana,Vantellingen,5.0,1,100.0,3.0,Biology
VGVhY2hlci0yODgwMTA3,2880107,Marieme ,Lo,4.0,2,100.0,3.0,Women's Studies
VGVhY2hlci0yODI0Mzc5,2824379,Katie,Davis,2.0,6,0.0,3.3,History
VGVhY2hlci0yNDY5MDM5,2469039,Scott,Richmond,3.0,3,66.6667,5.0,Arts Culture amp Media
VGVhY2hlci0yODA4NTM3,2808537,Giuseppe,Castellano,5.0,2,100.0,3.0,Classics
VGVhY2hlci0yNjgxMDE0,2681014,John,Summers,5.0,2,100.0,3.0,Information Science
VGVhY2hlci0yODg3ODcy,2887872,Wenyu,Phan,4.0,1,100.0,2.0,Mathematics
VGVhY2hlci0yODcyODQw,2872840,Karen,Maxwell,1.0,1,0.0,5.0,Biochemistry
VGVhY2hlci0yMTA4Njk4,2108698,Cristiana,Amza,2.3,7,33.3333,3.7,Engineering
VGVhY2hlci0yNzM3Mjg2,2737286,Sadie,Hochman-Ruiz,1.5,2,0.0,4.5,Music
VGVhY2hlci0yODgzOTcz,2883973,Regina,Hartwick,1.0,1,0.0,2.0,Social Science
VGVhY2hlci0xMDM4ODg3,1038887,Greg,Evans,4.3,4,100.0,2.5,Engineering
VGVhY2hlci0yODc1MDM4,2875038,Abderrahmane,Abbou,1.0,2,0.0,4.5,Engineering
VGVhY2hlci0yNzA1MTI1,2705125,Kareem,Roberts,5.0,1,100.0,3.0,Communication
VGVhY2hlci0xMTU1ODI3,1155827,William,Huggins,4.3,18,100.0,3.1,Business
VGVhY2hlci0yNDQwOTUz,2440953,Adrian,Yee,3.0,2,50.0,4.5,Philosophy
VGVhY2hlci0yODc0NzI1,2874725,Fae ,Amiro,5.0,1,100.0,2.0,Classics
VGVhY2hlci0yODczMjA4,2873208,Emilie,Garan,0.0,0,-1.0,0.0,Communication
VGVhY2hlci0yODY3ODQ0,2867844,Carolyn,Cummins,5.0,1,100.0,4.0,Pharmacology
VGVhY2hlci0yODY3ODUy,2867852,Hong-Shuo,Sun,5.0,1,100.0,1.0,Pharmacology
VGVhY2hlci0yODY2MzM2,2866336,Esmat,Elhalaby,5.0,1,100.0,2.0,Anthropology
VGVhY2hlci0yODY1NjA5,2865609,Frances ,Wong,2.0,1,0.0,4.0,Biology
VGVhY2hlci0yNjUzMjQy,2653242,Mathew,Mercuri,2.8,4,50.0,3.0,Philosophy
VGVhY2hlci04NTQwNDk=,854049,Carol,Chin,4.5,8,80.0,3.1,History
VGVhY2hlci0yODAwNzMx,2800731,Peter,Sekyere,3.0,1,0.0,3.0,Political Science
VGVhY2hlci0yMzM3NTg4,2337588,Ibi,Kaslik,1.0,1,0.0,5.0,English
VGVhY2hlci0yODIzMjM2,2823236,Robert,McMillan,1.0,1,0.0,5.0,Economics
VGVhY2hlci0yNzc5NTA2,2779506,Shelley,Falconer,2.6,9,44.4444,3.9,Information Science
VGVhY2hlci0yNDk3NDgz,2497483,Kevin,Vuong,3.8,4,75.0,2.8,Medicine
VGVhY2hlci0yNTAwMTU4,2500158,Michael,Seaton,4.8,4,100.0,3.5,Marketing
VGVhY2hlci0xOTE0NjEw,1914610,Peter,Sawchuk,4.9,5,100.0,3.0,Education
VGVhY2hlci0xNjU4ODQx,1658841,Cheryl,Cott,1.0,2,0.0,4.5,Health Science
VGVhY2hlci0yNjE5MTQ2,2619146,Anu,Muhonen,5.0,4,100.0,2.8,Languages
VGVhY2hlci0yNjYzNDQ3,2663447,Joshua,Lackman,2.4,8,25.0,3.6,Mathematics
VGVhY2hlci0yMzQ4MDcw,2348070,Bachour,Mary-Kay,4.3,4,75.0,2.3,Geography
VGVhY2hlci0yNDEwMDc0,2410074,Sara,Galli,5.0,21,100.0,2.5,Languages
VGVhY2hlci0yNzI1ODMy,2725832,Kate,Duan,1.0,1,0.0,5.0,Mathematics
VGVhY2hlci0yMTA0Njgw,2104680,Laura,Sikstrom,2.9,5,50.0,3.6,Anthropology
VGVhY2hlci0yNjg2MDUz,2686053,Belinda,Piercy,5.0,1,100.0,2.0,Philosophy
VGVhY2hlci0yNzA0OTcy,2704972,Stanley,Subrata,3.0,4,50.0,4.5,Economics
VGVhY2hlci0yNTY3NDI4,2567428,Cassie,Brownell,1.0,1,0.0,1.0,Education
VGVhY2hlci0yNTU5OTU3,2559957,Keegan,Selig,3.0,5,60.0,2.4,Anthropology
VGVhY2hlci0yNzYxOTMw,2761930,Noor,Al-Attar,5.0,1,100.0,4.0,Science
VGVhY2hlci0yNzUyOTU2,2752956,James,Wells,1.0,1,0.0,5.0,Science
VGVhY2hlci0yNzUyOTU0,2752954,Lisa,Dolovich,2.0,1,0.0,3.0,Pharmacology
VGVhY2hlci0yMzM0MTI3,2334127,Sidhartha,Goyal,5.0,1,100.0,4.0,Physics
VGVhY2hlci0yNjg5MjAy,2689202,James,Allen,1.0,1,0.0,2.0,Philosophy
VGVhY2hlci0yNzM1NDM0,2735434,Lennart,Doppenschmitt,2.0,1,0.0,3.0,Engineering
VGVhY2hlci0xODY4MDE0,1868014,Vince,Pranjivan,3.2,8,100.0,3.3,Accounting
VGVhY2hlci0yNzIwNzUy,2720752,Kat,Furtado,5.0,1,100.0,3.0,Languages
VGVhY2hlci0yMzEzMjYw,2313260,Gillian,Einstein,5.0,1,100.0,4.0,Women's Studies
VGVhY2hlci0xOTkzOTQy,1993942,Charu,Bhaneja,2.2,14,66.6667,4.4,History
VGVhY2hlci0yNTE0MDc0,2514074,Etye,Steinberg,4.3,3,66.6667,4.0,Philosophy
VGVhY2hlci0yNjUwMDc5,2650079,Bernard,Feder,4.0,3,66.6667,3.0,Business
VGVhY2hlci0yNjk2NzI2,2696726,John,Van,1.0,3,0.0,5.0,English
VGVhY2hlci0yNjk0Mzg0,2694384,Vando,John,1.0,1,0.0,5.0,English
VGVhY2hlci0yNDI5OTQz,2429943,Selina,Wu,4.1,15,80.0,2.6,Geology
VGVhY2hlci0yNjE5NTU0,2619554,aedan,li,4.3,3,100.0,3.7,Psychology
VGVhY2hlci0yMjgzNjM2,2283636,Larissa,Richards,2.4,14,35.7143,3.4,Mathematics
VGVhY2hlci0yMjgyMDgw,2282080,Damian,Melamedoff,3.0,1,0.0,3.0,Philosophy
VGVhY2hlci0yNDM5OTIx,2439921,Daniel,Simpson,1.4,5,0.0,4.0,Mathematics
VGVhY2hlci0yMjAwOTMx,2200931,Catherine,Lamaison,5.0,3,100.0,3.0,Languages
VGVhY2hlci0yNjc4MjE3,2678217,Sabrina,Zhang,1.0,1,0.0,5.0,Communication
VGVhY2hlci0xNzMyNDA3,1732407,Kunal,Dasgupta,3.4,8,80.0,2.4,Economics
VGVhY2hlci0xOTM5MDY5,1939069,Brent,Miles,5.0,2,100.0,3.0,Literature
VGVhY2hlci0yNjE4MDY3,2618067,Brett,Cochrane,5.0,2,100.0,3.5,Psychology
VGVhY2hlci0yMjY4NzI3,2268727,Adil,Mansure,1.0,3,0.0,3.3,Architecture
VGVhY2hlci0yNTQ1MDAw,2545000,Kenneth,Duggan,3.5,2,50.0,2.5,History
VGVhY2hlci0yMTExNDY2,2111466,Marie-Emilie,Masson,3.7,3,50.0,3.0,Languages
VGVhY2hlci0xMDMxNDQ0,1031444,David,Goldstein,4.8,3,100.0,2.0,Psychology
VGVhY2hlci0yNTE5MDA5,2519009,Dan,Ryan,4.5,2,100.0,2.5,Information Science
VGVhY2hlci0yNTczODMz,2573833,Isabelle,Massicotte,5.0,1,100.0,2.0,Languages
VGVhY2hlci0yNjI1NTI4,2625528,Ehsan,Noei,5.0,1,100.0,4.0,Computer Science
VGVhY2hlci0xMDA1Mjgy,1005282,Dan,Dolderman,4.3,4,100.0,3.5,Psychology
VGVhY2hlci0yMzIxMzM4,2321338,Sasha,Gorjeltchan,2.7,3,33.3333,4.0,Art History
VGVhY2hlci0yMjc0NDMy,2274432,Mark,Fortney,3.7,3,66.6667,3.7,Philosophy
VGVhY2hlci0yMzgwNzY1,2380765,Lawrence,Williams,4.0,18,72.2222,3.5,Sociology
VGVhY2hlci0yNTI1MDA0,2525004,Syed,Ahmed,5.0,2,100.0,4.0,Computer Science
VGVhY2hlci0yNjExOTgz,2611983,Tony,Harris,5.0,1,100.0,3.0,Management
VGVhY2hlci0yNTkwNTUw,2590550,Anna,Frolova,4.0,1,100.0,4.0,Languages
VGVhY2hlci0yMjQ1NDUy,2245452,Karol,Czuba,2.7,3,33.3333,2.7,Political Science
VGVhY2hlci0yNTgyMDcz,2582073,Wendy,Luo,4.3,16,93.75,3.7,Languages
VGVhY2hlci0yNDUzMDkz,2453093,Amir,Ashouri,4.8,4,100.0,4.3,Computer Science
VGVhY2hlci0yMjc0NDM2,2274436,Benjamin,Wald,3.2,14,57.1429,3.5,Philosophy
VGVhY2hlci0yNTgwNTMy,2580532,Barry,Sampson,1.0,1,0.0,3.0,Architecture
VGVhY2hlci0yNTc3MjI5,2577229,CC,Gadza,5.0,1,100.0,4.0,Economics
VGVhY2hlci0yNTM4MTQ1,2538145,Zhengyu,Li,4.5,4,75.0,3.3,Mathematics
VGVhY2hlci0yMzI1OTUx,2325951,Pushpa,Acharya,3.5,2,50.0,3.0,History
VGVhY2hlci0yNTE1MTk2,2515196,Casey,Jao,3.0,2,0.0,4.0,Mathematics
VGVhY2hlci0yNTU3NzEy,2557712,Olga,Kaminer,3.0,1,0.0,3.0,Business
VGVhY2hlci0yNDcxNzI0,2471724,Richard,Derryberry,1.9,8,25.0,4.5,Mathematics
VGVhY2hlci0yMzM2OTk5,2336999,David,Punzalan,4.2,5,80.0,2.2,Biology
VGVhY2hlci0yMTcwODU2,2170856,Marco,Lettieri,5.0,6,100.0,3.2,Languages
VGVhY2hlci0xODcxMDM4,1871038,Steven,Osiel,3.8,6,100.0,3.7,Business
VGVhY2hlci0yMjY2NTk4,2266598,Toniann,Pitassi,2.0,3,33.3333,4.0,Computer Science
VGVhY2hlci0yMTEyMTM5,2112139,Andrew,Meyertholen,4.9,25,100.0,2.3,Physics
VGVhY2hlci0xODg5OTk2,1889996,Robert,Robere,5.0,3,100.0,3.0,Computer Science
VGVhY2hlci0yNDk3NDg0,2497484,Richard,Foty,3.0,1,0.0,3.0,Medicine
VGVhY2hlci0yMjg4NDAz,2288403,Ozgur,Esentepe,4.0,6,66.6667,3.8,Mathematics
VGVhY2hlci0yMTM2MzY1,2136365,Robert,Jerrard,3.8,6,80.0,3.2,Mathematics
VGVhY2hlci0yMTgyNjg0,2182684,Caitlin,Burton,2.9,9,44.4444,4.2,Psychology
VGVhY2hlci0yNDAwOTE3,2400917,Matteo,Brera,5.0,1,100.0,4.0,Humanities
VGVhY2hlci0yMjgxNTI5,2281529,Xiao,Han,5.0,1,100.0,3.0,Environment
VGVhY2hlci0yMDQ1MjAw,2045200, Abdallah,Farraj,5.0,4,100.0,3.5,Computer Science
VGVhY2hlci0xNDUxNjgx,1451681,Kathy,Voltan,3.8,4,50.0,2.3,Humanities
VGVhY2hlci0yMzI0MjYx,2324261,Amanda,Sherman,2.2,9,33.3333,4.0,Psychology
VGVhY2hlci0yMTcyMTAx,2172101,Angelina,Paolozza,3.7,8,50.0,3.9,Psychology
VGVhY2hlci0yMzI3OTQx,2327941,Iska,Moxon-Emre,4.6,7,85.7143,3.2,Psychology
VGVhY2hlci0yMzg4Njc1,2388675,Travis,Ens,5.0,1,100.0,4.0,Mathematics
VGVhY2hlci0yMjQ0OTM4,2244938,Caitlin,Hines,4.5,2,100.0,2.5,Classics
VGVhY2hlci0yMzY0NTEw,2364510,Guillermo,Verdecchia,2.5,2,50.0,3.5,Theater
VGVhY2hlci0yMTg2ODU2,2186856,Jim,Cullen,5.0,2,100.0,2.5,Social Work
VGVhY2hlci0xODMzMTY2,1833166,Mariana,Mota Prado,3.0,2,0.0,2.0,Law
VGVhY2hlci0yMzQ0MzI2,2344326,Chris,Damaren,5.0,1,100.0,3.0,Aerospace Studies
VGVhY2hlci0yMzQxNjI1,2341625,Yona,Lunsky,1.0,1,0.0,5.0,Psychology
VGVhY2hlci0yMjg4NjYw,2288660,Patrick,Jachyra,5.0,1,100.0,2.0,Physical Education
VGVhY2hlci0yMzEyMjUz,2312253,Kai,Arzheimer,5.0,1,100.0,3.0,Political Science
VGVhY2hlci0yMjQ0NzIz,2244723,Janice,Boddy,3.0,1,100.0,2.0,Anthropology
VGVhY2hlci0yMzAzMDk4,2303098,Jessika,Tremblay,5.0,1,100.0,3.0,Anthropology
VGVhY2hlci0yMTc0NTYy,2174562,Julia,Gamble,4.0,1,100.0,4.0,Anthropology
VGVhY2hlci0yMjY3NDE1,2267415,Anna,Kramer,1.5,2,0.0,3.5,Geography
VGVhY2hlci0yMjQ4MTQ2,2248146,Nicolas,Barrette,5.0,2,100.0,3.5,Architecture
VGVhY2hlci0yMjc1ODA0,2275804,Lewis,Kale,4.0,1,100.0,3.0,Social Science
VGVhY2hlci0yMjcxODY2,2271866,Peter,Rutherford,5.0,1,100.0,3.0,Computer Science
VGVhY2hlci0yMjQwMzI4,2240328,Nicole,Charles,5.0,1,100.0,4.0,Women's Studies
VGVhY2hlci0yMjI1MTc0,2225174,Andrew,Tilley,5.0,2,100.0,3.5,Chemistry
VGVhY2hlci0yMjE2NjYy,2216662,David,Ruggiero,4.5,2,100.0,2.5,Engineering
VGVhY2hlci0yMDY2NzA0,2066704,Maria,Brosius,3.4,4,0.0,2.8,History
VGVhY2hlci0xNjg3NzI4,1687728,Amir,Manbachi,5.0,14,100.0,2.3,Engineering
VGVhY2hlci0yMTU5Nzgz,2159783,Konstantinos,Papazoglou,5.0,1,100.0,4.0,Psychology
VGVhY2hlci0yMDk0ODU2,2094856,Ryan,Hall,4.5,3,100.0,2.3,History
VGVhY2hlci0yMDI0NzI2,2024726,Michael,Donnelly,5.0,2,-1.0,2.5,English
VGVhY2hlci0yMTEzMjU0,2113254,Marc,Solby,4.5,1,-1.0,3.0,Business
VGVhY2hlci0yMDc0OTc5,2074979,Pradeep,Kumar,4.5,1,-1.0,4.0,Economics
VGVhY2hlci0yMDA3MzY5,2007369,Daniel,Rowe,4.8,2,-1.0,2.5,Mathematics
VGVhY2hlci0yMDQ2MTkz,2046193,Cara,Orzech,2.5,1,-1.0,4.0,Accounting
VGVhY2hlci0xNzQ4MDYy,1748062,Charles,Repp,4.2,9,-1.0,2.8,Philosophy
VGVhY2hlci0xODM1ODQx,1835841,Rawya,Tousson,4.8,2,-1.0,2.0,Languages
VGVhY2hlci0xOTAyOTU4,1902958,Astrida,Neimenis,4.0,3,-1.0,3.0,Women's Studies
VGVhY2hlci0xMDA0MTU0,1004154,Brookes,Sommerville,4.3,6,-1.0,2.8,Philosophy
VGVhY2hlci0xOTE5MzE3,1919317,Foguni,Gugugi,2.0,1,-1.0,1.0,Design
VGVhY2hlci0xOTE4OTQw,1918940,Hélène,Desgagnés,3.0,1,-1.0,3.0,Economics
VGVhY2hlci0xNzMxNjQ3,1731647,Claudio,Palomares,4.5,2,-1.0,2.5,Languages
VGVhY2hlci0xOTA0NDA3,1904407,Alex,Mihailidis,5.0,1,-1.0,1.0,Engineering
VGVhY2hlci0xODc1MzIx,1875321,Kyle,Anstey,1.0,2,-1.0,4.5,Philosophy
VGVhY2hlci0xNjY2NTc5,1666579,Barrett,Spencer,3.8,2,-1.0,2.0,Biology
VGVhY2hlci0xODM1NTgz,1835583,Thom,Vernon,5.0,1,-1.0,3.0,Writing
VGVhY2hlci0xODEyNTA2,1812506,Mohammad,Shakourifar,5.0,2,-1.0,1.0,Computer Science
VGVhY2hlci0xODIzMDM4,1823038,Larysa,Kuzmenko,4.0,3,-1.0,2.0,Music
VGVhY2hlci0xODIzMDQ0,1823044,Mary Ann,Parker,1.5,1,-1.0,5.0,Music
VGVhY2hlci0xODA2MzY4,1806368,Meysam,Zargham,5.0,1,-1.0,3.0,Engineering
VGVhY2hlci0xNzUyMzUz,1752353,Gabriel,Placienza,1.0,2,-1.0,3.0,Engineering
VGVhY2hlci0xNzUzNzA4,1753708,Syed,Hussain,5.0,1,-1.0,3.0,Religion
VGVhY2hlci0xMTg0NDUy,1184452,Sandra,Bucerius,5.0,2,-1.0,3.0,Criminal Justice
VGVhY2hlci0xNzAyNzQw,1702740,Jane,Wolff,4.0,1,-1.0,3.0,Architecture
VGVhY2hlci0xNDMyMDEx,1432011,Ella,Soper-Jones,5.0,2,-1.0,2.0,English
VGVhY2hlci01MjE2MDc=,521607,Dina,Georgis,5.0,1,-1.0,4.0,Women's Studies
VGVhY2hlci0xMjI1OTUx,1225951,John,Christopoulos,4.9,7,-1.0,3.0,Humanities
VGVhY2hlci0xMzEwMTAw,1310100,Charlotte,Youngson,5.0,2,-1.0,3.0,Biology
VGVhY2hlci0xNTY1MTY1,1565165,Peter,Tan,5.0,1,-1.0,1.0,Engineering
VGVhY2hlci04MzE3NTM=,831753,Peter,Benson,5.0,2,-1.0,2.5,Law
VGVhY2hlci05MDA2NzQ=,900674,Michael,Iwama,4.9,8,-1.0,2.8,Medicine
VGVhY2hlci05NzM2NTk=,973659,Laura,Rosella,5.0,1,-1.0,3.0,Statistics
VGVhY2hlci0yMTY5MTEw,2169110,Thomas,Reynolds,0.0,0,-1.0,0.0,Religion
VGVhY2hlci0yMDc2ODY4,2076868,Abdallah,Farraj,0.0,0,-1.0,0.0,Engineering
VGVhY2hlci0xNjUxNTYx,1651561,Christine,Bear,0.0,0,-1.0,0.0,Biochemistry
VGVhY2hlci0xNjI1NzQx,1625741,Leonard,Griffiths,0.0,0,-1.0,0.0,Law
VGVhY2hlci0zMTU2NjQx,3156641,Tyler ,Pennock,0.0,0,-1.0,0.0,Humanities
VGVhY2hlci0zMDc4NDAy,3078402,Matthew,Scarfone,0.0,0,-1.0,0.0,Philosophy
VGVhY2hlci0zMDc1NDE2,3075416,Ryan ,Stafford,0.0,0,-1.0,0.0,English
VGVhY2hlci0zMDcxODE1,3071815,Laura,Hare,0.0,0,-1.0,0.0,Religion
VGVhY2hlci0zMTYwMjgw,3160280,Natasha,Goel,0.0,0,-1.0,0.0,Political Science
VGVhY2hlci0zMDI4MDY4,3028068,Alice,Rolf,0.0,0,-1.0,0.0,Mathematics
VGVhY2hlci0zMDI2NjY2,3026666,Melissa,Bush,0.0,0,-1.0,0.0,Women's Studies
VGVhY2hlci0zMDI2MTE1,3026115,Ari,Finnsson,0.0,0,-1.0,0.0,History
VGVhY2hlci0zMDIyNTU4,3022558,Justin,Morris,0.0,0,-1.0,0.0,Humanities
VGVhY2hlci0zMDE2MzYw,3016360,Ira,Jacobs,0.0,0,-1.0,0.0,Physical Education
VGVhY2hlci0zMDQ1ODI5,3045829,Suzanne,Caderette,0.0,0,-1.0,0.0,Pharmacology
VGVhY2hlci0zMDMxMzU5,3031359,Tracey,Edelist,0.0,0,-1.0,0.0,Languages
VGVhY2hlci0zMTUyODE3,3152817,Pan,Chen,0.0,0,-1.0,0.0,Computer Science
VGVhY2hlci0zMTI1ODI5,3125829,Lijia,WANG,0.0,0,-1.0,0.0,Mathematics
VGVhY2hlci0zMTIzMTAy,3123102,Narmada,Varadarajan,0.0,0,-1.0,0.0,Mathematics
VGVhY2hlci0zMTIyNjcy,3122672,Delaram,Farzanfar,0.0,0,-1.0,0.0,Psychology
VGVhY2hlci0zMTIwODkz,3120893,Oliver ,Ernst,0.0,0,-1.0,0.0,Biochemistry
VGVhY2hlci0zMTIxMDU2,3121056,Jiazhou,Bi,0.0,0,-1.0,0.0,Information Science
VGVhY2hlci0zMTUzNjQz,3153643,Logan,Murphy,0.0,0,-1.0,0.0,Computer Science
VGVhY2hlci0zMTA2NjY4,3106668,Stuart,Stuart Campbell,0.0,0,-1.0,0.0,Accounting
VGVhY2hlci0zMTA0MzEz,3104313,Maria,Mendez-Gutierrez,0.0,0,-1.0,0.0,Political Science
VGVhY2hlci0zMTE5MTQ3,3119147,Oliver ,Pankratz,0.0,0,-1.0,0.0,Mathematics
VGVhY2hlci0zMTA4MTAw,3108100,Song,Jiang,0.0,0,-1.0,0.0,Languages
VGVhY2hlci0zMTA5NTgx,3109581,Kayla,akler,0.0,0,-1.0,0.0,Classics
VGVhY2hlci0yOTk1MjYy,2995262,Liang ,Chen,0.0,0,-1.0,0.0,Business
VGVhY2hlci0zMTU1MzAw,3155300,Sheryl,Lightfoot,0.0,0,-1.0,0.0,Political Science
VGVhY2hlci0zMDAxMDkx,3001091,Melissande,Tomcik,0.0,0,-1.0,0.0,Classics
VGVhY2hlci0zMDEwODUw,3010850,Valerie,Dube,0.0,0,-1.0,0.0,Medicine
VGVhY2hlci0zMDA2Njg5,3006689,jacqueline ,beaudry,0.0,0,-1.0,0.0,Health Science
VGVhY2hlci0zMTI5NTUy,3129552,Anna,Szakaly,0.0,0,-1.0,0.0,Languages
VGVhY2hlci0zMTQ3MTU5,3147159,Erin,Mick,0.0,0,-1.0,0.0,Film
VGVhY2hlci0zMTE3NDQ2,3117446,Maykal,Bailey,0.0,0,-1.0,0.0,Criminal Justice
VGVhY2hlci0zMTM3Mzg4,3137388,Jeremy,Ko,0.0,0,-1.0,0.0,Computer Science
VGVhY2hlci0zMTMzODQy,3133842,Michael,Jorgensen,0.0,0,-1.0,0.0,Physical Education
VGVhY2hlci0zMDI1NjY1,3025665,Melissa,Hunte,0.0,0,-1.0,0.0,Education
VGVhY2hlci0zMDM4MTcw,3038170,Claire,Brett,0.0,0,-1.0,0.0,Education
VGVhY2hlci0yNzg3NTcy,2787572,Roberta,Buiani,0.0,0,-1.0,0.0,"Arts, Culture & Media"
VGVhY2hlci0yNzA0MjY4,2704268,Nuria,Montblanch,0.0,0,-1.0,0.0,Architecture
VGVhY2hlci0yNjc0NTEz,2674513,Susan,Ruddick,0.0,0,-1.0,0.0,Geography
VGVhY2hlci0yODgzODQy,2883842,Robert,Stellick ,0.0,0,-1.0,0.0,Law
VGVhY2hlci0yNzA2OTU1,2706955,Phyllis,Tian,0.0,0,-1.0,0.0,Science
VGVhY2hlci0yNjc4MjIw,2678220,Rachel,T.,0.0,0,-1.0,0.0,Writing
VGVhY2hlci0yNzcxNjY2,2771666,Promise,Skinner,0.0,0,-1.0,0.0,Criminal Justice
VGVhY2hlci0yOTAzMDc1,2903075,Raj ,Soni,0.0,0,-1.0,0.0,English
VGVhY2hlci0yOTIyMDc2,2922076,Abdullah,Shams,0.0,0,-1.0,0.0,Engineering
VGVhY2hlci0yOTA3NTE3,2907517,Tia,Sager,0.0,0,-1.0,0.0,Art History
VGVhY2hlci0yOTQzODY0,2943864,Arun,Paramenkanti,0.0,0,-1.0,0.0,Physics
VGVhY2hlci0yOTE3MDk3,2917097,Stefan ,Macleod ,0.0,0,-1.0,0.0,Political Science
VGVhY2hlci0yOTA3MTQ1,2907145,Tim,Gadanidis,0.0,0,-1.0,0.0,Languages
VGVhY2hlci0yNjIyMDQ1,2622045,Anthony,Mattacchione,0.0,0,-1.0,0.0,Architecture
VGVhY2hlci0yODY4NjE3,2868617,Ya-Huei,Chin,0.0,0,-1.0,0.0,Engineering
VGVhY2hlci0yOTAzMDc1,2903075,Raj ,Soni,0.0,0,-1.0,0.0,English
VGVhY2hlci0yOTIyMDc2,2922076,Abdullah,Shams,0.0,0,-1.0,0.0,Engineering
VGVhY2hlci0yOTA3NTE3,2907517,Tia,Sager,0.0,0,-1.0,0.0,Art History
VGVhY2hlci0yOTQzODY0,2943864,Arun,Paramenkanti,0.0,0,-1.0,0.0,Physics
VGVhY2hlci0yOTE3MDk3,2917097,Stefan ,Macleod ,0.0,0,-1.0,0.0,Political Science
VGVhY2hlci0yOTA3MTQ1,2907145,Tim,Gadanidis,0.0,0,-1.0,0.0,Languages
VGVhY2hlci0yNjIyMDQ1,2622045,Anthony,Mattacchione,0.0,0,-1.0,0.0,Architecture
VGVhY2hlci0yNjA0NDQ1,2604445,Barend,Beekhuizen,0.0,0,-1.0,0.0,Computer Science
VGVhY2hlci0yNTE2Nzkz,2516793,Mons,Chan,0.0,0,-1.0,0.0,Economics
VGVhY2hlci0yNDcxNjEw,2471610,Janice,Fraser,0.0,0,-1.0,0.0,Theater
VGVhY2hlci0yNDAyOTM4,2402938,Nicholas,Spence,0.0,0,-1.0,0.0,Health Science
VGVhY2hlci0yMzg2OTE0,2386914,Marc,LaFlamme,0.0,0,-1.0,0.0,Chemistry
VGVhY2hlci0yMzQyMDg2,2342086,Bryan,Reece,0.0,0,-1.0,0.0,Philosophy
VGVhY2hlci0yMzMwNTE0,2330514,Mariana,Bockarova,0.0,0,-1.0,0.0,Psychology
VGVhY2hlci0yMjc0Mjc3,2274277,Markus,Stock,0.0,0,-1.0,0.0,Languages
VGVhY2hlci0yMjYxNzcx,2261771,Tuba,Eldem,0.0,0,-1.0,0.0,Political Science
VGVhY2hlci0yMjM4Mjcw,2238270,Mina,Momeni,0.0,0,-1.0,0.0,Fine Arts
VGVhY2hlci0yMTM2NzAw,2136700,Mike,Molloy,0.0,0,-1.0,0.0,Computer Science
VGVhY2hlci0yMTcwMjAz,2170203,Sylvia,Kemenoff,0.0,0,-1.0,0.0,Psychology
VGVhY2hlci0yMTY0ODY3,2164867,Brenda,Webster-Tweel,0.0,0,-1.0,0.0,Architecture
VGVhY2hlci0yMTE1MTky,2115192,Robert,Papazian,0.0,0,-1.0,0.0,Business
VGVhY2hlci0yMDE3MTMw,2017130,Umit,Durghe,0.0,0,-1.0,0.0,Classics
VGVhY2hlci0xODEwMzE3,1810317,Rachel,Seelig,0.0,0,-1.0,0.0,Literature
VGVhY2hlci0xODA5Mzkx,1809391,Lee,Fujii,0.0,0,-1.0,0.0,Political Science
VGVhY2hlci0xNjQ4OTc2,1648976,Avi,Chakrabartty,0.0,0,-1.0,0.0,Biology
VGVhY2hlci0zMTUwNzY0,3150764,Aryen,Hoekstra,0.0,0,-1.0,0.0,"Arts, Culture & Media"
VGVhY2hlci0zMTE2NjIw,3116620,Xiaocui,Yue,0.0,0,-1.0,0.0,Mathematics
VGVhY2hlci0zMTE0MzI2,3114326,Mir,Kabir,0.0,0,-1.0,0.0,Economics
VGVhY2hlci0zMTEzNzE5,3113719,Ali,Bereyhi,0.0,0,-1.0,0.0,Engineering
VGVhY2hlci0zMTEyMzY5,3112369,Rewad,Assi,0.0,0,-1.0,0.0,Computer Science
VGVhY2hlci0zMTI1NTI0,3125524,Ann,Zhang,0.0,0,-1.0,0.0,Biology
VGVhY2hlci0zMTI0MTY4,3124168,Sue,Lloyd,0.0,0,-1.0,0.0,Fine Arts
VGVhY2hlci0zMTI0MTY0,3124164,June,Pak,0.0,0,-1.0,0.0,Fine Arts
VGVhY2hlci0zMTIyMzMx,3122331,Taryn,Eadie,0.0,0,-1.0,0.0,Economics
VGVhY2hlci0zMTE5NDc3,3119477,Jacob,Yau,0.0,0,-1.0,0.0,Law
VGVhY2hlci0zMTEzMDc2,3113076,Moses ,Karanja,0.0,0,-1.0,0.0,Political Science
VGVhY2hlci0zMTYwMjI3,3160227,Salma,Sheikh-Mohamed ,0.0,0,-1.0,0.0,Biology
VGVhY2hlci0zMDI2NjI4,3026628,Dionne,Aleman,0.0,0,-1.0,0.0,Engineering
VGVhY2hlci0zMDIxOTk1,3021995,James,John,0.0,0,-1.0,0.0,Philosophy
VGVhY2hlci0zMDIxNzgx,3021781,Anjana ,Dattani,0.0,0,-1.0,0.0,Business
VGVhY2hlci0zMDIxMzg0,3021384,Melissa,Levin,0.0,0,-1.0,0.0,Humanities
VGVhY2hlci0zMDA2NzYw,3006760,Rakesh ,Sengupta ,0.0,0,-1.0,0.0,English
VGVhY2hlci0zMDA2NzYx,3006761,Jessica,Bytautas,0.0,0,-1.0,0.0,Health Science
VGVhY2hlci0zMDA2MDkz,3006093,Boris,Braverman,0.0,0,-1.0,0.0,Physics
VGVhY2hlci0zMDc0NTUz,3074553,Maria,Mendez Gutierrez,0.0,0,-1.0,0.0,Political Science
VGVhY2hlci0zMDY0OTI1,3064925,Aalaya,Milne,0.0,0,-1.0,0.0,Physical Education
VGVhY2hlci0zMDY0MDYx,3064061,David,Levin,0.0,0,-1.0,0.0,Computer Science
VGVhY2hlci0zMDYyNjk3,3062697,Maryam,Khaqan,0.0,0,-1.0,0.0,Mathematics
VGVhY2hlci0zMDU2OTY0,3056964,Keith,Collaco,0.0,0,-1.0,0.0,Health Science
VGVhY2hlci0zMDUxNDg0,3051484,Corry,Azzopardi,0.0,0,-1.0,0.0,Social Work
VGVhY2hlci0zMDQ1NzY1,3045765,Mina,Mohammadi ,0.0,0,-1.0,0.0,Business
VGVhY2hlci0zMDM4MTcz,3038173,Clare,Brett ,0.0,0,-1.0,0.0,Education
VGVhY2hlci0zMDYzNDky,3063492,Dilyara,Agisheva,0.0,0,-1.0,0.0,History
VGVhY2hlci0zMDY4NTc5,3068579,Andrew,Westoll ,0.0,0,-1.0,0.0,Literature
VGVhY2hlci0zMDg3Mzk2,3087396,Karthik,Ganesan,0.0,0,-1.0,0.0,Engineering
VGVhY2hlci0zMDgxNDc3,3081477,brenda ,cossmen,0.0,0,-1.0,0.0,Law
VGVhY2hlci0zMDc5NjQ1,3079645,Diego ,Tuesta,0.0,0,-1.0,0.0,Criminal Justice
VGVhY2hlci0zMTU4NDA3,3158407,Kevin,Mott,0.0,0,-1.0,0.0,Finance
VGVhY2hlci0zMTQ1ODgy,3145882,Sarah, Jensen,0.0,0,-1.0,0.0,"Arts, Culture & Media"
VGVhY2hlci0zMTM1MTU5,3135159,Katherine ,Zagrodney,0.0,0,-1.0,0.0,Health Science
VGVhY2hlci0zMTMzOTc5,3133979,Carol,Percy,0.0,0,-1.0,0.0,English
VGVhY2hlci0zMTMyMTQ3,3132147,Daniel,McGee,0.0,0,-1.0,0.0,Economics
VGVhY2hlci0yOTk4ODE4,2998818,Mathias,Braun,0.0,0,-1.0,0.0,Mathematics
VGVhY2hlci0yOTk2ODAy,2996802,Mohammad,Fadel,0.0,0,-1.0,0.0,Law
VGVhY2hlci0yOTk1NTk0,2995594,Andreas,Chariot,0.0,0,-1.0,0.0,Accounting
VGVhY2hlci0zMTI2OTk2,3126996,Nathanael,Caveney,0.0,0,-1.0,0.0,Pharmacology
VGVhY2hlci0yNjQ0NjIw,2644620,Pushparaj,Acharya,0.0,0,-1.0,0.0,Ethnic Studies
VGVhY2hlci0yNjE4MTI1,2618125,Ted,Sargent,0.0,0,-1.0,0.0,Engineering
VGVhY2hlci0yNTIxNjY1,2521665,Sean,Capener,0.0,0,-1.0,0.0,Religion
VGVhY2hlci0yOTg5NTMy,2989532,Mohamed,Sayed,0.0,0,-1.0,0.0,Engineering
VGVhY2hlci0yOTUxOTgy,2951982,Jun,Yuan,0.0,0,-1.0,0.0,Business
VGVhY2hlci0yOTMxMTk2,2931196,Dylan,Shaul,0.0,0,-1.0,0.0,Philosophy
VGVhY2hlci0yOTE4NjQx,2918641,Dmitriy,Panchenko,0.0,0,-1.0,0.0,Mathematics
VGVhY2hlci0yOTAzMDE5,2903019,Kate,Neville ,0.0,0,-1.0,0.0,Political Science
VGVhY2hlci0yOTc4NTEy,2978512,Luis,Nieto-Barajas,0.0,0,-1.0,0.0,Mathematics
VGVhY2hlci0yOTE3MTgx,2917181,Brenda,Mori,0.0,0,-1.0,0.0,Health Science
VGVhY2hlci0yOTM0NzU5,2934759,Tegan,Maharaj,0.0,0,-1.0,0.0,Information Science
VGVhY2hlci0yOTEzNTA1,2913505,Michael,Karambatos,0.0,0,-1.0,0.0,Law
VGVhY2hlci0yODkwMDkw,2890090,Jonathon,Ditlev,0.0,0,-1.0,0.0,Biochemistry
VGVhY2hlci0yODkyNzU5,2892759,Fabiola,Cruze Li,0.0,0,-1.0,0.0,Mathematics
VGVhY2hlci0yOTE1Mzk2,2915396,Jaimie,Coleman,0.0,0,-1.0,0.0,Health Science
VGVhY2hlci0yOTQyNjYy,2942662,Kaixin,Chen,0.0,0,-1.0,0.0,Educational Research
VGVhY2hlci0yNTY4ODAw,2568800,Stevo,Todorcevic,0.0,0,-1.0,0.0,Mathematics
VGVhY2hlci0yNjkyNzQ0,2692744,Alex,Yang,0.0,0,-1.0,0.0,Mathematics
VGVhY2hlci0yNzY1NTQx,2765541,Caroline,Parins-Fukuchi,0.0,0,-1.0,0.0,Biology
VGVhY2hlci0yNjcxODAz,2671803,mikko,taipale,0.0,0,-1.0,0.0,Biology
VGVhY2hlci0yODMxODgz,2831883,Siphelele,Danisa,0.0,0,-1.0,0.0,Computer Science
VGVhY2hlci0yODU0OTI2,2854926,Aman,Patra,0.0,0,-1.0,0.0,Film
VGVhY2hlci0yODg2MDI3,2886027,Paul,Chipperton,0.0,0,-1.0,0.0,Management
VGVhY2hlci0yODg1NzU3,2885757,John,McGaughey,0.0,0,-1.0,0.0,English
VGVhY2hlci0yODU3NjIx,2857621,Debra,Wunch,0.0,0,-1.0,0.0,Physics
VGVhY2hlci0yODc0NzM1,2874735,Leon,Lee,0.0,0,-1.0,0.0,Computer Science
VGVhY2hlci0yODcyOTQ5,2872949,Israel,Sigal,0.0,0,-1.0,0.0,Mathematics
VGVhY2hlci0yODYxODE0,2861814,Jessice,Mace,0.0,0,-1.0,0.0,Art History
VGVhY2hlci0yMzg5MzQ0,2389344,Benjamin,Goldstein,0.0,0,-1.0,0.0,Medicine
VGVhY2hlci0yNDQwNjE1,2440615,Vojin,Majstorovic,0.0,0,-1.0,0.0,History
VGVhY2hlci0yMzQyMDg3,2342087,Brian,Embry,0.0,0,-1.0,0.0,Philosophy
VGVhY2hlci0yMzM1NzY3,2335767,Jennifer,Bethell,0.0,0,-1.0,0.0,Health Science
VGVhY2hlci0yMzEzNzg5,2313789,Shashi,Kant,0.0,0,-1.0,0.0,Environment
VGVhY2hlci0yNDU4MzQ3,2458347,Oliver,Bennett,0.0,0,-1.0,0.0,Mathematics
VGVhY2hlci0yMTY0ODY3,2164867,Brenda,Webster-Tweel,0.0,0,-1.0,0.0,Architecture
VGVhY2hlci0yMDYwNzQ3,2060747,Ryan ,Olfert,0.0,0,-1.0,0.0,Theater
VGVhY2hlci0xOTM5MDcw,1939070,Ian,McDougall,0.0,0,-1.0,0.0,English
VGVhY2hlci0xNjgxODA0,1681804,Geoff,Lawrence,0.0,0,-1.0,0.0,Education
VGVhY2hlci0xNjU0NDQx,1654441,Jenn,Keelan,0.0,0,-1.0,0.0,Not Specified
VGVhY2hlci0zMTE5MDgy,3119082,Joanna,Dudek,0.0,0,-1.0,0.0,Psychology
VGVhY2hlci0zMTE4NzI5,3118729,Ashton,Anderson,0.0,0,-1.0,0.0,Computer Science
VGVhY2hlci0zMTUxMjM3,3151237,micheal ,miller ,0.0,0,-1.0,0.0,Philosophy
VGVhY2hlci0zMTYwODQ3,3160847,Amenda ,Chow,0.0,0,-1.0,0.0,Mathematics
VGVhY2hlci0zMTE1NDQx,3115441,Grace ,Karram,0.0,0,-1.0,0.0,Education
VGVhY2hlci0zMTE0NjY4,3114668,Federico,Manganello,0.0,0,-1.0,0.0,Mathematics
VGVhY2hlci0zMTA5MDg1,3109085,Don,Englert,0.0,0,-1.0,0.0,Music
VGVhY2hlci0zMTA4Mzk0,3108394,Michael,Obie,0.0,0,-1.0,0.0,Anthropology
VGVhY2hlci0zMTA0ODkx,3104891,Tahir,Shaaran ,0.0,0,-1.0,0.0,Physics
VGVhY2hlci0zMDkxMTE2,3091116,Jeff,Masse,0.0,0,-1.0,0.0,Classics
VGVhY2hlci0zMDAxMjMz,3001233,Ziheng,Lin,0.0,0,-1.0,0.0,Mathematics
VGVhY2hlci0yOTk4NjU2,2998656,Chris,Johnson,0.0,0,-1.0,0.0,History
VGVhY2hlci0zMTU3Njg1,3157685,Isabella,Caniggia,0.0,0,-1.0,0.0,Biology
VGVhY2hlci0zMDM0ODcw,3034870,Austin,Brown,0.0,0,-1.0,0.0,Mathematics
VGVhY2hlci0zMDMwNTEx,3030511,Sachin,Raina,0.0,0,-1.0,0.0,Physical Education
VGVhY2hlci0zMDI4Nzk1,3028795,Leanne,De Souza-Kenney,0.0,0,-1.0,0.0,Health Science
VGVhY2hlci0zMTQ1ODg0,3145884,Sarah ,Jensen,0.0,0,-1.0,0.0,"Arts, Culture & Media"
VGVhY2hlci0zMTM3Mjk5,3137299,Shweta,Swarup,0.0,0,-1.0,0.0,Philosophy
VGVhY2hlci0zMDczOTQ4,3073948,Tin,Von,0.0,0,-1.0,0.0,Social Work
VGVhY2hlci0zMDczMDk2,3073096,Hisham,Hasanein,0.0,0,-1.0,0.0,Engineering
VGVhY2hlci0zMDcxMDg4,3071088,Jeffrey,Sun,0.0,0,-1.0,0.0,Economics
VGVhY2hlci0zMDcwMjM2,3070236,Monica,Hutton,0.0,0,-1.0,0.0,Architecture
VGVhY2hlci0zMDY2ODA4,3066808,Melissa ,Anderson ,0.0,0,-1.0,0.0,Geology
VGVhY2hlci0zMDY0MTk4,3064198,Peter,Johnston,0.0,0,-1.0,0.0,Music
VGVhY2hlci0zMTQ5Mjg4,3149288,Maher,Elshakankiri,0.0,0,-1.0,0.0,Information Science
VGVhY2hlci0zMDc5NDQz,3079443,Jauher,Ahmad,0.0,0,-1.0,0.0,Pharmacology
VGVhY2hlci0zMDY4MTA5,3068109, Jorge,Chapital,0.0,0,-1.0,0.0,Mathematics
VGVhY2hlci0zMDUwOTM3,3050937,Stephanie,Ho,0.0,0,-1.0,0.0,Biochemistry
VGVhY2hlci0zMDUwMzQw,3050340,Michael,Power,0.0,0,-1.0,0.0,Physics
VGVhY2hlci0zMDQ0MDk0,3044094,Esme,Fuller-Thomson,0.0,0,-1.0,0.0,Social Work
VGVhY2hlci0zMDI2NTQ4,3026548,Anna ,Chmielewski,0.0,0,-1.0,0.0,Education
VGVhY2hlci0zMTI5NTQ0,3129544,Suzi,Oliveira de Lima,0.0,0,-1.0,0.0,Languages
VGVhY2hlci0yNzYxODY3,2761867,William,Wolfson,0.0,0,-1.0,0.0,Economics
VGVhY2hlci0yODgxOTE1,2881915,Ferris,Adi,0.0,0,-1.0,0.0,Information Science
VGVhY2hlci0yODc2NDcz,2876473,Ana,Ptrov,0.0,0,-1.0,0.0,Languages
VGVhY2hlci0yODQ5MDE1,2849015,Nadine,Chan,0.0,0,-1.0,0.0,Film
VGVhY2hlci0yOTc4Nzc5,2978779,Zifan,Wang,0.0,0,-1.0,0.0,Accounting
VGVhY2hlci0yOTc4NDMx,2978431,Joseph,Stollenwerk,0.0,0,-1.0,0.0,History
VGVhY2hlci0yOTYzNzEz,2963713,Natalia,Serenko,0.0,0,-1.0,0.0,Social Work
VGVhY2hlci0yOTcyODA4,2972808,Steven,Philcox,0.0,0,-1.0,0.0,Music
VGVhY2hlci0yOTA4Mzc2,2908376,Miguel ,Esteban,0.0,0,-1.0,0.0,"Arts, Culture & Media"
VGVhY2hlci0yODk5MzEx,2899311,Saro,Fara,0.0,0,-1.0,0.0,Physical Education
VGVhY2hlci0yOTI3NDI0,2927424,Saeid,Abolfazli,0.0,0,-1.0,0.0,Computer Science
VGVhY2hlci0yOTI0NDYx,2924461, Salar, Asadolahi,0.0,0,-1.0,0.0,Political Science
VGVhY2hlci0yOTgxODEy,2981812,Kevin,Course,0.0,0,-1.0,0.0,Engineering
VGVhY2hlci0yODAxMTI1,2801125,Mary,Nyquist,0.0,0,-1.0,0.0,English
VGVhY2hlci0yODkyNjYx,2892661,William,Boily,0.0,0,-1.0,0.0,Anthropology
VGVhY2hlci0yODA5NTM0,2809534,Jennifer,Wooton,0.0,0,-1.0,0.0,Law
VGVhY2hlci0yOTkxMDky,2991092,Elaine,Khoo,0.0,0,-1.0,0.0,Communication
VGVhY2hlci0yNTY0NjUw,2564650,Pushpa,Acharya,0.0,0,-1.0,0.0,Ethnic Studies
VGVhY2hlci0yNTUwMjM3,2550237,Merlin,Charles,0.0,0,-1.0,0.0,Languages
VGVhY2hlci0yNDcyMDA3,2472007,Rosemary,Gartner,0.0,0,-1.0,0.0,Sociology
VGVhY2hlci0yNDMyODU2,2432856,Amirali,Abari,0.0,0,-1.0,0.0,Computer Science
VGVhY2hlci0xODU1ODkz,1855893,Kent,Roach,0.0,0,-1.0,0.0,Law
VGVhY2hlci0yMzQ1MTA1,2345105,Enrica,Piccardo,0.0,0,-1.0,0.0,Languages
VGVhY2hlci0yMzIyNTgx,2322581,Fatemeh,Panahi,0.0,0,-1.0,0.0,Computer Science
VGVhY2hlci0yMjczNjU5,2273659,Michael,Hager,0.0,0,-1.0,0.0,Languages
VGVhY2hlci0yMjcxMTUx,2271151,David,Adkins,0.0,0,-1.0,0.0,English
VGVhY2hlci0yMjM4MTcy,2238172,Xi,Chen-Bumgardner,0.0,0,-1.0,0.0,Education
VGVhY2hlci0yMTA1NDMy,2105432,Valerie,Lennox,0.0,0,-1.0,0.0,Accounting
VGVhY2hlci0xNzQwNDYx,1740461,Jon,Norman,0.0,0,-1.0,0.0,Engineering
VGVhY2hlci0xNjQ5NzU4,1649758,Joyce,Poon,0.0,0,-1.0,0.0,Engineering
VGVhY2hlci0xNjM2NzAy,1636702,Liam,Vanbeek,0.0,0,-1.0,0.0,History
VGVhY2hlci0xNjk2NDUx,1696451,Max,Dionsio,0.0,0,-1.0,0.0,Information Science
VGVhY2hlci0xNjg0NzI5,1684729,David,Briskin,0.0,0,-1.0,0.0,Music
VGVhY2hlci0zMTU3NTA2,3157506,Yonathan,Fiat,0.0,0,-1.0,0.0,Philosophy
VGVhY2hlci0zMTU4MTA5,3158109,Elisa,Privitera,0.0,0,-1.0,0.0,Environment
VGVhY2hlci0zMTU2MzE5,3156319,Michal,Mlynarz,0.0,0,-1.0,0.0,History
VGVhY2hlci0zMTU4MDQ4,3158048,Andrew, Byrne,0.0,0,-1.0,0.0,Languages
VGVhY2hlci0yOTk2OTU4,2996958,Benjamin,Gilbert,0.0,0,-1.0,0.0,Biology
VGVhY2hlci0zMDg1NTAw,3085500,Jorge,Chapital,0.0,0,-1.0,0.0,Mathematics
VGVhY2hlci0zMTQ5MzA1,3149305,Justin,Bi,0.0,0,-1.0,0.0,Information Science
VGVhY2hlci0zMDgyNzQ0,3082744,Prentiss,Dantzler,0.0,0,-1.0,0.0,Sociology
VGVhY2hlci0zMDgyMTE2,3082116,Ebrahim,Bagheri,0.0,0,-1.0,0.0,Information Science
VGVhY2hlci0zMTM1OTQy,3135942,Turar,Tanirbergenov,0.0,0,-1.0,0.0,Chemistry
VGVhY2hlci0zMTMzOTgz,3133983,Nyasha,Junior,0.0,0,-1.0,0.0,Religion
VGVhY2hlci0zMDc4ODU4,3078858,Christodoulos,Karavasilis,0.0,0,-1.0,0.0,Computer Science
VGVhY2hlci0zMTUwNDkx,3150491,Ziqing,Hong,0.0,0,-1.0,0.0,Physics
VGVhY2hlci0zMTIyNzg0,3122784,David,Steinman,0.0,0,-1.0,0.0,Engineering
VGVhY2hlci0zMTE5MTU2,3119156,Elliott,Fuller,0.0,0,-1.0,0.0,Classics
VGVhY2hlci0zMTUxNDYw,3151460,Azadeh,Yadollahi,0.0,0,-1.0,0.0,Engineering
VGVhY2hlci0zMDA1MzI4,3005328,Veronica ,Curran,0.0,0,-1.0,0.0,Languages
VGVhY2hlci0zMTM4NzY2,3138766,Sophia,Bello,0.0,0,-1.0,0.0,Humanities
VGVhY2hlci0zMTUyMzEx,3152311,Viktoria,Zezerova,0.0,0,-1.0,0.0,Economics
VGVhY2hlci0zMTE0Njk0,3114694,Christie,Lee,0.0,0,-1.0,0.0,Medicine
VGVhY2hlci0zMTE0Mzgy,3114382,Scott,Schieman,0.0,0,-1.0,0.0,Sociology
VGVhY2hlci0zMTE0MDM5,3114039,Parastoo,Anoushapour,0.0,0,-1.0,0.0,Architecture
VGVhY2hlci0zMTExNDE3,3111417,Vanessa,Goncalves,0.0,0,-1.0,0.0,Pharmacology
VGVhY2hlci0zMTEwODEy,3110812,Carson,Hammond,0.0,0,-1.0,0.0,English
VGVhY2hlci0zMTEwMTQ0,3110144,Andrew,Fraser,0.0,0,-1.0,0.0,Medicine
VGVhY2hlci0zMTA5NTM1,3109535,Kayla,Akler,0.0,0,-1.0,0.0,Anthropology
VGVhY2hlci0zMTA3Nzg5,3107789,Scott,Douglas,0.0,0,-1.0,0.0,Accounting
VGVhY2hlci0zMDMwNDI3,3030427,Beverley,Essue,0.0,0,-1.0,0.0,Public Policy & Administration
VGVhY2hlci0zMDMwMDkx,3030091,Angela,Leach,0.0,0,-1.0,0.0,Fine Arts
VGVhY2hlci0zMDQyNDEw,3042410,Jessie,Hall,0.0,0,-1.0,0.0,Philosophy
VGVhY2hlci0zMDgyMTE2,3082116,Ebrahim,Bagheri,0.0,0,-1.0,0.0,Information Science
VGVhY2hlci0zMDc4ODU4,3078858,Christodoulos,Karavasilis,0.0,0,-1.0,0.0,Computer Science
VGVhY2hlci0zMDY5NjI5,3069629,Luis,Ardilla,0.0,0,-1.0,0.0,Engineering
VGVhY2hlci0zMDY5MTI3,3069127,Luciano,Martinez,0.0,0,-1.0,0.0,Mathematics
VGVhY2hlci0zMDY2ODA5,3066809,Bronwyn ,Clement ,0.0,0,-1.0,0.0,Geography
VGVhY2hlci0yOTg1MDUw,2985050,Grace,Wang,0.0,0,-1.0,0.0,Psychology
VGVhY2hlci0yOTUzMDMz,2953033,Paul,Tyler,0.0,0,-1.0,0.0,Economics
VGVhY2hlci0yOTgwMzc4,2980378,Hamidreza,Salehyar,0.0,0,-1.0,0.0,Music
VGVhY2hlci0yOTAzODQ1,2903845,Blake,Lee-Whiting,0.0,0,-1.0,0.0,Political Science
VGVhY2hlci0yODk2NDM5,2896439,Alexander,Kreinin ,0.0,0,-1.0,0.0,Mathematics
VGVhY2hlci0yOTE5NjI4,2919628,Clovis,Hamel,0.0,0,-1.0,0.0,Mathematics
VGVhY2hlci0yOTUxNzMz,2951733,Deepika,Chugh,0.0,0,-1.0,0.0,Health Science
VGVhY2hlci0yOTE3MDk2,2917096,Victor ,Bruzzone ,0.0,0,-1.0,0.0,Political Science
VGVhY2hlci0yOTIzMTE0,2923114,Regine,Bohar,0.0,0,-1.0,0.0,Philosophy
VGVhY2hlci0yODYwNDM1,2860435,Jessica,Liu,0.0,0,-1.0,0.0,Mathematics
VGVhY2hlci0yODgyMjk4,2882298,Joyee,Yang,0.0,0,-1.0,0.0,Economics
VGVhY2hlci0yODgwMTMw,2880130,Kanwal,Aftab,0.0,0,-1.0,0.0,Architecture
VGVhY2hlci0yODY3ODI1,2867825,David,Dubins,0.0,0,-1.0,0.0,Pharmacology
VGVhY2hlci0yODU3MDg2,2857086,Pedro ,Pedro,0.0,0,-1.0,0.0,Languages
VGVhY2hlci0yNzA0MjY5,2704269,Alejandro,Perez,0.0,0,-1.0,0.0,Languages
VGVhY2hlci0yNjk1NTM5,2695539,Heather,Sanguins,0.0,0,-1.0,0.0,Information Science
VGVhY2hlci0yODA4MzAy,2808302,Jing,Wang,0.0,0,-1.0,0.0,Languages
VGVhY2hlci0yNTQzMzMx,2543331,Richard,Sommer,0.0,0,-1.0,0.0,Architecture
VGVhY2hlci0yNzg0NDMw,2784430,David,Belfon,0.0,0,-1.0,0.0,Religion
VGVhY2hlci0yNzM1OTM2,2735936,David,Evans,0.0,0,-1.0,0.0,Biology
VGVhY2hlci0yNzEzNjk3,2713697,Rosalind,Silverman,0.0,0,-1.0,0.0,Biology
VGVhY2hlci0yNjU4ODc4,2658878,Jerrard,Gaertner,0.0,0,-1.0,0.0,Management
VGVhY2hlci0yNjMyNzQ5,2632749,Mike,Bigdeli,0.0,0,-1.0,0.0,Finance
VGVhY2hlci0yMjUzMTkx,2253191,Kimberly,Carter,0.0,0,-1.0,0.0,Political Science
VGVhY2hlci0xODIyNTYw,1822560,David,Warnica,0.0,0,-1.0,0.0,Engineering
VGVhY2hlci0yODQ4MzM5,2848339,Phillip,Lipscy,0.0,0,-1.0,0.0,Political Science
VGVhY2hlci0yODQ4MDM4,2848038,Natasha,Kordonska,0.0,0,-1.0,0.0,Business
VGVhY2hlci0yODQ4MDM3,2848037,David,Vrbanek,0.0,0,-1.0,0.0,Business
VGVhY2hlci0yNDY5NjA4,2469608,Julian,House,0.0,0,-1.0,0.0,Management
VGVhY2hlci0yMzU4MTYy,2358162,Pat,Durish,0.0,0,-1.0,0.0,Women's Studies
VGVhY2hlci0yNDQwMTA1,2440105,Heidi,Gordon,0.0,0,-1.0,0.0,Psychology
VGVhY2hlci0yNDM4NDcx,2438471,Dennis,Bock,0.0,0,-1.0,0.0,Writing
VGVhY2hlci0yMzMzODQy,2333842,Shaun,Young,0.0,0,-1.0,0.0,Education
VGVhY2hlci0yMjA1MTg0,2205184,Anita,Anand,0.0,0,-1.0,0.0,Law
VGVhY2hlci0yMzY1MjU4,2365258,Jill,Melino,0.0,0,-1.0,0.0,Biology
VGVhY2hlci0yMTE1MTkx,2115191,Christine,Brown,0.0,0,-1.0,0.0,Business
VGVhY2hlci0xOTM5MDY4,1939068,Lawrin,Armstrong,0.0,0,-1.0,0.0,History
VGVhY2hlci0yMDE0MzU2,2014356,Elaine,Gold,0.0,0,-1.0,0.0,Humanities
VGVhY2hlci0xODYwNDI2,1860426,Kim,Vicente,0.0,0,-1.0,0.0,Engineering
VGVhY2hlci0xODU0MTky,1854192,Kyle,Thompson,0.0,0,-1.0,0.0,Mathematics
VGVhY2hlci0xNzM3MDEz,1737013,Andrews,Brenda,0.0,0,-1.0,0.0,Biology
VGVhY2hlci0yMDk2NzEx,2096711,Daphne,Heywood,0.0,0,-1.0,0.0,Education
VGVhY2hlci0zMTU1NjM1,3155635,æryka,hollis o-neil,0.0,0,-1.0,0.0,Film
VGVhY2hlci0zMTU1NzMy,3155732,Stephen ,Brown,0.0,0,-1.0,0.0,Engineering
VGVhY2hlci0zMDIyMTA5,3022109,Catherine,Valcke,0.0,0,-1.0,0.0,Law
VGVhY2hlci0zMDE3NzIx,3017721,Kim,Tait,0.0,0,-1.0,0.0,Science
VGVhY2hlci0zMDc0NTQx,3074541,David,Sutton,0.0,0,-1.0,0.0,Classics
VGVhY2hlci0zMDcwMDg2,3070086,nkem,ike,0.0,0,-1.0,0.0,Anthropology
VGVhY2hlci0zMDU2MDA3,3056007,Jerry,Zhou,0.0,0,-1.0,0.0,Economics
VGVhY2hlci0zMDg5NDI5,3089429,Dilyara ,Agisheva,0.0,0,-1.0,0.0,Humanities
VGVhY2hlci0zMDg4OTAy,3088902,Randy,Boyagoda,0.0,0,-1.0,0.0,English
VGVhY2hlci0zMDg2OTcx,3086971,Kevin,Edmonds,0.0,0,-1.0,0.0,Humanities
VGVhY2hlci0zMDg2OTcw,3086970,Ninaatig,Staats Pangowish,0.0,0,-1.0,0.0,Humanities
VGVhY2hlci0zMTQ5Mjk5,3149299,Carli,Fink,0.0,0,-1.0,0.0,Information Science
VGVhY2hlci0zMTQ5Mjgx,3149281,Sigrid,Roman,0.0,0,-1.0,0.0,Education
VGVhY2hlci0zMDc4NTg0,3078584,Ian,Greig,0.0,0,-1.0,0.0,Pharmacology
VGVhY2hlci0zMTI5MzEx,3129311,Tahohtharatye ,Brant,0.0,0,-1.0,0.0,Sociology
VGVhY2hlci0zMTE3MDU1,3117055,Zeeshan,Khan,0.0,0,-1.0,0.0,Business
VGVhY2hlci0zMTE0MTI2,3114126,Chris,Ferguson,0.0,0,-1.0,0.0,Business
VGVhY2hlci0zMTI0NDkx,3124491,Isabella,Negrini,0.0,0,-1.0,0.0,Mathematics
VGVhY2hlci0zMTI0MTY2,3124166,Charles,Stankievech,0.0,0,-1.0,0.0,Fine Arts
VGVhY2hlci0zMTIwMjUy,3120252,David,Kynaston,0.0,0,-1.0,0.0,Geology
VGVhY2hlci0zMTE4MzUw,3118350,Micheal,Belanger,0.0,0,-1.0,0.0,Environment
VGVhY2hlci0yOTk2Nzg5,2996789,Valentine ,Baxen,0.0,0,-1.0,0.0,English
VGVhY2hlci0yOTk2Njk2,2996696,Michael,Best,0.0,0,-1.0,0.0,Psychology
VGVhY2hlci0yOTk2MzAx,2996301,Whitney,Bai,0.0,0,-1.0,0.0,Geography
VGVhY2hlci0yOTk2MDc2,2996076,Daniel,Trefler,0.0,0,-1.0,0.0,Economics
VGVhY2hlci0zMTQ4MjA0,3148204,Stephen,Julian,0.0,0,-1.0,0.0,Physics
VGVhY2hlci0zMTM3ODA0,3137804,Maria  ,Drout,0.0,0,-1.0,0.0,Physics
VGVhY2hlci0zMDM0OTg4,3034988,Jillian,Adams,0.0,0,-1.0,0.0,Business
VGVhY2hlci0zMDkyMDMx,3092031,Ivan,Bondoc,0.0,0,-1.0,0.0,Languages
VGVhY2hlci0zMTEwMjk5,3110299,Neil,Bennett,0.0,0,-1.0,0.0,Geology
VGVhY2hlci0zMDk5Njcz,3099673,Patricia,Mocker,0.0,0,-1.0,0.0,Political Science
VGVhY2hlci0zMDQwNTQ4,3040548,Georgia,Phillips-Amos,0.0,0,-1.0,0.0,"Arts, Culture & Media"
VGVhY2hlci0zMTMwNDI0,3130424,James,Quizzo,0.0,0,-1.0,0.0,Agriculture
VGVhY2hlci0zMTMwMDYy,3130062,Daniel,Tysdal,0.0,0,-1.0,0.0,Writing
VGVhY2hlci0yOTM1MTkx,2935191,Zhong-Ping,Feng,0.0,0,-1.0,0.0,Science
VGVhY2hlci0yOTkwODYw,2990860,Pedro,Mateo Pedro,0.0,0,-1.0,0.0,Languages
VGVhY2hlci0yNTAyMTc1,2502175,Marc,Jeschke,0.0,0,-1.0,0.0,Medicine
VGVhY2hlci0yNjg3MTQ1,2687145,Murray,Grabinsky,0.0,0,-1.0,0.0,Engineering
VGVhY2hlci0yNjgwMDY5,2680069,Yvonne,O'rilley,0.0,0,-1.0,0.0,Business
VGVhY2hlci0yNjgyNDMy,2682432,Gregoire,Benzakin,0.0,0,-1.0,0.0,Geography
VGVhY2hlci0yNzI3NDY2,2727466,Julia,Smith,0.0,0,-1.0,0.0,Philosophy
VGVhY2hlci0yODI4MTY3,2828167,Elnaz,Yousefzadeh Barri,0.0,0,-1.0,0.0,Geography
VGVhY2hlci0yNzM5MTU2,2739156,Vanessa,Maggisano,0.0,0,-1.0,0.0,Psychology
VGVhY2hlci0yNzU4NDQy,2758442,Richard,Picart,0.0,0,-1.0,0.0,Business
VGVhY2hlci0yNjA1OTky,2605992,Anna,Butkiewicz,0.0,0,-1.0,0.0,History
VGVhY2hlci0yNjE4MjUz,2618253,Janelle,Joseph,0.0,0,-1.0,0.0,Physical Education
VGVhY2hlci0yNjE2NDI3,2616427,Neil,Macpherson,0.0,0,-1.0,0.0,Biology
VGVhY2hlci0yNTUwNDU1,2550455,leonid,livak,0.0,0,-1.0,0.0,History
VGVhY2hlci0yNTQ2MTU5,2546159,Sajjad,Nejatie,0.0,0,-1.0,0.0,Educational Research
VGVhY2hlci0yNTQzMzA5,2543309,Erjia,Ge,0.0,0,-1.0,0.0,Health Science
VGVhY2hlci0yNzUyOTUw,2752950,Micheline,Piquette-Miller,0.0,0,-1.0,0.0,Science
VGVhY2hlci0yODU1NzA2,2855706,Peter,Bing,0.0,0,-1.0,0.0,Classics
VGVhY2hlci0yNDYyNTk3,2462597,Lisa,Zhang,0.0,0,-1.0,0.0,Computer Science
VGVhY2hlci0yNzM1NDEx,2735411,Ashley,Reynolds,0.0,0,-1.0,0.0,Biology
VGVhY2hlci0yODY3ODQy,2867842,Micheal ,Saikali,0.0,0,-1.0,0.0,Pharmacology
VGVhY2hlci0yOTUzOTg2,2953986,Maria,Mosco,0.0,0,-1.0,0.0,Languages
VGVhY2hlci0yODkyNzU2,2892756,Fabiola ,Li,0.0,0,-1.0,0.0,Mathematics
VGVhY2hlci0yODk1OTAy,2895902,Simone,Davis,0.0,0,-1.0,0.0,Humanities
VGVhY2hlci0yOTIxNzY0,2921764,clovis,ascanio,0.0,0,-1.0,0.0,Mathematics
VGVhY2hlci0yODkxMDU3,2891057,Mounir,AbouHaidar,0.0,0,-1.0,0.0,Science
VGVhY2hlci0yOTU3NDMz,2957433,Tarek,Abdelrahman,0.0,0,-1.0,0.0,Engineering
VGVhY2hlci0yOTIwMDc0,2920074,Craig, Steeves,0.0,0,-1.0,0.0,Engineering
VGVhY2hlci0yMzgzMTI2,2383126,Frank,Gong,0.0,0,-1.0,0.0,Education
VGVhY2hlci0yMzY1OTgw,2365980,Kevin,Chabot,0.0,0,-1.0,0.0,Humanities
VGVhY2hlci0yNDE1MDU2,2415056,Behrad,Vatankhahghadim,0.0,0,-1.0,0.0,Aerospace Studies
VGVhY2hlci0yMTYxMzk3,2161397,Lee Ann,Fujii,0.0,0,-1.0,0.0,Political Science
VGVhY2hlci0yMzAwMTQ2,2300146,Marilyn,Herie,0.0,0,-1.0,0.0,Social Work
VGVhY2hlci0yMDE5MDE2,2019016,Arta,Sedaghat,0.0,0,-1.0,0.0,Languages
VGVhY2hlci0yOTI0NDUy,2924452,Naveen,Minai,4.0,9,66.6667,2.4,"Arts, Culture & Media"
VGVhY2hlci0yODU1NzA3,2855707,Xianwei,Wu,5.0,6,100.0,2.8,"Arts, Culture & Media"
VGVhY2hlci0zMTI4MjAz,3128203,Kate,Cornell,5.0,1,100.0,1.0,"Arts, Culture & Media"
VGVhY2hlci0zMDYxMDUz,3061053,Kanika,Lawton,5.0,1,100.0,3.0,"Arts, Culture & Media"
VGVhY2hlci0yODI4ODM0,2828834,Kylie,Caraway,3.8,8,62.5,3.5,"Arts, Culture & Media"
VGVhY2hlci0yOTU1OTQz,2955943,Suzanne,Edworthy,5.0,1,100.0,1.0,"Arts, Culture & Media"
VGVhY2hlci0yOTc0MDU4,2974058,Magdalena,Cabaj,5.0,1,100.0,2.0,"Arts, Culture & Media"
VGVhY2hlci0yMjA1MTk3,2205197,David,Nieborg,4.8,15,100.0,2.5,"Arts, Culture & Media"
VGVhY2hlci0yNzg3NTcy,2787572,Roberta,Buiani,0.0,0,-1.0,0.0,"Arts, Culture & Media"
VGVhY2hlci0zMTQ1ODgy,3145882,Sarah, Jensen,0.0,0,-1.0,0.0,"Arts, Culture & Media"
VGVhY2hlci0zMTUwNzY0,3150764,Aryen,Hoekstra,0.0,0,-1.0,0.0,"Arts, Culture & Media"
VGVhY2hlci0zMTQ1ODg0,3145884,Sarah ,Jensen,0.0,0,-1.0,0.0,"Arts, Culture & Media"
VGVhY2hlci0yOTA4Mzc2,2908376,Miguel ,Esteban,0.0,0,-1.0,0.0,"Arts, Culture & Media"
VGVhY2hlci0zMDQwNTQ4,3040548,Georgia,Phillips-Amos,0.0,0,-1.0,0.0,"Arts, Culture & Media"
VGVhY2hlci0zMDU2NzA0,3056704,Jason,De Melo,3.1,12,50.0,3.7,Biochemistry
VGVhY2hlci0yODk1Mjk3,2895297,Joel,Watts,5.0,2,100.0,2.5,Biochemistry
VGVhY2hlci0yOTM0MjM1,2934235,Lauren,Bathurst,1.7,9,22.2222,3.6,Biochemistry
VGVhY2hlci0yODcyODQw,2872840,Karen,Maxwell,1.0,1,0.0,5.0,Biochemistry
VGVhY2hlci0xNjUxNTYx,1651561,Christine,Bear,0.0,0,-1.0,0.0,Biochemistry
VGVhY2hlci0zMTIwODkz,3120893,Oliver ,Ernst,0.0,0,-1.0,0.0,Biochemistry
VGVhY2hlci0yODkwMDkw,2890090,Jonathon,Ditlev,0.0,0,-1.0,0.0,Biochemistry
VGVhY2hlci0zMDUwOTM3,3050937,Stephanie,Ho,0.0,0,-1.0,0.0,Biochemistry
VGVhY2hlci0zMTM3MTI4,3137128,Micah,Freedman,1.0,4,0.0,3.0,Biology
VGVhY2hlci0zMDkwNDI1,3090425,Haley,Zubyk,5.0,9,100.0,1.9,Biology
VGVhY2hlci0zMTIxMTQx,3121141,Alexandra,Malinowski,1.7,17,5.8824,4.4,Biology
VGVhY2hlci0zMTMwMDIz,3130023,Anhadvir,Anhadvir Singh,4.7,3,100.0,3.7,Biology
VGVhY2hlci0zMTU3ODY4,3157868,Tianna,Peller,3.7,3,66.6667,2.7,Biology
VGVhY2hlci0zMDQzMjY4,3043268,Luke,Mahler,4.2,20,80.0,2.7,Biology
VGVhY2hlci0zMTI4ODk1,3128895,Megan,Frederickson,3.8,6,100.0,3.2,Biology
VGVhY2hlci0zMTU2NTUx,3156551,Samuel,Delage,2.0,1,0.0,4.0,Biology
VGVhY2hlci0yOTEzMDU3,2913057,Naijin,Li,4.2,14,78.5714,2.1,Biology
VGVhY2hlci0yMjI3MTAw,2227100,Jessica,Hill,3.8,18,72.2222,2.8,Biology
VGVhY2hlci0yNDUwNDEy,2450412,Derek,Ng,5.0,8,100.0,2.1,Biology
VGVhY2hlci0zMDcxMDU3,3071057,Megan,Bontrager ,5.0,1,100.0,2.0,Biology
VGVhY2hlci0yOTgxNDI5,2981429,Leanne,De Souza-Kenney,1.3,11,0.0,4.0,Biology
VGVhY2hlci0zMDIxMjY0,3021264,Amber,Hoi,1.9,8,0.0,3.3,Biology
VGVhY2hlci0yMTc2MTI4,2176128,Melody,Neumann,4.2,10,80.0,3.3,Biology
VGVhY2hlci0yOTI5NjYw,2929660,Karen,Williams,1.3,7,0.0,4.6,Biology
VGVhY2hlci0zMTI4MTE4,3128118,Julie ,Brill,1.0,2,0.0,5.0,Biology
VGVhY2hlci0yMjc3ODYw,2277860,Carin,Wittnich,2.2,11,18.1818,3.9,Biology
VGVhY2hlci0yOTAxMDgy,2901082,Dinesh,Christendat,3.4,5,60.0,2.8,Biology
VGVhY2hlci0yOTAxMDg0,2901084,Nicholas,Provart,3.0,3,33.3333,2.7,Biology
VGVhY2hlci0yODYzNzY5,2863769,Emily,Bell,2.8,4,50.0,3.3,Biology
VGVhY2hlci0yMzM0NDM1,2334435,Sergey,Plotnikov,4.3,10,70.0,3.9,Biology
VGVhY2hlci0zMDkyNDU3,3092457,Richard,Horner,2.0,1,0.0,4.0,Biology
VGVhY2hlci0yNTg4MTMz,2588133,Michael,Wilson,1.7,3,0.0,3.7,Biology
VGVhY2hlci0yOTg5MDg3,2989087,Shehryar,Saharan,5.0,4,100.0,3.0,Biology
VGVhY2hlci0yODk5NTI5,2899529,Santiago,Tammaro,2.0,1,0.0,2.0,Biology
VGVhY2hlci0yODg1MTQy,2885142,Ruth,Isserlin,5.0,1,100.0,1.0,Biology
VGVhY2hlci0yODk0ODc5,2894879,Ritu,Sarpal,4.2,5,80.0,2.4,Biology
VGVhY2hlci0yMTEzMjkz,2113293,Stephen,Pastore,5.0,5,100.0,2.4,Biology
VGVhY2hlci0yOTQyMzM0,2942334,Noor,Attar,3.0,1,0.0,5.0,Biology
VGVhY2hlci0yODg1MjI3,2885227,Juliana,Vantellingen,5.0,1,100.0,3.0,Biology
VGVhY2hlci0yODY1NjA5,2865609,Frances ,Wong,2.0,1,0.0,4.0,Biology
VGVhY2hlci0yMzM2OTk5,2336999,David,Punzalan,4.2,5,80.0,2.2,Biology
VGVhY2hlci0xNjY2NTc5,1666579,Barrett,Spencer,3.8,2,-1.0,2.0,Biology
VGVhY2hlci0xMzEwMTAw,1310100,Charlotte,Youngson,5.0,2,-1.0,3.0,Biology
VGVhY2hlci0xNjQ4OTc2,1648976,Avi,Chakrabartty,0.0,0,-1.0,0.0,Biology
VGVhY2hlci0zMTI1NTI0,3125524,Ann,Zhang,0.0,0,-1.0,0.0,Biology
VGVhY2hlci0zMTYwMjI3,3160227,Salma,Sheikh-Mohamed ,0.0,0,-1.0,0.0,Biology
VGVhY2hlci0yNzY1NTQx,2765541,Caroline,Parins-Fukuchi,0.0,0,-1.0,0.0,Biology
VGVhY2hlci0yNjcxODAz,2671803,mikko,taipale,0.0,0,-1.0,0.0,Biology
VGVhY2hlci0zMTU3Njg1,3157685,Isabella,Caniggia,0.0,0,-1.0,0.0,Biology
VGVhY2hlci0yOTk2OTU4,2996958,Benjamin,Gilbert,0.0,0,-1.0,0.0,Biology
VGVhY2hlci0yNzM1OTM2,2735936,David,Evans,0.0,0,-1.0,0.0,Biology
VGVhY2hlci0yNzEzNjk3,2713697,Rosalind,Silverman,0.0,0,-1.0,0.0,Biology
VGVhY2hlci0yMzY1MjU4,2365258,Jill,Melino,0.0,0,-1.0,0.0,Biology
VGVhY2hlci0xNzM3MDEz,1737013,Andrews,Brenda,0.0,0,-1.0,0.0,Biology
VGVhY2hlci0yNjE2NDI3,2616427,Neil,Macpherson,0.0,0,-1.0,0.0,Biology
VGVhY2hlci0yNzM1NDEx,2735411,Ashley,Reynolds,0.0,0,-1.0,0.0,Biology
VGVhY2hlci0zMDgzODE2,3083816,Dror,Shvadron,4.0,4,75.0,2.8,Business
VGVhY2hlci0zMDI4NzQ5,3028749,Becky,Reuber,2.0,1,0.0,3.0,Business
VGVhY2hlci0zMDAwMTg5,3000189,Chang-Yuan,Lee,4.4,5,80.0,2.2,Business
VGVhY2hlci0zMTE0MTI5,3114129,Chad,Story,3.0,1,100.0,2.0,Business
VGVhY2hlci0zMDAyMjU3,3002257,Hansheng,Jiang ,5.0,3,100.0,2.0,Business
VGVhY2hlci0yODY5Njk3,2869697,Wayne,Adlam,5.0,4,100.0,3.0,Business
VGVhY2hlci0zMDUyMzg5,3052389,Carla ,Moore ,1.0,2,0.0,5.0,Business
VGVhY2hlci0zMDYyNzU5,3062759,Nicolas,Inostroza,1.0,1,0.0,1.0,Business
VGVhY2hlci0yNjgwMDcx,2680071,Yvonne,O'reilly,1.5,2,0.0,2.0,Business
VGVhY2hlci0yOTE5NTQx,2919541,Katarzyna,Odziemkowska,4.0,1,100.0,2.0,Business
VGVhY2hlci0xMTU1ODI3,1155827,William,Huggins,4.3,18,100.0,3.1,Business
VGVhY2hlci0yNjUwMDc5,2650079,Bernard,Feder,4.0,3,66.6667,3.0,Business
VGVhY2hlci0yNTU3NzEy,2557712,Olga,Kaminer,3.0,1,0.0,3.0,Business
VGVhY2hlci0xODcxMDM4,1871038,Steven,Osiel,3.8,6,100.0,3.7,Business
VGVhY2hlci0yMTEzMjU0,2113254,Marc,Solby,4.5,1,-1.0,3.0,Business
VGVhY2hlci0yOTk1MjYy,2995262,Liang ,Chen,0.0,0,-1.0,0.0,Business
VGVhY2hlci0yMTE1MTky,2115192,Robert,Papazian,0.0,0,-1.0,0.0,Business
VGVhY2hlci0zMDQ1NzY1,3045765,Mina,Mohammadi ,0.0,0,-1.0,0.0,Business
VGVhY2hlci0zMDIxNzgx,3021781,Anjana ,Dattani,0.0,0,-1.0,0.0,Business
VGVhY2hlci0yOTUxOTgy,2951982,Jun,Yuan,0.0,0,-1.0,0.0,Business
VGVhY2hlci0yODQ4MDM4,2848038,Natasha,Kordonska,0.0,0,-1.0,0.0,Business
VGVhY2hlci0yODQ4MDM3,2848037,David,Vrbanek,0.0,0,-1.0,0.0,Business
VGVhY2hlci0yMTE1MTkx,2115191,Christine,Brown,0.0,0,-1.0,0.0,Business
VGVhY2hlci0zMTE3MDU1,3117055,Zeeshan,Khan,0.0,0,-1.0,0.0,Business
VGVhY2hlci0zMTE0MTI2,3114126,Chris,Ferguson,0.0,0,-1.0,0.0,Business
VGVhY2hlci0zMDM0OTg4,3034988,Jillian,Adams,0.0,0,-1.0,0.0,Business
VGVhY2hlci0yNjgwMDY5,2680069,Yvonne,O'rilley,0.0,0,-1.0,0.0,Business
VGVhY2hlci0yNzU4NDQy,2758442,Richard,Picart,0.0,0,-1.0,0.0,Business
VGVhY2hlci0zMDIyODQ1,3022845,Kylie,Luska,5.0,33,100.0,2.7,Chemistry
VGVhY2hlci0zMDMzOTE3,3033917,Aya,Sakaya,4.9,27,100.0,2.3,Chemistry
VGVhY2hlci0zMDg0MjMx,3084231,Amanda,Hargrove,1.3,21,4.7619,4.3,Chemistry
VGVhY2hlci0zMDY2MzM1,3066335,Jessica,D'eon,4.9,7,100.0,2.7,Chemistry
VGVhY2hlci0zMTMwMzI5,3130329,Mark,Wilson,3.8,4,50.0,2.8,Chemistry
VGVhY2hlci0yOTg0MTU3,2984157,Marvin,Morales,1.0,1,0.0,3.0,Chemistry
VGVhY2hlci0yMjE3MTQ1,2217145,Sophie,Rousseaux,4.9,23,100.0,2.9,Chemistry
VGVhY2hlci0zMDI0NTU2,3024556,Charlie,Kivi,4.0,1,100.0,2.0,Chemistry
VGVhY2hlci0yOTUzMjY3,2953267,RJ Dwayne,Miller,1.4,5,0.0,4.0,Chemistry
VGVhY2hlci0yOTgxMzI2,2981326,Michael,MacPherson,4.0,7,71.4286,4.0,Chemistry
VGVhY2hlci0yOTE0MTUx,2914151,Jon,Abbatt,5.0,2,100.0,2.0,Chemistry
VGVhY2hlci0yODg4NDM1,2888435,Haissi,Cui,1.8,5,0.0,3.6,Chemistry
VGVhY2hlci0yMjI1MTc0,2225174,Andrew,Tilley,5.0,2,100.0,3.5,Chemistry
VGVhY2hlci0yMzg2OTE0,2386914,Marc,LaFlamme,0.0,0,-1.0,0.0,Chemistry
VGVhY2hlci0zMTM1OTQy,3135942,Turar,Tanirbergenov,0.0,0,-1.0,0.0,Chemistry
VGVhY2hlci0zMTU3MDQw,3157040,Anastasia,Zabalueva,0.0,0,-1.0,0.0,Classics
VGVhY2hlci0yOTcwMjk2,2970296,Jacob,Dvorak,5.0,1,100.0,1.0,Classics
VGVhY2hlci0zMTA4NjI1,3108625,Katerina,Apokatanidis,3.2,5,60.0,3.2,Classics
VGVhY2hlci0zMDY2MDgx,3066081,Kale ,Coghlan ,2.0,3,0.0,3.7,Classics
VGVhY2hlci0zMTA4NjI0,3108624,Sean,Karnani-Stewart,5.0,1,100.0,3.0,Classics
VGVhY2hlci0yOTUyODY2,2952866,Giulio,Leghissa,2.5,14,35.7143,2.9,Classics
VGVhY2hlci0yOTY3NDQz,2967443,Adriana,Brook,4.8,5,100.0,2.4,Classics
VGVhY2hlci0yOTM2MTQ3,2936147,vittorio ,Bottini ,4.7,3,100.0,3.0,Classics
VGVhY2hlci0yODA4NTM3,2808537,Giuseppe,Castellano,5.0,2,100.0,3.0,Classics
VGVhY2hlci0yODc0NzI1,2874725,Fae ,Amiro,5.0,1,100.0,2.0,Classics
VGVhY2hlci0yMjQ0OTM4,2244938,Caitlin,Hines,4.5,2,100.0,2.5,Classics
VGVhY2hlci0zMDAxMDkx,3001091,Melissande,Tomcik,0.0,0,-1.0,0.0,Classics
VGVhY2hlci0zMTA5NTgx,3109581,Kayla,akler,0.0,0,-1.0,0.0,Classics
VGVhY2hlci0yMDE3MTMw,2017130,Umit,Durghe,0.0,0,-1.0,0.0,Classics
VGVhY2hlci0zMDkxMTE2,3091116,Jeff,Masse,0.0,0,-1.0,0.0,Classics
VGVhY2hlci0zMTE5MTU2,3119156,Elliott,Fuller,0.0,0,-1.0,0.0,Classics
VGVhY2hlci0zMDc0NTQx,3074541,David,Sutton,0.0,0,-1.0,0.0,Classics
VGVhY2hlci0yODU1NzA2,2855706,Peter,Bing,0.0,0,-1.0,0.0,Classics
VGVhY2hlci0zMTI0MzIz,3124323,Hugh ,O'Neill,1.0,4,0.0,4.5,Communication
VGVhY2hlci0yNzA1MTI1,2705125,Kareem,Roberts,5.0,1,100.0,3.0,Communication
VGVhY2hlci0yODczMjA4,2873208,Emilie,Garan,0.0,0,-1.0,0.0,Communication
VGVhY2hlci0yNjc4MjE3,2678217,Sabrina,Zhang,1.0,1,0.0,5.0,Communication
VGVhY2hlci0yOTkxMDky,2991092,Elaine,Khoo,0.0,0,-1.0,0.0,Communication
VGVhY2hlci0yOTY4ODk3,2968897,Cho Yin,Yong,3.5,8,62.5,3.8,Computer Science
VGVhY2hlci0yOTIxMTIw,2921120,Harry,Sha,4.7,10,90.0,2.8,Computer Science
VGVhY2hlci0yOTE0OTEw,2914910,Niv,Dayan,5.0,9,100.0,3.0,Computer Science
VGVhY2hlci0xNzU4MzQ0,1758344,Paul,Gries,4.9,10,100.0,2.5,Computer Science
VGVhY2hlci0zMDM2Nzc2,3036776,Paul,He,4.8,15,100.0,2.4,Computer Science
VGVhY2hlci0zMTEzMDgy,3113082,Samarendra,Dash,3.0,2,50.0,1.5,Computer Science
VGVhY2hlci0yOTMxNTY1,2931565,Akshay,Bapat,1.2,17,5.8824,4.5,Computer Science
VGVhY2hlci0yOTc4ODAy,2978802,David,Lindell,4.5,4,100.0,4.0,Computer Science
VGVhY2hlci0zMTQ3Njkz,3147693,Anwar,Hithnawi,5.0,2,100.0,2.5,Computer Science
VGVhY2hlci0zMDU2NzE3,3056717,Ali,Rahbar,4.0,4,75.0,2.8,Computer Science
VGVhY2hlci0yOTc5Njg4,2979688,Joonho,Kim,4.8,13,100.0,2.3,Computer Science
VGVhY2hlci0zMDEzNTYy,3013562,Carolina,Nobre,4.0,3,66.6667,3.3,Computer Science
VGVhY2hlci0yOTkxNjg1,2991685,Xujie,Si,5.0,1,100.0,3.0,Computer Science
VGVhY2hlci0yOTE0MDQy,2914042,Randy,Hickey,4.3,6,83.3333,3.2,Computer Science
VGVhY2hlci0xODQ0NzAw,1844700,Bryan,De Bourbon,5.0,3,100.0,2.7,Computer Science
VGVhY2hlci0yOTI5OTkx,2929991,Mehdi,Ataei,4.6,10,90.0,2.9,Computer Science
VGVhY2hlci0yODk2NzE4,2896718,Ian,Berlot-Attwell,5.0,7,100.0,2.6,Computer Science
VGVhY2hlci0yODk0Mzgw,2894380,Robert,Soden,5.0,2,100.0,2.0,Computer Science
VGVhY2hlci0zMDA5Njk5,3009699,Marsha,Chechik,2.2,6,33.3333,4.2,Computer Science
VGVhY2hlci0yODg1NDA1,2885405,Swastik,Kopparty,2.3,3,33.3333,2.7,Computer Science
VGVhY2hlci0yOTMxMjUw,2931250,Mohi,Reza,2.6,5,20.0,2.4,Computer Science
VGVhY2hlci0yOTk2NTAz,2996503,Khai,Truong,3.8,4,75.0,3.3,Computer Science
VGVhY2hlci0yOTg4MTM0,2988134,Akshayaram,Srinivasan,5.0,1,100.0,3.0,Computer Science
VGVhY2hlci0yOTY1NzQy,2965742,Malik,Khan,1.0,4,0.0,4.5,Computer Science
VGVhY2hlci0yODk2NTA0,2896504,Ava,Danialy,2.0,4,25.0,3.0,Computer Science
VGVhY2hlci0zMDAwMjIx,3000221,Yasaman ,Rohanifar,4.7,6,83.3333,2.5,Computer Science
VGVhY2hlci0yOTcyNzc1,2972775,Angela,Bernuy,5.0,1,100.0,3.0,Computer Science
VGVhY2hlci0yOTM3OTg3,2937987,Rahul ,Krishnan,2.1,7,28.5714,4.4,Computer Science
VGVhY2hlci0yOTk5NDg0,2999484,Dashiel,Elhauge,2.0,1,0.0,5.0,Computer Science
VGVhY2hlci0yOTY1MTA2,2965106,Tovi,Grossman,5.0,1,100.0,3.0,Computer Science
VGVhY2hlci0yOTI4ODMw,2928830,Demetres,Kostas,2.5,4,25.0,3.8,Computer Science
VGVhY2hlci0yODg3NTEy,2887512,Sidi Mohamed,Beillahi,1.0,3,0.0,4.0,Computer Science
VGVhY2hlci0yOTU0NTQ1,2954545,Colin,Raffel,5.0,1,100.0,3.0,Computer Science
VGVhY2hlci0yOTMwMTc1,2930175,David,Liu,5.0,1,100.0,1.0,Computer Science
VGVhY2hlci0yODk5NDA4,2899408,Massimiliano ,Meneghin,4.0,1,100.0,4.0,Computer Science
VGVhY2hlci0yNjI1NTI4,2625528,Ehsan,Noei,5.0,1,100.0,4.0,Computer Science
VGVhY2hlci0yNTI1MDA0,2525004,Syed,Ahmed,5.0,2,100.0,4.0,Computer Science
VGVhY2hlci0yNDUzMDkz,2453093,Amir,Ashouri,4.8,4,100.0,4.3,Computer Science
VGVhY2hlci0yMjY2NTk4,2266598,Toniann,Pitassi,2.0,3,33.3333,4.0,Computer Science
VGVhY2hlci0xODg5OTk2,1889996,Robert,Robere,5.0,3,100.0,3.0,Computer Science
VGVhY2hlci0yMDQ1MjAw,2045200, Abdallah,Farraj,5.0,4,100.0,3.5,Computer Science
VGVhY2hlci0yMjcxODY2,2271866,Peter,Rutherford,5.0,1,100.0,3.0,Computer Science
VGVhY2hlci0xODEyNTA2,1812506,Mohammad,Shakourifar,5.0,2,-1.0,1.0,Computer Science
VGVhY2hlci0zMTUyODE3,3152817,Pan,Chen,0.0,0,-1.0,0.0,Computer Science
VGVhY2hlci0zMTUzNjQz,3153643,Logan,Murphy,0.0,0,-1.0,0.0,Computer Science
VGVhY2hlci0zMTM3Mzg4,3137388,Jeremy,Ko,0.0,0,-1.0,0.0,Computer Science
VGVhY2hlci0yNjA0NDQ1,2604445,Barend,Beekhuizen,0.0,0,-1.0,0.0,Computer Science
VGVhY2hlci0yOTkxNDIy,2991422,Alexei,Lapouchnian,0.0,0,-1.0,0.0,Computer Science
VGVhY2hlci0zMDY0MDYx,3064061,David,Levin,0.0,0,-1.0,0.0,Computer Science
VGVhY2hlci0zMTEyMzY5,3112369,Rewad,Assi,0.0,0,-1.0,0.0,Computer Science
VGVhY2hlci0yODMxODgz,2831883,Siphelele,Danisa,0.0,0,-1.0,0.0,Computer Science
VGVhY2hlci0yODc0NzM1,2874735,Leon,Lee,0.0,0,-1.0,0.0,Computer Science
VGVhY2hlci0yMTM2NzAw,2136700,Mike,Molloy,0.0,0,-1.0,0.0,Computer Science
VGVhY2hlci0zMTE4NzI5,3118729,Ashton,Anderson,0.0,0,-1.0,0.0,Computer Science
VGVhY2hlci0yOTI3NDI0,2927424,Saeid,Abolfazli,0.0,0,-1.0,0.0,Computer Science
VGVhY2hlci0yNDMyODU2,2432856,Amirali,Abari,0.0,0,-1.0,0.0,Computer Science
VGVhY2hlci0yMzIyNTgx,2322581,Fatemeh,Panahi,0.0,0,-1.0,0.0,Computer Science
VGVhY2hlci0zMDc4ODU4,3078858,Christodoulos,Karavasilis,0.0,0,-1.0,0.0,Computer Science
VGVhY2hlci0yNDYyNTk3,2462597,Lisa,Zhang,0.0,0,-1.0,0.0,Computer Science
VGVhY2hlci0zMTE3MTg4,3117188,Angela,Medina,1.5,38,15.7895,4.5,Criminal Justice
VGVhY2hlci0zMTIyODE1,3122815,Muhammad,Muhammad Asif,1.0,8,0.0,4.0,Criminal Justice
VGVhY2hlci0zMDg2Mzg1,3086385,Sara,Ali,1.0,1,0.0,5.0,Criminal Justice
VGVhY2hlci0yOTUzMzA2,2953306,Tyler,King,5.0,1,100.0,3.0,Criminal Justice
VGVhY2hlci0xMTg0NDUy,1184452,Sandra,Bucerius,5.0,2,-1.0,3.0,Criminal Justice
VGVhY2hlci0zMTE3NDQ2,3117446,Maykal,Bailey,0.0,0,-1.0,0.0,Criminal Justice
VGVhY2hlci0yNzcxNjY2,2771666,Promise,Skinner,0.0,0,-1.0,0.0,Criminal Justice
VGVhY2hlci0zMDc5NjQ1,3079645,Diego ,Tuesta,0.0,0,-1.0,0.0,Criminal Justice
VGVhY2hlci0zMTIzNTg5,3123589,Noel,Brett,3.0,2,50.0,4.0,Design
VGVhY2hlci0xOTE5MzE3,1919317,Foguni,Gugugi,2.0,1,-1.0,1.0,Design
VGVhY2hlci0yOTg0MTkz,2984193,Tyler,Paul,3.7,50,65.3061,3.6,Economics
VGVhY2hlci0xODc3MDkz,1877093,Kripa,Freitas,2.6,217,37.1287,4.2,Economics
VGVhY2hlci0zMTMyMzU0,3132354,Fern,Ramoutar,4.3,6,83.3333,3.3,Economics
VGVhY2hlci0yOTUzMzg5,2953389,Loren,Brandt,1.7,18,27.7778,4.3,Economics
VGVhY2hlci0zMTAxNzI5,3101729,Kathleen,Dobson,4.8,5,100.0,2.6,Economics
VGVhY2hlci0zMTU1NDA5,3155409,Zi Yang,Kang,5.0,1,100.0,1.0,Economics
VGVhY2hlci0yOTU5ODMz,2959833,Mark,Rempel,2.4,5,40.0,4.2,Economics
VGVhY2hlci0zMDAxNTYy,3001562,Terry,Yip,3.3,12,66.6667,3.5,Economics
VGVhY2hlci0yOTM4ODc0,2938874,Kuan,Xu,2.9,18,33.3333,4.1,Economics
VGVhY2hlci0yNjYxMzg3,2661387,Yuanyuan,Wan,3.3,13,61.5385,3.5,Economics
VGVhY2hlci0yOTMzMTA3,2933107,Florian,Dendorfer,2.9,80,48.75,4.3,Economics
VGVhY2hlci0yOTMyMzcy,2932372,Robert,Owen,1.5,23,13.0435,4.3,Economics
VGVhY2hlci0zMDg3MDM3,3087037,Joao,Ritto,5.0,2,100.0,4.0,Economics
VGVhY2hlci0zMDM3NzUy,3037752,Chenyue,Liu,3.0,5,60.0,3.2,Economics
VGVhY2hlci0zMDMzODY4,3033868,Runjing Lu,Lu,5.0,1,100.0,2.0,Economics
VGVhY2hlci0zMDUzODEz,3053813,Sean,Elliott,5.0,2,100.0,2.5,Economics
VGVhY2hlci0yOTM4MjUz,2938253,Stanton,Hudja,4.0,1,100.0,4.0,Economics
VGVhY2hlci0yOTk2MDc3,2996077,Dan,Trefler,5.0,2,100.0,2.5,Economics
VGVhY2hlci0yOTIxNzQx,2921741,Michael,Baker,4.0,1,100.0,4.0,Economics
VGVhY2hlci0yMzUwNzQ2,2350746,Remi,Daviet,3.3,3,66.6667,3.7,Economics
VGVhY2hlci0yOTAzMjk0,2903294,Tommaso,Alba,1.0,1,0.0,5.0,Economics
VGVhY2hlci0yODIzMjM2,2823236,Robert,McMillan,1.0,1,0.0,5.0,Economics
VGVhY2hlci0yNzA0OTcy,2704972,Stanley,Subrata,3.0,4,50.0,4.5,Economics
VGVhY2hlci0xNzMyNDA3,1732407,Kunal,Dasgupta,3.4,8,80.0,2.4,Economics
VGVhY2hlci0yNTc3MjI5,2577229,CC,Gadza,5.0,1,100.0,4.0,Economics
VGVhY2hlci0yMDc0OTc5,2074979,Pradeep,Kumar,4.5,1,-1.0,4.0,Economics
VGVhY2hlci0xOTE4OTQw,1918940,Hélène,Desgagnés,3.0,1,-1.0,3.0,Economics
VGVhY2hlci0yNTE2Nzkz,2516793,Mons,Chan,0.0,0,-1.0,0.0,Economics
VGVhY2hlci0zMTMyMTQ3,3132147,Daniel,McGee,0.0,0,-1.0,0.0,Economics
VGVhY2hlci0zMTIyMzMx,3122331,Taryn,Eadie,0.0,0,-1.0,0.0,Economics
VGVhY2hlci0zMTE0MzI2,3114326,Mir,Kabir,0.0,0,-1.0,0.0,Economics
VGVhY2hlci0zMDcxMDg4,3071088,Jeffrey,Sun,0.0,0,-1.0,0.0,Economics
VGVhY2hlci0yNzYxODY3,2761867,William,Wolfson,0.0,0,-1.0,0.0,Economics
VGVhY2hlci0zMTUyMzEx,3152311,Viktoria,Zezerova,0.0,0,-1.0,0.0,Economics
VGVhY2hlci0zMDM4MTkx,3038191,Shijun,Su,0.0,0,-1.0,0.0,Economics
VGVhY2hlci0yODgyMjk4,2882298,Joyee,Yang,0.0,0,-1.0,0.0,Economics
VGVhY2hlci0yOTUzMDMz,2953033,Paul,Tyler,0.0,0,-1.0,0.0,Economics
VGVhY2hlci0zMDU2MDA3,3056007,Jerry,Zhou,0.0,0,-1.0,0.0,Economics
VGVhY2hlci0yOTk2MDc2,2996076,Daniel,Trefler,0.0,0,-1.0,0.0,Economics
VGVhY2hlci0zMTA2Njc3,3106677,rosalind,hampton ,2.0,3,33.3333,3.0,Education
VGVhY2hlci0zMDg3ODM1,3087835,Katherine ,Entigar,5.0,1,100.0,1.0,Education
VGVhY2hlci0yOTQ3Njc0,2947674,Ken,McNeilly,5.0,3,100.0,2.3,Education
VGVhY2hlci0yOTIxOTE5,2921919,Mary,Saudelli,5.0,2,100.0,3.0,Education
VGVhY2hlci0yOTIwMTcw,2920170,Barnabas,Emenogu,1.0,1,0.0,4.0,Education
VGVhY2hlci0xOTE0NjEw,1914610,Peter,Sawchuk,4.9,5,100.0,3.0,Education
VGVhY2hlci0yNTY3NDI4,2567428,Cassie,Brownell,1.0,1,0.0,1.0,Education
VGVhY2hlci0zMDM4MTcw,3038170,Claire,Brett,0.0,0,-1.0,0.0,Education
VGVhY2hlci0zMDI1NjY1,3025665,Melissa,Hunte,0.0,0,-1.0,0.0,Education
VGVhY2hlci0yODI2MTIw,2826120,Jenny,Ge,0.0,0,-1.0,0.0,Education
VGVhY2hlci0zMDM4MTcz,3038173,Clare,Brett ,0.0,0,-1.0,0.0,Education
VGVhY2hlci0xNjgxODA0,1681804,Geoff,Lawrence,0.0,0,-1.0,0.0,Education
VGVhY2hlci0zMTE1NDQx,3115441,Grace ,Karram,0.0,0,-1.0,0.0,Education
VGVhY2hlci0zMDI2NTQ4,3026548,Anna ,Chmielewski,0.0,0,-1.0,0.0,Education
VGVhY2hlci0yMjM4MTcy,2238172,Xi,Chen-Bumgardner,0.0,0,-1.0,0.0,Education
VGVhY2hlci0yMzMzODQy,2333842,Shaun,Young,0.0,0,-1.0,0.0,Education
VGVhY2hlci0yMDk2NzEx,2096711,Daphne,Heywood,0.0,0,-1.0,0.0,Education
VGVhY2hlci0zMTQ5Mjgx,3149281,Sigrid,Roman,0.0,0,-1.0,0.0,Education
VGVhY2hlci0yMzgzMTI2,2383126,Frank,Gong,0.0,0,-1.0,0.0,Education
VGVhY2hlci0yOTk2NTM1,2996535,Emil,Marmol,3.0,2,50.0,5.0,Educational Research
VGVhY2hlci0yOTQyNjYy,2942662,Kaixin,Chen,0.0,0,-1.0,0.0,Educational Research
VGVhY2hlci0yNTQ2MTU5,2546159,Sajjad,Nejatie,0.0,0,-1.0,0.0,Educational Research
VGVhY2hlci0yODcxMDYx,2871061,John,Simpson-Porco,5.0,1,100.0,3.0,Electrical & Computer Engineering
VGVhY2hlci0yOTY4Mzc3,2968377,Aryan,Rezaei Rad,1.0,1,0.0,3.0,Engineering
VGVhY2hlci0yOTM2NzA4,2936708,Mark,Jeffrey,2.6,10,40.0,3.9,Engineering
VGVhY2hlci0zMDgyMzEz,3082313,Chen,Ying,2.7,18,33.3333,2.2,Engineering
VGVhY2hlci0zMTE4MjM0,3118234,Yulun,Xu,4.2,33,78.7879,2.3,Engineering
VGVhY2hlci0yOTc3NTQ3,2977547,Eldan,Cohen,5.0,3,100.0,2.7,Engineering
VGVhY2hlci0yNDUyNTUz,2452553,Chirag,Variawa,4.4,15,86.6667,3.3,Engineering
VGVhY2hlci0yMDUxNzM1,2051735,Michael,Guerzhoy,3.8,57,64.8148,3.0,Engineering
VGVhY2hlci0zMDU4Mzg1,3058385,Mohammad,Haghighi,5.0,7,100.0,2.3,Engineering
VGVhY2hlci0yODcwMTM2,2870136,Jay ,Werber,3.8,5,80.0,3.0,Engineering
VGVhY2hlci0xODc4MjY4,1878268,Stephen,Armstrong,3.4,15,57.1429,3.3,Engineering
VGVhY2hlci0zMDg5Mjc1,3089275,Trevor,Carey,3.5,2,50.0,2.0,Engineering
VGVhY2hlci0yOTMwNzgy,2930782,Steve,Treiber,1.0,1,0.0,1.0,Engineering
VGVhY2hlci0yODcwNDQ5,2870449,Victoria,Kerr,4.4,10,80.0,3.1,Engineering
VGVhY2hlci0zMDg4MzQw,3088340,Nicole,Weckman,1.3,6,0.0,3.5,Engineering
VGVhY2hlci0zMTIxMDUz,3121053,Virupaksh,Agrawal,5.0,9,100.0,2.0,Engineering
VGVhY2hlci0zMTE0ODgz,3114883,Reza,Danesh,4.0,1,100.0,3.0,Engineering
VGVhY2hlci0zMTAxNjky,3101692,Christopher,Lucasius,0.0,0,-1.0,0.0,Engineering
VGVhY2hlci0yOTg0MzAw,2984300,Alex,Bercik,3.0,9,44.4444,2.8,Engineering
VGVhY2hlci0zMDc4Njkz,3078693,Mahmoud ,Embabi ,5.0,4,100.0,3.5,Engineering
VGVhY2hlci0xOTAzOTk0,1903994,Anthony,Sinclair,4.8,16,100.0,3.1,Engineering
VGVhY2hlci0yNDU2Mjg0,2456284,Mohini,Sain,3.0,2,50.0,2.0,Engineering
VGVhY2hlci0zMDMzNTg4,3033588,Atena,Roshan Fekr,2.4,7,28.5714,3.9,Engineering
VGVhY2hlci0yODcxNzk5,2871799,Jose,Armesto,2.2,11,45.4545,3.7,Engineering
VGVhY2hlci0yMTI3OTYy,2127962,Alison,McGuigan,3.0,1,0.0,4.0,Engineering
VGVhY2hlci0xODU4NjEx,1858611,Vaughn,Betz,3.7,16,42.8571,2.3,Engineering
VGVhY2hlci0yNzc0MjY1,2774265,Shurui,Zhou,3.0,3,66.6667,3.0,Engineering
VGVhY2hlci0yODg1MjA5,2885209,Mike,Xue,5.0,5,100.0,2.4,Engineering
VGVhY2hlci0zMDY0NzA0,3064704,Mohammad,Hodaei,1.0,1,0.0,4.0,Engineering
VGVhY2hlci0yOTkzMzQz,2993343,Howard,Ho,5.0,3,100.0,3.0,Engineering
VGVhY2hlci0zMDI5MDM2,3029036,Luis,Bothia,5.0,2,100.0,2.5,Engineering
VGVhY2hlci0zMDUwODU1,3050855,Luis,Ardila,5.0,1,100.0,2.0,Engineering
VGVhY2hlci0yODcyMjg1,2872285,Leo,Chou,4.3,3,66.6667,3.0,Engineering
VGVhY2hlci0yOTg1MzM2,2985336,Naomi,Matsuura,5.0,1,100.0,2.0,Engineering
VGVhY2hlci0yMjU2MzA4,2256308,Radhakrishnan,Mahadevan,2.5,6,33.3333,3.5,Engineering
VGVhY2hlci0yMTMwNDc2,2130476,Robert,Irish,3.8,6,80.0,3.2,Engineering
VGVhY2hlci0yOTgxMzQx,2981341,Kevin,Park,1.0,1,0.0,4.0,Engineering
VGVhY2hlci0zMDAxMjM1,3001235,Ziheng,Lin,5.0,1,0.0,5.0,Engineering
VGVhY2hlci0yNzY1MDM4,2765038,Donald,Kirk,3.3,3,100.0,4.3,Engineering
VGVhY2hlci0yOTM1NDAy,2935402,Hendrickson,Sa'diyya,4.0,4,75.0,3.3,Engineering
VGVhY2hlci0yODI4NDc1,2828475,Alvin,Sukmadji,3.0,2,50.0,4.0,Engineering
VGVhY2hlci0yMTA4Njk4,2108698,Cristiana,Amza,2.3,7,33.3333,3.7,Engineering
VGVhY2hlci0xMDM4ODg3,1038887,Greg,Evans,4.3,4,100.0,2.5,Engineering
VGVhY2hlci0yODc1MDM4,2875038,Abderrahmane,Abbou,1.0,2,0.0,4.5,Engineering
VGVhY2hlci0yNzM1NDM0,2735434,Lennart,Doppenschmitt,2.0,1,0.0,3.0,Engineering
VGVhY2hlci0yMjE2NjYy,2216662,David,Ruggiero,4.5,2,100.0,2.5,Engineering
VGVhY2hlci0xNjg3NzI4,1687728,Amir,Manbachi,5.0,14,100.0,2.3,Engineering
VGVhY2hlci0xOTA0NDA3,1904407,Alex,Mihailidis,5.0,1,-1.0,1.0,Engineering
VGVhY2hlci0xODA2MzY4,1806368,Meysam,Zargham,5.0,1,-1.0,3.0,Engineering
VGVhY2hlci0xNzUyMzUz,1752353,Gabriel,Placienza,1.0,2,-1.0,3.0,Engineering
VGVhY2hlci0xNTY1MTY1,1565165,Peter,Tan,5.0,1,-1.0,1.0,Engineering
VGVhY2hlci0yMDc2ODY4,2076868,Abdallah,Farraj,0.0,0,-1.0,0.0,Engineering
VGVhY2hlci0yODY4NjE3,2868617,Ya-Huei,Chin,0.0,0,-1.0,0.0,Engineering
VGVhY2hlci0yOTIyMDc2,2922076,Abdullah,Shams,0.0,0,-1.0,0.0,Engineering
VGVhY2hlci0zMTEzNzE5,3113719,Ali,Bereyhi,0.0,0,-1.0,0.0,Engineering
VGVhY2hlci0zMDI2NjI4,3026628,Dionne,Aleman,0.0,0,-1.0,0.0,Engineering
VGVhY2hlci0zMDg3Mzk2,3087396,Karthik,Ganesan,0.0,0,-1.0,0.0,Engineering
VGVhY2hlci0yNjE4MTI1,2618125,Ted,Sargent,0.0,0,-1.0,0.0,Engineering
VGVhY2hlci0yOTg5NTMy,2989532,Mohamed,Sayed,0.0,0,-1.0,0.0,Engineering
VGVhY2hlci0zMDczMDk2,3073096,Hisham,Hasanein,0.0,0,-1.0,0.0,Engineering
VGVhY2hlci0yOTgxODEy,2981812,Kevin,Course,0.0,0,-1.0,0.0,Engineering
VGVhY2hlci0xNzQwNDYx,1740461,Jon,Norman,0.0,0,-1.0,0.0,Engineering
VGVhY2hlci0xNjQ5NzU4,1649758,Joyce,Poon,0.0,0,-1.0,0.0,Engineering
VGVhY2hlci0zMTIyNzg0,3122784,David,Steinman,0.0,0,-1.0,0.0,Engineering
VGVhY2hlci0zMTUxNDYw,3151460,Azadeh,Yadollahi,0.0,0,-1.0,0.0,Engineering
VGVhY2hlci0zMDY5NjI5,3069629,Luis,Ardilla,0.0,0,-1.0,0.0,Engineering
VGVhY2hlci0xODIyNTYw,1822560,David,Warnica,0.0,0,-1.0,0.0,Engineering
VGVhY2hlci0xODYwNDI2,1860426,Kim,Vicente,0.0,0,-1.0,0.0,Engineering
VGVhY2hlci0zMTU1NzMy,3155732,Stephen ,Brown,0.0,0,-1.0,0.0,Engineering
VGVhY2hlci0yNjg3MTQ1,2687145,Murray,Grabinsky,0.0,0,-1.0,0.0,Engineering
VGVhY2hlci0yOTU3NDMz,2957433,Tarek,Abdelrahman,0.0,0,-1.0,0.0,Engineering
VGVhY2hlci0yOTIwMDc0,2920074,Craig, Steeves,0.0,0,-1.0,0.0,Engineering
VGVhY2hlci0zMTU5Njcw,3159670,Jeff,Noh,5.0,1,100.0,4.0,English
VGVhY2hlci0zMTIwMTI3,3120127,Deidre,Flynn,1.4,12,0.0,3.5,English
VGVhY2hlci0yOTYwNDc5,2960479,Barbara,Simões,4.6,10,90.0,3.1,English
VGVhY2hlci0zMDc5MTky,3079192,Lee,Emrich,5.0,2,100.0,2.0,English
VGVhY2hlci0zMTA4NjE4,3108618,Jim,Hansen,4.3,3,100.0,2.3,English
VGVhY2hlci0zMDg2NDA0,3086404,Sebastian,Sobecki,4.0,1,100.0,4.0,English
VGVhY2hlci0zMTI2NTA0,3126504,Crystal,Chen,2.0,1,0.0,3.0,English
VGVhY2hlci0zMDc0NzY3,3074767,Katherine,Williams,3.5,2,50.0,4.0,English
VGVhY2hlci0yOTI5MTEz,2929113,Comfort,Azubuko-Udah,2.0,8,12.5,3.4,English
VGVhY2hlci0yOTc4NTA2,2978506,Andrea,Walkden,5.0,4,100.0,2.8,English
VGVhY2hlci0yNzMzMzYy,2733362,John,Rogers,4.5,12,83.3333,2.6,English
VGVhY2hlci0yNDczOTkx,2473991,Andrew,Lesk,2.2,15,33.3333,3.8,English
VGVhY2hlci0zMTE3MDA0,3117004,Benjamin,Walsh,0.0,0,-1.0,0.0,English
VGVhY2hlci0zMTA4NjIx,3108621,Michael,Johnstone,1.5,2,0.0,3.5,English
VGVhY2hlci0yOTQ2NDI2,2946426,Gregory,Shupak,3.0,1,100.0,3.0,English
VGVhY2hlci0yMjA2NjA3,2206607,Deirdre,Baker,2.9,9,44.4444,3.4,English
VGVhY2hlci0zMDY1MDkx,3065091,Deanna,Brooks,4.5,2,100.0,2.5,English
VGVhY2hlci04Mzc4NTY=,837856,Nick,Mount,4.6,42,86.3636,3.0,English
VGVhY2hlci0zMDYxNDAy,3061402,Rebecca,Hogue,5.0,2,100.0,2.5,English
VGVhY2hlci0zMDIwMjQ5,3020249,Jasleen ,Singh,0.0,0,-1.0,0.0,English
VGVhY2hlci0yOTgwNzQ3,2980747,Apala,Das,2.0,4,25.0,3.5,English
VGVhY2hlci0yOTc1ODQ4,2975848,Fouad,Oveisy,3.7,3,66.6667,1.7,English
VGVhY2hlci0yOTgyMTky,2982192,Dr. Fouâd ,Oveisy,5.0,1,100.0,1.0,English
VGVhY2hlci0xODEwMDg0,1810084,Trevor,Cook,4.7,3,100.0,2.3,English
VGVhY2hlci0yMzM3NTg4,2337588,Ibi,Kaslik,1.0,1,0.0,5.0,English
VGVhY2hlci0yNjk2NzI2,2696726,John,Van,1.0,3,0.0,5.0,English
VGVhY2hlci0yNjk0Mzg0,2694384,Vando,John,1.0,1,0.0,5.0,English
VGVhY2hlci0yMDI0NzI2,2024726,Michael,Donnelly,5.0,2,-1.0,2.5,English
VGVhY2hlci0xNDMyMDEx,1432011,Ella,Soper-Jones,5.0,2,-1.0,2.0,English
VGVhY2hlci0zMDc1NDE2,3075416,Ryan ,Stafford,0.0,0,-1.0,0.0,English
VGVhY2hlci0yOTAzMDc1,2903075,Raj ,Soni,0.0,0,-1.0,0.0,English
VGVhY2hlci0zMTMzOTc5,3133979,Carol,Percy,0.0,0,-1.0,0.0,English
VGVhY2hlci0zMDA2NzYw,3006760,Rakesh ,Sengupta ,0.0,0,-1.0,0.0,English
VGVhY2hlci0yODg1NzU3,2885757,John,McGaughey,0.0,0,-1.0,0.0,English
VGVhY2hlci0xOTM5MDcw,1939070,Ian,McDougall,0.0,0,-1.0,0.0,English
VGVhY2hlci0yODAxMTI1,2801125,Mary,Nyquist,0.0,0,-1.0,0.0,English
VGVhY2hlci0yMjcxMTUx,2271151,David,Adkins,0.0,0,-1.0,0.0,English
VGVhY2hlci0zMTEwODEy,3110812,Carson,Hammond,0.0,0,-1.0,0.0,English
VGVhY2hlci0zMTU1MzY4,3155368,Alice,Kim,0.0,0,-1.0,0.0,English
VGVhY2hlci0yOTk2Nzg5,2996789,Valentine ,Baxen,0.0,0,-1.0,0.0,English
VGVhY2hlci0zMDg4OTAy,3088902,Randy,Boyagoda,0.0,0,-1.0,0.0,English
VGVhY2hlci0xNzk5Mzkw,1799390,Mark,Hathaway,4.5,34,81.25,2.7,Environment
VGVhY2hlci0zMTU1OTY2,3155966,Kayleigh,Swanson,5.0,4,100.0,3.0,Environment
VGVhY2hlci0zMDgzNzUz,3083753,Donna,Schatz ,1.0,6,0.0,4.8,Environment
VGVhY2hlci0zMTE1NDIy,3115422,Velez-Villegas,Juan-Manuel,2.3,6,33.3333,2.5,Environment
VGVhY2hlci0xOTAyOTYx,1902961,Keith,Stewart,3.8,8,50.0,3.1,Environment
VGVhY2hlci0zMTA2OTk4,3106998,EvelynLove,Fosu-Duah,3.4,21,61.9048,3.1,Environment
VGVhY2hlci0zMTE3MjA2,3117206,Joel,Goodwin,5.0,1,100.0,2.0,Environment
VGVhY2hlci0yODk4OTEy,2898912,Michael,Classens,4.4,5,80.0,1.4,Environment
VGVhY2hlci0zMDczNTcy,3073572,Hanna,Morris,3.9,7,57.1429,3.1,Environment
VGVhY2hlci0zMDczNDIy,3073422,Clare,Wiseman,3.0,1,100.0,4.0,Environment
VGVhY2hlci0xOTAyOTU2,1902956,Erich,Vogt,2.5,17,40.0,3.3,Environment
VGVhY2hlci0yNzM1NDA2,2735406,Patrick,James,3.3,7,57.1429,1.6,Environment
VGVhY2hlci0yMjgxNTI5,2281529,Xiao,Han,5.0,1,100.0,3.0,Environment
VGVhY2hlci0yMzEzNzg5,2313789,Shashi,Kant,0.0,0,-1.0,0.0,Environment
VGVhY2hlci0zMTU4MTA5,3158109,Elisa,Privitera,0.0,0,-1.0,0.0,Environment
VGVhY2hlci0zMTE4MzUw,3118350,Micheal,Belanger,0.0,0,-1.0,0.0,Environment
VGVhY2hlci0yMDc3MTgz,2077183,Thomas,Saczkowski,5.0,4,100.0,1.8,Ethnic Studies
VGVhY2hlci0yNjQ0NjIw,2644620,Pushparaj,Acharya,0.0,0,-1.0,0.0,Ethnic Studies
VGVhY2hlci0yNTY0NjUw,2564650,Pushpa,Acharya,0.0,0,-1.0,0.0,Ethnic Studies
VGVhY2hlci0yMjM3MDQw,2237040,Alberto,Zambenedetti,4.8,6,100.0,1.7,Film
VGVhY2hlci0yOTUyNzg5,2952789,Carrie,Reese,5.0,2,100.0,3.0,Film
VGVhY2hlci0yODk2NTU5,2896559,Diana,Sanchez,5.0,1,100.0,2.0,Film
VGVhY2hlci0zMTQ3MTU5,3147159,Erin,Mick,0.0,0,-1.0,0.0,Film
VGVhY2hlci0yODU0OTI2,2854926,Aman,Patra,0.0,0,-1.0,0.0,Film
VGVhY2hlci0yODQ5MDE1,2849015,Nadine,Chan,0.0,0,-1.0,0.0,Film
VGVhY2hlci0zMTU1NjM1,3155635,æryka,hollis o-neil,0.0,0,-1.0,0.0,Film
VGVhY2hlci0yOTgzOTMw,2983930,Chay,Ornthanalai,3.6,5,40.0,3.6,Finance
VGVhY2hlci0yOTg0MDg2,2984086,Nishreena ,Nisham ,1.3,14,0.0,3.9,Finance
VGVhY2hlci0zMDMxNTY3,3031567,Anthony, Peccia ,1.5,6,0.0,4.7,Finance
VGVhY2hlci0yNDcxNzI5,2471729,Marius,Zoican,4.0,11,72.7273,3.7,Finance
VGVhY2hlci0yMTQ3ODMw,2147830,Anwar,Husain,5.0,3,100.0,2.3,Finance
VGVhY2hlci0yNjc0MTkx,2674191,Joseph,Shaw,2.8,4,25.0,3.5,Finance
VGVhY2hlci0zMTU4NDA3,3158407,Kevin,Mott,0.0,0,-1.0,0.0,Finance
VGVhY2hlci0yNjMyNzQ5,2632749,Mike,Bigdeli,0.0,0,-1.0,0.0,Finance
VGVhY2hlci0zMTI0MTY3,3124167,Sarah,Robayo Sheridan,1.1,14,0.0,3.4,Fine Arts
VGVhY2hlci0zMDIxNDM1,3021435,Lauren,Nurse,1.0,1,0.0,4.0,Fine Arts
VGVhY2hlci0yMjM4Mjcw,2238270,Mina,Momeni,0.0,0,-1.0,0.0,Fine Arts
VGVhY2hlci0zMTI0MTY4,3124168,Sue,Lloyd,0.0,0,-1.0,0.0,Fine Arts
VGVhY2hlci0zMTI0MTY0,3124164,June,Pak,0.0,0,-1.0,0.0,Fine Arts
VGVhY2hlci0zMDMwMDkx,3030091,Angela,Leach,0.0,0,-1.0,0.0,Fine Arts
VGVhY2hlci0zMTI0MTY2,3124166,Charles,Stankievech,0.0,0,-1.0,0.0,Fine Arts
VGVhY2hlci0yNDUzNTE4,2453518,Serene,Tan,2.1,7,28.5714,3.9,Geography
VGVhY2hlci0zMDY2ODA3,3066807,Ignacio ,Aitken ,2.9,7,42.8571,3.0,Geography
VGVhY2hlci0zMDM3Njkz,3037693,Caitlin,Cunningham,4.3,4,75.0,3.8,Geography
VGVhY2hlci0zMTM0NDE2,3134416,Kevin,Roy,5.0,1,100.0,4.0,Geography
VGVhY2hlci0zMTE2ODEz,3116813,Aedan ,Alderson,4.0,1,100.0,4.0,Geography
VGVhY2hlci0yOTM2MzY2,2936366,Killian,McCormack,4.7,3,100.0,1.7,Geography
VGVhY2hlci0zMTE5NTkz,3119593,Juan-Manuel,Velez-Villegas,1.0,1,0.0,1.0,Geography
VGVhY2hlci0zMTEwMzk2,3110396,Michael,Lawler,1.5,2,0.0,2.5,Geography
VGVhY2hlci0zMTA5MDcw,3109070,Wiley,Sharp,1.0,1,0.0,4.0,Geography
VGVhY2hlci0yNzEyNzQ2,2712746,Catherine,Jimenea,3.0,6,33.3333,3.3,Geography
VGVhY2hlci0zMDY1MDM0,3065034,Rhonda,Solomon,2.2,11,18.1818,2.9,Geography
VGVhY2hlci0yOTg4MjQ4,2988248,Susan,Dupej,4.0,2,50.0,3.0,Geography
VGVhY2hlci0yOTIwNTgw,2920580,Beverley,Mullings,4.0,3,66.6667,3.0,Geography
VGVhY2hlci0yODcwNTEz,2870513,Yinnon,Geva,2.0,1,0.0,3.0,Geography
VGVhY2hlci0yMzQ4MDcw,2348070,Bachour,Mary-Kay,4.3,4,75.0,2.3,Geography
VGVhY2hlci0yMjY3NDE1,2267415,Anna,Kramer,1.5,2,0.0,3.5,Geography
VGVhY2hlci0yNjc0NTEz,2674513,Susan,Ruddick,0.0,0,-1.0,0.0,Geography
VGVhY2hlci0yODIwOTc0,2820974,Vittoria,Nimmo,0.0,0,-1.0,0.0,Geography
VGVhY2hlci0yMjEyMDEz,2212013,Isabel,Urrutia,0.0,0,-1.0,0.0,Geography
VGVhY2hlci0zMDY2ODA5,3066809,Bronwyn ,Clement ,0.0,0,-1.0,0.0,Geography
VGVhY2hlci0yOTk2MzAx,2996301,Whitney,Bai,0.0,0,-1.0,0.0,Geography
VGVhY2hlci0yNjgyNDMy,2682432,Gregoire,Benzakin,0.0,0,-1.0,0.0,Geography
VGVhY2hlci0yODI4MTY3,2828167,Elnaz,Yousefzadeh Barri,0.0,0,-1.0,0.0,Geography
VGVhY2hlci0yNTgzMzQ5,2583349,Tasca,Santimano,3.7,25,64.0,3.8,Geology
VGVhY2hlci0yOTk4NjI4,2998628,Andrei,Swidinsky,3.0,2,0.0,3.5,Geology
VGVhY2hlci0yODkxNDcx,2891471,Barbara,Sherwood Lollar,5.0,3,100.0,2.0,Geology
VGVhY2hlci0yNDI5OTQz,2429943,Selina,Wu,4.1,15,80.0,2.6,Geology
VGVhY2hlci0zMDY2ODA4,3066808,Melissa ,Anderson ,0.0,0,-1.0,0.0,Geology
VGVhY2hlci0zMTEwMjk5,3110299,Neil,Bennett,0.0,0,-1.0,0.0,Geology
VGVhY2hlci0zMTIwMjUy,3120252,David,Kynaston,0.0,0,-1.0,0.0,Geology
VGVhY2hlci0yODgyODQy,2882842,Jodeme,Goldhar ,1.0,1,0.0,3.0,Health Science
VGVhY2hlci0zMDY1MTU0,3065154,Cyndriela,Chadambuka,3.8,4,75.0,3.0,Health Science
VGVhY2hlci0yOTE4MTM4,2918138,Ray,Amith,2.2,18,22.2222,2.0,Health Science
VGVhY2hlci0yNTc1NTk3,2575597,David,Fisman,1.9,9,22.2222,3.1,Health Science
VGVhY2hlci0yMTM5MTE1,2139115,Shafi,Bhuiyan,5.0,63,98.4127,2.5,Health Science
VGVhY2hlci0yOTk2ODMx,2996831,Minhui,Yang,0.0,0,-1.0,0.0,Health Science
VGVhY2hlci0yODk2MzIx,2896321,James,Hong,1.8,5,20.0,2.8,Health Science
VGVhY2hlci0xNjU4ODQx,1658841,Cheryl,Cott,1.0,2,0.0,4.5,Health Science
VGVhY2hlci0zMDA2Njg5,3006689,jacqueline ,beaudry,0.0,0,-1.0,0.0,Health Science
VGVhY2hlci0yNDAyOTM4,2402938,Nicholas,Spence,0.0,0,-1.0,0.0,Health Science
VGVhY2hlci0zMDA2NzYx,3006761,Jessica,Bytautas,0.0,0,-1.0,0.0,Health Science
VGVhY2hlci0zMDU2OTY0,3056964,Keith,Collaco,0.0,0,-1.0,0.0,Health Science
VGVhY2hlci0zMTM1MTU5,3135159,Katherine ,Zagrodney,0.0,0,-1.0,0.0,Health Science
VGVhY2hlci0yOTE3MTgx,2917181,Brenda,Mori,0.0,0,-1.0,0.0,Health Science
VGVhY2hlci0yOTE1Mzk2,2915396,Jaimie,Coleman,0.0,0,-1.0,0.0,Health Science
VGVhY2hlci0yMzM1NzY3,2335767,Jennifer,Bethell,0.0,0,-1.0,0.0,Health Science
VGVhY2hlci0zMDI4Nzk1,3028795,Leanne,De Souza-Kenney,0.0,0,-1.0,0.0,Health Science
VGVhY2hlci0yOTUxNzMz,2951733,Deepika,Chugh,0.0,0,-1.0,0.0,Health Science
VGVhY2hlci0yNTQzMzA5,2543309,Erjia,Ge,0.0,0,-1.0,0.0,Health Science
VGVhY2hlci0yOTc5OTQ1,2979945,Sara,Verskin,3.0,7,42.8571,3.1,History
VGVhY2hlci0zMDg4NDc0,3088474,Andrey,Gornostaev,5.0,1,100.0,3.0,History
VGVhY2hlci0yODczMDA0,2873004,Chandra,Murdoch,3.7,7,42.8571,3.3,History
VGVhY2hlci0zMTU0ODQy,3154842,James,Toma,5.0,1,100.0,2.0,History
VGVhY2hlci0yOTkxNzY2,2991766,Jonathan ,Bayer,4.9,14,100.0,2.4,History
VGVhY2hlci0zMDUxMzE4,3051318,Jennifer,DeSilva,5.0,5,100.0,3.4,History
VGVhY2hlci0zMDY4MzM2,3068336,Vanessa,McCarthy,3.8,4,75.0,2.0,History
VGVhY2hlci0zMDU0NjY5,3054669,Constance,de Font-Reaulx,2.9,11,54.5455,3.2,History
VGVhY2hlci0yOTE0ODgw,2914880,Andres,Kasekamp,2.3,8,25.0,3.5,History
VGVhY2hlci0zMDgwMDQ1,3080045,safia,aidid ,5.0,1,100.0,3.0,History
VGVhY2hlci0zMDgwMzY4,3080368,Simeon ,Newman,1.3,30,10.0,3.8,History
VGVhY2hlci0zMDg2NzIx,3086721,Letizia,Tesi,3.7,3,66.6667,3.0,History
VGVhY2hlci0yOTM0MzEz,2934313,Noa,Yaari,1.0,4,0.0,4.8,History
VGVhY2hlci0zMTA4ODI2,3108826,Shibi,Kumaraperumal,5.0,2,100.0,1.5,History
VGVhY2hlci0zMDIxODcy,3021872,Alan,Verskin,4.6,7,85.7143,3.1,History
VGVhY2hlci0zMDQ5NzA0,3049704,Alex ,Pelegrino,5.0,4,100.0,2.0,History
VGVhY2hlci0zMDgxNTY2,3081566,Joshua,Picard,2.8,5,40.0,3.4,History
VGVhY2hlci0zMDg0OTM2,3084936,Hosam,Helal,4.7,13,92.3077,2.9,History
VGVhY2hlci0zMTE2NjQ0,3116644,Amy,Wesselink,1.6,5,20.0,2.8,History
VGVhY2hlci0zMTIwNDM5,3120439,Hope,Latta,4.0,1,100.0,1.0,History
VGVhY2hlci0zMDkwMTY2,3090166,Sam,Bass,4.6,5,100.0,2.8,History
VGVhY2hlci0zMTEzMTAz,3113103,Jack,McCart,4.5,2,100.0,3.5,History
VGVhY2hlci0yOTM4NzEy,2938712,Chris,Chung,3.0,6,33.3333,4.0,History
VGVhY2hlci0zMDU0NjY3,3054667,Samantha,Wesner,5.0,2,100.0,2.0,History
VGVhY2hlci0yOTIxOTcz,2921973,Christopher,Petrakos,4.8,10,100.0,2.5,History
VGVhY2hlci0zMDk5NDQ5,3099449,Erich,Weidenhammer,5.0,1,100.0,1.0,History
VGVhY2hlci0zMDc4MTc0,3078174,Tobias,Hof,3.7,3,66.6667,2.7,History
VGVhY2hlci0yOTE0OTgz,2914983,John,Kamau,3.3,3,66.6667,2.0,History
VGVhY2hlci0zMDYxNzg0,3061784,Jack,Cunningham,1.0,1,0.0,5.0,History
VGVhY2hlci0zMDU5ODU4,3059858,John,Meehan,3.0,1,100.0,2.0,History
VGVhY2hlci0zMDA2MTk0,3006194,Joo-Yup,Lee,5.0,3,100.0,1.7,History
VGVhY2hlci0yOTU0NDI1,2954425,Soomin,Kim,1.0,1,0.0,5.0,History
VGVhY2hlci0zMDUxMTE4,3051118,Leah,Montange,5.0,1,100.0,3.0,History
VGVhY2hlci0zMDMzMTg3,3033187,Paul,Cohen,3.0,1,100.0,3.0,History
VGVhY2hlci0zMDEyODA0,3012804,David,Chemhuru,3.0,1,0.0,4.0,History
VGVhY2hlci0yNzIxODUy,2721852,Shenella,Charles,2.0,3,33.3333,3.0,History
VGVhY2hlci0yOTc4NzQz,2978743,Rebecca,Bleich,5.0,1,100.0,1.0,History
VGVhY2hlci0yOTA4NDc3,2908477,Shane,Lynn,4.0,1,100.0,4.0,History
VGVhY2hlci0yODI0Mzc5,2824379,Katie,Davis,2.0,6,0.0,3.3,History
VGVhY2hlci04NTQwNDk=,854049,Carol,Chin,4.5,8,80.0,3.1,History
VGVhY2hlci0xOTkzOTQy,1993942,Charu,Bhaneja,2.2,14,66.6667,4.4,History
VGVhY2hlci0yNTQ1MDAw,2545000,Kenneth,Duggan,3.5,2,50.0,2.5,History
VGVhY2hlci0yMzI1OTUx,2325951,Pushpa,Acharya,3.5,2,50.0,3.0,History
VGVhY2hlci0yMDY2NzA0,2066704,Maria,Brosius,3.4,4,0.0,2.8,History
VGVhY2hlci0yMDk0ODU2,2094856,Ryan,Hall,4.5,3,100.0,2.3,History
VGVhY2hlci0zMDI2MTE1,3026115,Ari,Finnsson,0.0,0,-1.0,0.0,History
VGVhY2hlci0zMDYzNDky,3063492,Dilyara,Agisheva,0.0,0,-1.0,0.0,History
VGVhY2hlci0yNDQwNjE1,2440615,Vojin,Majstorovic,0.0,0,-1.0,0.0,History
VGVhY2hlci0yOTk4NjU2,2998656,Chris,Johnson,0.0,0,-1.0,0.0,History
VGVhY2hlci0yOTc4NDMx,2978431,Joseph,Stollenwerk,0.0,0,-1.0,0.0,History
VGVhY2hlci0xNjM2NzAy,1636702,Liam,Vanbeek,0.0,0,-1.0,0.0,History
VGVhY2hlci0zMTU2MzE5,3156319,Michal,Mlynarz,0.0,0,-1.0,0.0,History
VGVhY2hlci0xOTM5MDY4,1939068,Lawrin,Armstrong,0.0,0,-1.0,0.0,History
VGVhY2hlci0yNjA1OTky,2605992,Anna,Butkiewicz,0.0,0,-1.0,0.0,History
VGVhY2hlci0yNTUwNDU1,2550455,leonid,livak,0.0,0,-1.0,0.0,History
VGVhY2hlci0zMDgzNTQ1,3083545,lisa,cruikshank ,4.5,2,100.0,1.5,Humanities
VGVhY2hlci0yOTY3MDgx,2967081,Jennifer,Ross,4.8,5,100.0,2.0,Humanities
VGVhY2hlci0yOTg5MDEy,2989012,Samuel,Akinbo,3.2,9,55.5556,3.2,Humanities
VGVhY2hlci0zMTM1MTEy,3135112,Grant,Wiedenfeld,1.0,1,0.0,3.0,Humanities
VGVhY2hlci0yODU4Mzc0,2858374,Maria,Cichosz,5.0,9,100.0,2.7,Humanities
VGVhY2hlci0yOTQxNzU2,2941756,Oren,Siegel,4.2,10,80.0,2.4,Humanities
VGVhY2hlci0zMDg1Mzk1,3085395,James,Ginther,4.5,2,100.0,2.5,Humanities
VGVhY2hlci0zMTExMDkw,3111090,Christina ,Pasqua,1.5,2,0.0,3.0,Humanities
VGVhY2hlci0yNjk2OTA1,2696905,Adam,Nayman,4.5,12,91.6667,2.7,Humanities
VGVhY2hlci0yMjU2ODMz,2256833,Ramez,Bishara,5.0,5,100.0,4.0,Humanities
VGVhY2hlci0zMDMxMzA1,3031305,Andreas,Winkler,5.0,1,100.0,5.0,Humanities
VGVhY2hlci0yOTU4NTc3,2958577,Chandni,Desai,2.3,3,33.3333,2.3,Humanities
VGVhY2hlci0yNjYxNzgw,2661780,Matthew,Da Mota,5.0,2,100.0,3.0,Humanities
VGVhY2hlci0yNDAwOTE3,2400917,Matteo,Brera,5.0,1,100.0,4.0,Humanities
VGVhY2hlci0xNDUxNjgx,1451681,Kathy,Voltan,3.8,4,50.0,2.3,Humanities
VGVhY2hlci0xMjI1OTUx,1225951,John,Christopoulos,4.9,7,-1.0,3.0,Humanities
VGVhY2hlci0zMTU2NjQx,3156641,Tyler ,Pennock,0.0,0,-1.0,0.0,Humanities
VGVhY2hlci0zMDIyNTU4,3022558,Justin,Morris,0.0,0,-1.0,0.0,Humanities
VGVhY2hlci0zMDIxMzg0,3021384,Melissa,Levin,0.0,0,-1.0,0.0,Humanities
VGVhY2hlci0zMTM4NzY2,3138766,Sophia,Bello,0.0,0,-1.0,0.0,Humanities
VGVhY2hlci0yMDE0MzU2,2014356,Elaine,Gold,0.0,0,-1.0,0.0,Humanities
VGVhY2hlci0zMDg5NDI5,3089429,Dilyara ,Agisheva,0.0,0,-1.0,0.0,Humanities
VGVhY2hlci0zMDg2OTcx,3086971,Kevin,Edmonds,0.0,0,-1.0,0.0,Humanities
VGVhY2hlci0zMDg2OTcw,3086970,Ninaatig,Staats Pangowish,0.0,0,-1.0,0.0,Humanities
VGVhY2hlci0yODk1OTAy,2895902,Simone,Davis,0.0,0,-1.0,0.0,Humanities
VGVhY2hlci0yMzY1OTgw,2365980,Kevin,Chabot,0.0,0,-1.0,0.0,Humanities
VGVhY2hlci0zMTU2NTAy,3156502,Vera ,Khovanskaya,1.0,1,0.0,4.0,Information Science
VGVhY2hlci0zMTQ5Mjkz,3149293,Bruno Rafael,Vera de Morais e Silva,5.0,2,100.0,3.0,Information Science
VGVhY2hlci0zMTExOTI1,3111925,Eveline,Houtman,2.0,1,0.0,3.0,Information Science
VGVhY2hlci0zMDg5NTgy,3089582,Karen,Maxwell,3.0,1,0.0,4.0,Information Science
VGVhY2hlci0yODcyOTY3,2872967,Jenny,Wang,5.0,3,100.0,3.0,Information Science
VGVhY2hlci0yOTgwOTM3,2980937,Natasha,Ali,1.0,1,0.0,3.0,Information Science
VGVhY2hlci0yOTc4MDcy,2978072,Alan,Galey,5.0,2,100.0,3.0,Information Science
VGVhY2hlci0yNjgxMDE0,2681014,John,Summers,5.0,2,100.0,3.0,Information Science
VGVhY2hlci0yNzc5NTA2,2779506,Shelley,Falconer,2.6,9,44.4444,3.9,Information Science
VGVhY2hlci0yNTE5MDA5,2519009,Dan,Ryan,4.5,2,100.0,2.5,Information Science
VGVhY2hlci0zMTIxMDU2,3121056,Jiazhou,Bi,0.0,0,-1.0,0.0,Information Science
VGVhY2hlci0yOTM0NzU5,2934759,Tegan,Maharaj,0.0,0,-1.0,0.0,Information Science
VGVhY2hlci0zMTQ5Mjg4,3149288,Maher,Elshakankiri,0.0,0,-1.0,0.0,Information Science
VGVhY2hlci0yODgxOTE1,2881915,Ferris,Adi,0.0,0,-1.0,0.0,Information Science
VGVhY2hlci0xNjk2NDUx,1696451,Max,Dionsio,0.0,0,-1.0,0.0,Information Science
VGVhY2hlci0zMTQ5MzA1,3149305,Justin,Bi,0.0,0,-1.0,0.0,Information Science
VGVhY2hlci0zMDgyMTE2,3082116,Ebrahim,Bagheri,0.0,0,-1.0,0.0,Information Science
VGVhY2hlci0yNjk1NTM5,2695539,Heather,Sanguins,0.0,0,-1.0,0.0,Information Science
VGVhY2hlci0zMTQ5Mjk5,3149299,Carli,Fink,0.0,0,-1.0,0.0,Information Science
VGVhY2hlci0yODg5NDY3,2889467,Madison,Schramm,3.1,14,42.8571,3.6,International Studies
VGVhY2hlci0yNTA2MTIz,2506123,Sunita,Guyadeen,2.1,7,28.5714,3.3,International Studies
VGVhY2hlci0yMjcxMDUy,2271052,Shawn,Micallef,3.8,11,72.7273,2.0,Journalism
VGVhY2hlci0zMDUwOTQx,3050941,Sonny,Sachdeva,5.0,1,100.0,5.0,Journalism
VGVhY2hlci0zMDI0NjUy,3024652,Abdelhalim , Elamroussy,5.0,7,100.0,1.4,Languages
VGVhY2hlci0zMDc3ODY3,3077867,Valeria,Cruz,5.0,3,100.0,2.3,Languages
VGVhY2hlci0zMTIyNTU2,3122556,Susanna,Bejar ,1.3,9,0.0,4.4,Languages
VGVhY2hlci0yNDkwMzQy,2490342,Daniel,Milway,1.7,20,15.0,4.2,Languages
VGVhY2hlci0zMTU2NDI3,3156427,Manuel,Ramirez,1.0,2,0.0,4.5,Languages
VGVhY2hlci0yOTMzNjc2,2933676,Marcin,Janczak,4.2,6,66.6667,2.7,Languages
VGVhY2hlci0zMTQ1NzYz,3145763,Juan Carlos,Rocha Osornio,5.0,1,100.0,5.0,Languages
VGVhY2hlci0zMTI2MTM1,3126135,Anaisa,Silva Gordino,5.0,3,100.0,1.3,Languages
VGVhY2hlci0zMDQxNjI4,3041628,Salvador,Alanis,4.2,6,83.3333,1.5,Languages
VGVhY2hlci0xNzgzMDAw,1783000,Paul,Bessler,4.6,12,88.8889,2.8,Languages
VGVhY2hlci0zMDE5NjY2,3019666,Elizabeth ,Lange ,3.0,2,50.0,3.0,Languages
VGVhY2hlci0yODc4MjUx,2878251,Marie-Thérèse,Ballin,2.5,2,50.0,4.5,Languages
VGVhY2hlci0zMDY5OTMz,3069933,Sebastien,Sacre,4.8,5,100.0,2.4,Languages
VGVhY2hlci0yNzg0NjYx,2784661,Lucile,Mulat,5.0,2,100.0,3.0,Languages
VGVhY2hlci0yOTg1OTk1,2985995,Jeannette ,Sanchez-Naranjo ,2.3,8,37.5,4.1,Languages
VGVhY2hlci0zMTExMDk4,3111098,Tanya,Humeniuk,5.0,1,100.0,3.0,Languages
VGVhY2hlci0zMTExMDk3,3111097,Virginia,Shewfelt,5.0,1,100.0,2.0,Languages
VGVhY2hlci0zMTA5NzI3,3109727,Gözde,Mercan,5.0,2,100.0,1.5,Languages
VGVhY2hlci0zMTAyNTI0,3102524,nadia,Takhtaganova,4.0,2,100.0,3.5,Languages
VGVhY2hlci0xODM1MDgy,1835082,Ramiro,Armas,3.0,6,33.3333,3.5,Languages
VGVhY2hlci0zMDY1MDQz,3065043,Laura,Colantoni,5.0,2,100.0,2.0,Languages
VGVhY2hlci0zMDY5NDEx,3069411,Sophie,Feng,5.0,2,100.0,3.0,Languages
VGVhY2hlci0zMDY4MTE1,3068115,Johann,Kirchenbauer,5.0,1,100.0,1.0,Languages
VGVhY2hlci0zMDY4MjE3,3068217,Yukiko,Yoshizumi,3.0,1,0.0,3.0,Languages
VGVhY2hlci0yNDEyMzU1,2412355,Josiane,Loui,3.3,7,57.1429,3.9,Languages
VGVhY2hlci0zMDQ5OTI0,3049924,Andrea,Levinstein-Rodriguez,1.0,2,0.0,4.5,Languages
VGVhY2hlci0yNDQ1ODM4,2445838,John,Evjen,4.4,7,85.7143,3.0,Languages
VGVhY2hlci0yNjMwNzAz,2630703,Zdenko,Mandusic,4.7,3,100.0,1.7,Languages
VGVhY2hlci0xODgxMTMy,1881132,Olga,Tararova,3.7,9,75.0,3.2,Languages
VGVhY2hlci0xOTAyOTY2,1902966,Marshall,Chasin,3.3,2,0.0,2.0,Languages
VGVhY2hlci0yOTU2MDUy,2956052,Owen ,Meunier,5.0,1,100.0,3.0,Languages
VGVhY2hlci0yOTQ3Mjgw,2947280,Dianne,Hurdle,1.0,2,0.0,3.0,Languages
VGVhY2hlci0yOTIwMDE5,2920019,Katharina,Logan,5.0,1,100.0,1.0,Languages
VGVhY2hlci0yODc3NjA3,2877607,Neda,Todorovic,2.3,6,33.3333,2.7,Languages
VGVhY2hlci0yNjE5MTQ2,2619146,Anu,Muhonen,5.0,4,100.0,2.8,Languages
VGVhY2hlci0yNDEwMDc0,2410074,Sara,Galli,5.0,21,100.0,2.5,Languages
VGVhY2hlci0yNzIwNzUy,2720752,Kat,Furtado,5.0,1,100.0,3.0,Languages
VGVhY2hlci0yMjAwOTMx,2200931,Catherine,Lamaison,5.0,3,100.0,3.0,Languages
VGVhY2hlci0yMTExNDY2,2111466,Marie-Emilie,Masson,3.7,3,50.0,3.0,Languages
VGVhY2hlci0yNTczODMz,2573833,Isabelle,Massicotte,5.0,1,100.0,2.0,Languages
VGVhY2hlci0yNTkwNTUw,2590550,Anna,Frolova,4.0,1,100.0,4.0,Languages
VGVhY2hlci0yNTgyMDcz,2582073,Wendy,Luo,4.3,16,93.75,3.7,Languages
VGVhY2hlci0yMTcwODU2,2170856,Marco,Lettieri,5.0,6,100.0,3.2,Languages
VGVhY2hlci0xODM1ODQx,1835841,Rawya,Tousson,4.8,2,-1.0,2.0,Languages
VGVhY2hlci0xNzMxNjQ3,1731647,Claudio,Palomares,4.5,2,-1.0,2.5,Languages
VGVhY2hlci0zMDMxMzU5,3031359,Tracey,Edelist,0.0,0,-1.0,0.0,Languages
VGVhY2hlci0zMTA4MTAw,3108100,Song,Jiang,0.0,0,-1.0,0.0,Languages
VGVhY2hlci0zMTI5NTUy,3129552,Anna,Szakaly,0.0,0,-1.0,0.0,Languages
VGVhY2hlci0yOTA3MTQ1,2907145,Tim,Gadanidis,0.0,0,-1.0,0.0,Languages
VGVhY2hlci0yMjc0Mjc3,2274277,Markus,Stock,0.0,0,-1.0,0.0,Languages
VGVhY2hlci0zMTI5NTQ0,3129544,Suzi,Oliveira de Lima,0.0,0,-1.0,0.0,Languages
VGVhY2hlci0yODc2NDcz,2876473,Ana,Ptrov,0.0,0,-1.0,0.0,Languages
VGVhY2hlci0yNTUwMjM3,2550237,Merlin,Charles,0.0,0,-1.0,0.0,Languages
VGVhY2hlci0yMzQ1MTA1,2345105,Enrica,Piccardo,0.0,0,-1.0,0.0,Languages
VGVhY2hlci0yMjczNjU5,2273659,Michael,Hager,0.0,0,-1.0,0.0,Languages
VGVhY2hlci0zMTU4MDQ4,3158048,Andrew, Byrne,0.0,0,-1.0,0.0,Languages
VGVhY2hlci0zMDA1MzI4,3005328,Veronica ,Curran,0.0,0,-1.0,0.0,Languages
VGVhY2hlci0yODU3MDg2,2857086,Pedro ,Pedro,0.0,0,-1.0,0.0,Languages
VGVhY2hlci0yNzA0MjY5,2704269,Alejandro,Perez,0.0,0,-1.0,0.0,Languages
VGVhY2hlci0yODA4MzAy,2808302,Jing,Wang,0.0,0,-1.0,0.0,Languages
VGVhY2hlci0zMDkyMDMx,3092031,Ivan,Bondoc,0.0,0,-1.0,0.0,Languages
VGVhY2hlci0yOTkwODYw,2990860,Pedro,Mateo Pedro,0.0,0,-1.0,0.0,Languages
VGVhY2hlci0yOTUzOTg2,2953986,Maria,Mosco,0.0,0,-1.0,0.0,Languages
VGVhY2hlci0yMDE5MDE2,2019016,Arta,Sedaghat,0.0,0,-1.0,0.0,Languages
VGVhY2hlci0zMTI5Njc4,3129678,Galit,Sarfaty,1.0,2,0.0,4.0,Law
VGVhY2hlci0yOTQ2Njg1,2946685,Yukiko,Kobayashi Lui,3.0,2,50.0,3.5,Law
VGVhY2hlci0zMTE3ODA0,3117804,Angela,Medina,0.0,0,-1.0,0.0,Law
VGVhY2hlci0xNzQ5MDMw,1749030,Alan,Bruder,5.0,1,100.0,4.0,Law
VGVhY2hlci0xODMzMTY2,1833166,Mariana,Mota Prado,3.0,2,0.0,2.0,Law
VGVhY2hlci04MzE3NTM=,831753,Peter,Benson,5.0,2,-1.0,2.5,Law
VGVhY2hlci0xNjI1NzQx,1625741,Leonard,Griffiths,0.0,0,-1.0,0.0,Law
VGVhY2hlci0yODgzODQy,2883842,Robert,Stellick ,0.0,0,-1.0,0.0,Law
VGVhY2hlci0zMTE5NDc3,3119477,Jacob,Yau,0.0,0,-1.0,0.0,Law
VGVhY2hlci0zMDgxNDc3,3081477,brenda ,cossmen,0.0,0,-1.0,0.0,Law
VGVhY2hlci0yOTk2ODAy,2996802,Mohammad,Fadel,0.0,0,-1.0,0.0,Law
VGVhY2hlci0yOTEzNTA1,2913505,Michael,Karambatos,0.0,0,-1.0,0.0,Law
VGVhY2hlci0yODA5NTM0,2809534,Jennifer,Wooton,0.0,0,-1.0,0.0,Law
VGVhY2hlci0xODU1ODkz,1855893,Kent,Roach,0.0,0,-1.0,0.0,Law
VGVhY2hlci0yMjA1MTg0,2205184,Anita,Anand,0.0,0,-1.0,0.0,Law
VGVhY2hlci0zMDIyMTA5,3022109,Catherine,Valcke,0.0,0,-1.0,0.0,Law
VGVhY2hlci0xNjQyNjE1,1642615,Erol,Boran,4.3,16,87.5,2.3,Literature
VGVhY2hlci0zMDg2MDY2,3086066,Leanne,Simpson,4.2,5,60.0,2.8,Literature
VGVhY2hlci0xOTM5MDY5,1939069,Brent,Miles,5.0,2,100.0,3.0,Literature
VGVhY2hlci0xODEwMzE3,1810317,Rachel,Seelig,0.0,0,-1.0,0.0,Literature
VGVhY2hlci0zMDY4NTc5,3068579,Andrew,Westoll ,0.0,0,-1.0,0.0,Literature
VGVhY2hlci0yODE0NDE3,2814417,Opher,Baron,1.0,2,0.0,5.0,Management
VGVhY2hlci0yMTIzNDgy,2123482,Avni,Shah,4.2,20,78.9474,3.8,Management
VGVhY2hlci0yMzU2NDI2,2356426,Peter,Monkhouse,1.0,1,0.0,4.0,Management
VGVhY2hlci0yOTIyNjMz,2922633,Imran,Syed,2.6,22,40.9091,3.9,Management
VGVhY2hlci0yNDI4ODUw,2428850,Kristina,McElheran,2.7,6,33.3333,4.0,Management
VGVhY2hlci0yOTM4NTc5,2938579,Olga,Bountali,1.0,2,0.0,2.5,Management
VGVhY2hlci0yNDE0MjM5,2414239,Charlie,Wall-Andrews,4.5,17,88.2353,2.6,Management
VGVhY2hlci0yOTE5MTEw,2919110,Brian,Silverman,5.0,2,100.0,1.5,Management
VGVhY2hlci0yOTE3MDEz,2917013,Mohammad,Amin,5.0,3,100.0,1.7,Management
VGVhY2hlci0yNjExOTgz,2611983,Tony,Harris,5.0,1,100.0,3.0,Management
VGVhY2hlci0yODg2MDI3,2886027,Paul,Chipperton,0.0,0,-1.0,0.0,Management
VGVhY2hlci0yNjU4ODc4,2658878,Jerrard,Gaertner,0.0,0,-1.0,0.0,Management
VGVhY2hlci0yNDY5NjA4,2469608,Julian,House,0.0,0,-1.0,0.0,Management
VGVhY2hlci0yOTUzMTE5,2953119,sheri,allain,4.6,20,90.0,2.5,Marketing
VGVhY2hlci0yNTAwMTU4,2500158,Michael,Seaton,4.8,4,100.0,3.5,Marketing
VGVhY2hlci0yNzA5OTY3,2709967,Pranya,Yamin,0.0,0,-1.0,0.0,Marketing
VGVhY2hlci0zMTQwNjY0,3140664,Omar,Alshawa,2.5,2,0.0,2.5,Mathematics
VGVhY2hlci0zMDUxNDY2,3051466,Mathilde,Gerbelli-Gauthier,4.7,28,96.4286,3.2,Mathematics
VGVhY2hlci0zMTQ2ODA5,3146809,Tamara,Hogan,3.3,4,50.0,4.0,Mathematics
VGVhY2hlci0zMTU5Mzk0,3159394,Friedemann ,Krannich,2.0,1,0.0,3.0,Mathematics
VGVhY2hlci0zMTEzNjc5,3113679,Eric,Hart,1.0,1,0.0,5.0,Mathematics
VGVhY2hlci0yODExNTMx,2811531,Ignacio,Uriarte-Tuero,2.0,4,25.0,4.3,Mathematics
VGVhY2hlci0zMDQxMDY2,3041066,Tianhao,Xian,3.2,22,45.4545,3.4,Mathematics
VGVhY2hlci0yMjI3ODEy,2227812,Ali,Feizmohammadi,4.2,22,77.2727,3.6,Mathematics
VGVhY2hlci0zMTE2NDc2,3116476,Sabrina,Lin,3.1,13,46.1538,3.1,Mathematics
VGVhY2hlci0zMTUzNjY3,3153667,Elden,Elmanto,5.0,2,100.0,4.5,Mathematics
VGVhY2hlci0yOTUyMzg3,2952387,Shuyang ,Shen,4.3,15,80.0,3.1,Mathematics
VGVhY2hlci0zMTIxNzc5,3121779,Shahaboddin,Shaabani,1.0,2,0.0,4.0,Mathematics
VGVhY2hlci0zMDIyNDY3,3022467,Gracia,Dong,3.8,23,73.913,3.4,Mathematics
VGVhY2hlci0yOTkxOTc0,2991974,Benjamin,Landon,4.3,10,70.0,3.9,Mathematics
VGVhY2hlci0zMTE4OTI2,3118926,Yongquan (George),Huang,5.0,5,100.0,1.8,Mathematics
VGVhY2hlci0xMTg3Njk3,1187697,Bernardo,Galvao-Sousa,2.2,165,22.6027,4.2,Mathematics
VGVhY2hlci0zMTE3Nzk5,3117799,Kyle ,Bower,4.4,19,89.4737,2.8,Mathematics
VGVhY2hlci0zMTUxMTY4,3151168,Yi,Shan,4.0,1,100.0,3.0,Mathematics
VGVhY2hlci0yMzU0NjQ0,2354644,Fabian,Parsch,4.7,24,91.6667,2.9,Mathematics
VGVhY2hlci0zMTI5Mjk1,3129295,Aleksandr,Popkovich,4.0,2,100.0,1.5,Mathematics
VGVhY2hlci0yOTIzMzkx,2923391,Afiny ,Akdemir,2.8,22,50.0,3.7,Mathematics
VGVhY2hlci0yOTQ0NjEy,2944612,Wenyu ,Pan ,2.9,9,33.3333,3.6,Mathematics
VGVhY2hlci0zMDg4NzQ1,3088745,Jorge,Cruz Chapital,4.8,8,100.0,3.1,Mathematics
VGVhY2hlci0yOTE1OTcx,2915971,Shuofeng,Xu,5.0,9,100.0,2.8,Mathematics
VGVhY2hlci0zMTUwODQw,3150840,Aidan,Lindberg,4.0,2,50.0,4.5,Mathematics
VGVhY2hlci0zMDg3Nzk1,3087795,Fabio,Pusateri,3.0,2,50.0,3.0,Mathematics
VGVhY2hlci0zMTUxMjE4,3151218,Christopher, Blier-wong,2.5,4,25.0,4.5,Mathematics
VGVhY2hlci0zMDE5NDAw,3019400,Gael,Diebou,1.9,32,25.0,4.1,Mathematics
VGVhY2hlci0zMDY1Njgy,3065682,Dimitrios,Karslidis,4.7,14,100.0,2.1,Mathematics
VGVhY2hlci0zMDcxMDcy,3071072,Kirill,Kashkan ,3.8,6,66.6667,3.3,Mathematics
VGVhY2hlci0zMDY4OTIx,3068921,Ila,Varma,5.0,3,100.0,2.7,Mathematics
VGVhY2hlci0yMzU2OTE3,2356917,Shay,Fuchs,5.0,2,50.0,4.0,Mathematics
VGVhY2hlci0yODUzNDQ5,2853449,Shubhangi,Saraf,4.0,3,66.6667,3.7,Mathematics
VGVhY2hlci0zMTE4MDc3,3118077,Jnaneshwar, Baslinker,1.0,2,0.0,4.0,Mathematics
VGVhY2hlci0yOTU2NjIy,2956622,Geoffrey,McGregor,4.7,16,93.75,3.2,Mathematics
VGVhY2hlci0zMDk1NjQ1,3095645,Obinna ,Idu,4.0,3,66.6667,3.0,Mathematics
VGVhY2hlci0zMTI1MDkx,3125091,George,Huang,5.0,1,100.0,3.0,Mathematics
VGVhY2hlci0yODc1NjE1,2875615,Denis,Gorodkov,4.5,34,88.2353,2.9,Mathematics
VGVhY2hlci0zMDg1NDk2,3085496,Jorge,Antonio Cruz Chapital,5.0,1,100.0,3.0,Mathematics
VGVhY2hlci0zMDQxMDcz,3041073,Simone,Coccia,5.0,5,100.0,2.8,Mathematics
VGVhY2hlci0zMTA4NzQw,3108740,Yitong,Wang,5.0,2,100.0,3.5,Mathematics
VGVhY2hlci0yOTU1MzY4,2955368,Aaron,Tronsgard,5.0,9,100.0,2.2,Mathematics
VGVhY2hlci0zMDI1NTEx,3025511,Tonatiuh,Wiederhold,5.0,3,100.0,2.7,Mathematics
VGVhY2hlci0zMDY4MjE2,3068216,Luciano,Salvetti Martinez,4.9,14,100.0,3.2,Mathematics
VGVhY2hlci0zMTE4MjM4,3118238,Yulun,Xu,3.7,3,66.6667,2.3,Mathematics
VGVhY2hlci0zMTE0Njcw,3114670,Yukai,Zhang,5.0,2,100.0,3.5,Mathematics
VGVhY2hlci0zMDE1NjM1,3015635,Mikale,Reddy,5.0,5,100.0,2.8,Mathematics
VGVhY2hlci0zMTE2OTI1,3116925,Tresa ,Doucet,5.0,1,100.0,2.0,Mathematics
VGVhY2hlci0yOTIwMDcy,2920072,Luke,Volk,1.0,6,0.0,5.0,Mathematics
VGVhY2hlci0yOTk2OTM2,2996936,Ali,Pirhosseinloo,4.0,10,70.0,2.7,Mathematics
VGVhY2hlci0yMjMzMTU0,2233154,Asif,Zaman,4.5,58,86.2069,3.4,Mathematics
VGVhY2hlci0yOTMzMDEw,2933010,Piotr,Zwiernik,3.7,3,66.6667,3.3,Mathematics
VGVhY2hlci0zMDc1Mzg4,3075388,Mehul,Gupta,5.0,7,100.0,2.4,Mathematics
VGVhY2hlci0yODI1MzUy,2825352,Emily,Erlebach,2.3,9,33.3333,3.2,Mathematics
VGVhY2hlci0zMDY0Njg1,3064685,Sebastian ,Espinosa,4.0,1,100.0,2.0,Mathematics
VGVhY2hlci0yNTQ0ODI4,2544828,Jamal,Kawach,4.7,28,96.4286,2.8,Mathematics
VGVhY2hlci0zMDU0ODQ0,3054844,Lior,Gishboliner,5.0,3,100.0,3.3,Mathematics
VGVhY2hlci0yODcyMDc5,2872079,Daniel ,Calderon Wilches,4.0,5,80.0,2.8,Mathematics
VGVhY2hlci0zMDg4MzIy,3088322,Marco ,Volpe,1.0,1,0.0,4.0,Mathematics
VGVhY2hlci0yODc0NzY4,2874768,Camelia ,Karimian Pour,4.8,8,87.5,3.1,Mathematics
VGVhY2hlci0yNzE5MTcz,2719173,Daniel,Alvarez,3.0,8,62.5,3.1,Mathematics
VGVhY2hlci0zMDI5OTgx,3029981,Adrian,She,1.4,7,14.2857,3.9,Mathematics
VGVhY2hlci0zMDIyMzgy,3022382,Mahdi,Rafiei,5.0,4,100.0,4.3,Mathematics
VGVhY2hlci0zMDc0MTE0,3074114,Vivian,He,4.0,1,100.0,3.0,Mathematics
VGVhY2hlci0zMDcxNDcx,3071471,Fedor,Manin,5.0,1,100.0,2.0,Mathematics
VGVhY2hlci0yOTQyNDc3,2942477,Hunter,Spink,4.3,4,75.0,4.0,Mathematics
VGVhY2hlci0yOTc0NDUw,2974450,Daniel ,Hudson,5.0,1,100.0,1.0,Mathematics
VGVhY2hlci0yOTIyNzY0,2922764,Gavin, Hurd,3.1,11,45.4545,3.4,Mathematics
VGVhY2hlci0zMDAzOTM3,3003937,Ismael ,Sierra,3.0,3,66.6667,4.7,Mathematics
VGVhY2hlci0yOTkxNzg4,2991788,Alexander, Slamen,4.0,1,100.0,3.0,Mathematics
VGVhY2hlci0yOTczNTk0,2973594,Aleksandr,Berdnikov,2.0,2,0.0,4.0,Mathematics
VGVhY2hlci0yMjkyNzc1,2292775,Kingeon,Tsang,5.0,5,100.0,3.2,Mathematics
VGVhY2hlci0yODc1NjI0,2875624,Sebastian,Gherghe,4.9,14,92.8571,3.4,Mathematics
VGVhY2hlci0zMDI2OTAx,3026901,Jiyuan,Lu,4.0,3,100.0,1.7,Mathematics
VGVhY2hlci0yOTIyNzkz,2922793,Andy,Ramirez-Cote,1.0,4,0.0,4.5,Mathematics
VGVhY2hlci0yOTIxOTI1,2921925,Joaquin,Sanchez Garcia,5.0,1,100.0,5.0,Mathematics
VGVhY2hlci0yOTU4MDg1,2958085,Malors ,Lara,5.0,2,100.0,4.5,Mathematics
VGVhY2hlci0yOTk5NzI5,2999729,Xincheng ,Zhang,0.0,0,-1.0,0.0,Mathematics
VGVhY2hlci0yODI1Mzg5,2825389,Esam,Mahdi,2.4,15,40.0,3.9,Mathematics
VGVhY2hlci0yOTg1MTQx,2985141,Mohammad,Vasfi,5.0,1,100.0,3.0,Mathematics
VGVhY2hlci0yNDgzMTkx,2483191,Giulio,Tiozzo,5.0,3,100.0,2.0,Mathematics
VGVhY2hlci0yODg3ODc4,2887878,Ziteng,Cheng,1.3,18,5.5556,4.6,Mathematics
VGVhY2hlci0yODkwNzU3,2890757,Leo,Jiang,1.0,5,0.0,4.8,Mathematics
VGVhY2hlci0yNzI1MTQz,2725143,Murari,Singh,1.2,23,0.0,4.4,Mathematics
VGVhY2hlci0yODg3ODcy,2887872,Wenyu,Phan,4.0,1,100.0,2.0,Mathematics
VGVhY2hlci0yNjYzNDQ3,2663447,Joshua,Lackman,2.4,8,25.0,3.6,Mathematics
VGVhY2hlci0yNzI1ODMy,2725832,Kate,Duan,1.0,1,0.0,5.0,Mathematics
VGVhY2hlci0yMjgzNjM2,2283636,Larissa,Richards,2.4,14,35.7143,3.4,Mathematics
VGVhY2hlci0yNDM5OTIx,2439921,Daniel,Simpson,1.4,5,0.0,4.0,Mathematics
VGVhY2hlci0yNTM4MTQ1,2538145,Zhengyu,Li,4.5,4,75.0,3.3,Mathematics
VGVhY2hlci0yNTE1MTk2,2515196,Casey,Jao,3.0,2,0.0,4.0,Mathematics
VGVhY2hlci0yNDcxNzI0,2471724,Richard,Derryberry,1.9,8,25.0,4.5,Mathematics
VGVhY2hlci0yMjg4NDAz,2288403,Ozgur,Esentepe,4.0,6,66.6667,3.8,Mathematics
VGVhY2hlci0yMTM2MzY1,2136365,Robert,Jerrard,3.8,6,80.0,3.2,Mathematics
VGVhY2hlci0yMzg4Njc1,2388675,Travis,Ens,5.0,1,100.0,4.0,Mathematics
VGVhY2hlci0yMDA3MzY5,2007369,Daniel,Rowe,4.8,2,-1.0,2.5,Mathematics
VGVhY2hlci0zMDI4MDY4,3028068,Alice,Rolf,0.0,0,-1.0,0.0,Mathematics
VGVhY2hlci0zMTI1ODI5,3125829,Lijia,WANG,0.0,0,-1.0,0.0,Mathematics
VGVhY2hlci0zMTIzMTAy,3123102,Narmada,Varadarajan,0.0,0,-1.0,0.0,Mathematics
VGVhY2hlci0zMTE5MTQ3,3119147,Oliver ,Pankratz,0.0,0,-1.0,0.0,Mathematics
VGVhY2hlci0zMDYyNjk3,3062697,Maryam,Khaqan,0.0,0,-1.0,0.0,Mathematics
VGVhY2hlci0zMTE2NjIw,3116620,Xiaocui,Yue,0.0,0,-1.0,0.0,Mathematics
VGVhY2hlci0yOTk4ODE4,2998818,Mathias,Braun,0.0,0,-1.0,0.0,Mathematics
VGVhY2hlci0yNjkyNzQ0,2692744,Alex,Yang,0.0,0,-1.0,0.0,Mathematics
VGVhY2hlci0yOTE4NjQx,2918641,Dmitriy,Panchenko,0.0,0,-1.0,0.0,Mathematics
VGVhY2hlci0yOTc4NTEy,2978512,Luis,Nieto-Barajas,0.0,0,-1.0,0.0,Mathematics
VGVhY2hlci0yODkyNzU5,2892759,Fabiola,Cruze Li,0.0,0,-1.0,0.0,Mathematics
VGVhY2hlci0yODcyOTQ5,2872949,Israel,Sigal,0.0,0,-1.0,0.0,Mathematics
VGVhY2hlci0yNDU4MzQ3,2458347,Oliver,Bennett,0.0,0,-1.0,0.0,Mathematics
VGVhY2hlci0yNTY4ODAw,2568800,Stevo,Todorcevic,0.0,0,-1.0,0.0,Mathematics
VGVhY2hlci0zMTYwODQ3,3160847,Amenda ,Chow,0.0,0,-1.0,0.0,Mathematics
VGVhY2hlci0zMTE0NjY4,3114668,Federico,Manganello,0.0,0,-1.0,0.0,Mathematics
VGVhY2hlci0zMDAxMjMz,3001233,Ziheng,Lin,0.0,0,-1.0,0.0,Mathematics
VGVhY2hlci0zMDM0ODcw,3034870,Austin,Brown,0.0,0,-1.0,0.0,Mathematics
VGVhY2hlci0zMDY4MTA5,3068109, Jorge,Chapital,0.0,0,-1.0,0.0,Mathematics
VGVhY2hlci0zMDg1NTAw,3085500,Jorge,Chapital,0.0,0,-1.0,0.0,Mathematics
VGVhY2hlci0zMDY5MTI3,3069127,Luciano,Martinez,0.0,0,-1.0,0.0,Mathematics
VGVhY2hlci0yODk2NDM5,2896439,Alexander,Kreinin ,0.0,0,-1.0,0.0,Mathematics
VGVhY2hlci0yOTE5NjI4,2919628,Clovis,Hamel,0.0,0,-1.0,0.0,Mathematics
VGVhY2hlci0yODYwNDM1,2860435,Jessica,Liu,0.0,0,-1.0,0.0,Mathematics
VGVhY2hlci0xODU0MTky,1854192,Kyle,Thompson,0.0,0,-1.0,0.0,Mathematics
VGVhY2hlci0zMTI0NDkx,3124491,Isabella,Negrini,0.0,0,-1.0,0.0,Mathematics
VGVhY2hlci0yODkyNzU2,2892756,Fabiola ,Li,0.0,0,-1.0,0.0,Mathematics
VGVhY2hlci0yOTIxNzY0,2921764,clovis,ascanio,0.0,0,-1.0,0.0,Mathematics
VGVhY2hlci0yNTY0MTE4,2564118,Paulo,Koeberle,2.9,12,41.6667,4.0,Medicine
VGVhY2hlci0yNjM4NzU5,2638759,Anna,Taddio,1.5,2,0.0,4.0,Medicine
VGVhY2hlci0zMTIwMDky,3120092,Bowen,Li ,5.0,1,100.0,1.0,Medicine
VGVhY2hlci0zMDE3NDMx,3017431,Jeff,Kroetsch,2.5,2,50.0,3.5,Medicine
VGVhY2hlci0zMDE3NDMy,3017432,Jim,Scholey,4.7,3,100.0,3.3,Medicine
VGVhY2hlci0yMzU0MDU0,2354054,Danielle,Bentley,4.4,18,83.3333,4.5,Medicine
VGVhY2hlci0zMDkxMzIx,3091321,Allen,Teng,0.0,0,-1.0,0.0,Medicine
VGVhY2hlci0zMDgxOTc1,3081975,Matthew,Danesh,0.0,0,-1.0,0.0,Medicine
VGVhY2hlci0yODc0MDc5,2874079,Amel,Taibi,5.0,2,100.0,2.5,Medicine
VGVhY2hlci0xMDYwMzA3,1060307,Sev,Perelman,4.8,4,100.0,3.8,Medicine
VGVhY2hlci0yNDk3NDgz,2497483,Kevin,Vuong,3.8,4,75.0,2.8,Medicine
VGVhY2hlci0yNDk3NDg0,2497484,Richard,Foty,3.0,1,0.0,3.0,Medicine
VGVhY2hlci05MDA2NzQ=,900674,Michael,Iwama,4.9,8,-1.0,2.8,Medicine
VGVhY2hlci0zMDEwODUw,3010850,Valerie,Dube,0.0,0,-1.0,0.0,Medicine
VGVhY2hlci0yMzg5MzQ0,2389344,Benjamin,Goldstein,0.0,0,-1.0,0.0,Medicine
VGVhY2hlci0zMTE0Njk0,3114694,Christie,Lee,0.0,0,-1.0,0.0,Medicine
VGVhY2hlci0zMTEwMTQ0,3110144,Andrew,Fraser,0.0,0,-1.0,0.0,Medicine
VGVhY2hlci0yNTAyMTc1,2502175,Marc,Jeschke,0.0,0,-1.0,0.0,Medicine
VGVhY2hlci0zMTMwMzQ2,3130346,Darren,Hamilton,1.0,1,0.0,3.0,Music
VGVhY2hlci0yOTU3OTQ2,2957946,Ellen,Lockhart,5.0,1,100.0,3.0,Music
VGVhY2hlci0zMTExMDk5,3111099,Carolyne,Sumner,5.0,1,100.0,1.0,Music
VGVhY2hlci0zMDQyOTAy,3042902,Jane,Forner,5.0,4,100.0,2.5,Music
VGVhY2hlci0yOTgyMjIz,2982223,Dennis,Lee,5.0,4,100.0,2.5,Music
VGVhY2hlci0yNzM3Mjg2,2737286,Sadie,Hochman-Ruiz,1.5,2,0.0,4.5,Music
VGVhY2hlci0xODIzMDM4,1823038,Larysa,Kuzmenko,4.0,3,-1.0,2.0,Music
VGVhY2hlci0xODIzMDQ0,1823044,Mary Ann,Parker,1.5,1,-1.0,5.0,Music
VGVhY2hlci0zMDY0MTk4,3064198,Peter,Johnston,0.0,0,-1.0,0.0,Music
VGVhY2hlci0zMTA5MDg1,3109085,Don,Englert,0.0,0,-1.0,0.0,Music
VGVhY2hlci0yOTcyODA4,2972808,Steven,Philcox,0.0,0,-1.0,0.0,Music
VGVhY2hlci0xNjg0NzI5,1684729,David,Briskin,0.0,0,-1.0,0.0,Music
VGVhY2hlci0yOTgwMzc4,2980378,Hamidreza,Salehyar,0.0,0,-1.0,0.0,Music
VGVhY2hlci0zMDA3ODM2,3007836,Rory,Lindsay,5.0,13,100.0,1.4,Religion
VGVhY2hlci0yOTg0MTkz,2984193,Tyler,Paul,3.7,50,65.3061,3.6,Economics
VGVhY2hlci0yOTY4ODk3,2968897,Cho Yin,Yong,3.5,8,62.5,3.8,Computer Science
VGVhY2hlci0yOTc5OTQ1,2979945,Sara,Verskin,3.0,7,42.8571,3.1,History
VGVhY2hlci0zMDg4NDc0,3088474,Andrey,Gornostaev,5.0,1,100.0,3.0,History
VGVhY2hlci0zMTQwNjY0,3140664,Omar,Alshawa,2.5,2,0.0,2.5,Mathematics
VGVhY2hlci0zMDMyMTc0,3032174,Matthew,Robbins ,2.7,111,40.5405,3.5,Physics
VGVhY2hlci0zMDUxNDY2,3051466,Mathilde,Gerbelli-Gauthier,4.7,28,96.4286,3.2,Mathematics
VGVhY2hlci0zMTM3MTI4,3137128,Micah,Freedman,1.0,4,0.0,3.0,Biology
VGVhY2hlci0xODc3MDkz,1877093,Kripa,Freitas,2.6,217,37.1287,4.2,Economics
VGVhY2hlci0zMDkyNDY5,3092469,Caleb,Pomeroy,5.0,13,100.0,1.7,Political Science
VGVhY2hlci0yOTk2NTM1,2996535,Emil,Marmol,3.0,2,50.0,5.0,Educational Research
VGVhY2hlci0yOTMwMDA1,2930005,Robert,Mason,3.2,5,60.0,3.6,Anthropology
VGVhY2hlci0zMDgzNTQ1,3083545,lisa,cruikshank ,4.5,2,100.0,1.5,Humanities
VGVhY2hlci0yODk2Mjg2,2896286,Odilia,Yim,1.3,36,5.5556,4.5,Psychology
VGVhY2hlci0zMDcxNTg0,3071584,Hayley,Liebenow,4.9,15,100.0,2.2,Psychology
VGVhY2hlci0zMDkwNDI1,3090425,Haley,Zubyk,5.0,9,100.0,1.9,Biology
VGVhY2hlci0zMTQ2ODA5,3146809,Tamara,Hogan,3.3,4,50.0,4.0,Mathematics
VGVhY2hlci0yODcwMDQ1,2870045,Mitchell,Mclvor ,5.0,37,100.0,2.1,Sociology
VGVhY2hlci0yODAyMDQy,2802042,Karina,Vold,2.3,3,33.3333,4.0,Philosophy
VGVhY2hlci0yNzgwMzMx,2780331,Mitchell,McIvor,4.8,32,96.875,2.0,Sociology
VGVhY2hlci0zMTIxMTQx,3121141,Alexandra,Malinowski,1.7,17,5.8824,4.4,Biology
VGVhY2hlci0zMTI0MTY3,3124167,Sarah,Robayo Sheridan,1.1,14,0.0,3.4,Fine Arts
VGVhY2hlci0yOTIxMTIw,2921120,Harry,Sha,4.7,10,90.0,2.8,Computer Science
VGVhY2hlci0zMTMwMDIz,3130023,Anhadvir,Anhadvir Singh,4.7,3,100.0,3.7,Biology
VGVhY2hlci0zMTE3NDU1,3117455,Mark,Miller,5.0,2,100.0,3.0,Science
VGVhY2hlci0zMDI4NjM3,3028637,Andrew ,Sabl,3.5,2,100.0,3.5,Political Science
VGVhY2hlci0zMTU3MDQw,3157040,Anastasia,Zabalueva,0.0,0,-1.0,0.0,Classics
VGVhY2hlci0zMDIyODQ1,3022845,Kylie,Luska,5.0,33,100.0,2.7,Chemistry
VGVhY2hlci0zMDEzMTA1,3013105,Jennifer,Peruniak,2.5,4,50.0,3.0,Sociology
VGVhY2hlci0yOTY4Mzc3,2968377,Aryan,Rezaei Rad,1.0,1,0.0,3.0,Engineering
VGVhY2hlci0zMTU5Mzk0,3159394,Friedemann ,Krannich,2.0,1,0.0,3.0,Mathematics
VGVhY2hlci0zMTU5Njcw,3159670,Jeff,Noh,5.0,1,100.0,4.0,English
VGVhY2hlci0yOTY5MTI1,2969125,Ashlee,Brunt,2.0,3,33.3333,3.7,Science
VGVhY2hlci0zMTEzNjc5,3113679,Eric,Hart,1.0,1,0.0,5.0,Mathematics
VGVhY2hlci0yOTIwNDA5,2920409,Paul,Harrison,3.1,8,50.0,2.8,Architecture
VGVhY2hlci0zMTU3ODY4,3157868,Tianna,Peller,3.7,3,66.6667,2.7,Biology
VGVhY2hlci0zMDczNDcw,3073470,Irene,Poetranto,2.0,90,25.5556,3.5,Political Science
VGVhY2hlci0yOTM2NzA4,2936708,Mark,Jeffrey,2.6,10,40.0,3.9,Engineering
VGVhY2hlci0yODcxMDYx,2871061,John,Simpson-Porco,5.0,1,100.0,3.0,Electrical & Computer Engineering
VGVhY2hlci0yODExNTMx,2811531,Ignacio,Uriarte-Tuero,2.0,4,25.0,4.3,Mathematics
VGVhY2hlci0zMTIwMTI3,3120127,Deidre,Flynn,1.4,12,0.0,3.5,English
VGVhY2hlci0zMDI0NjUy,3024652,Abdelhalim , Elamroussy,5.0,7,100.0,1.4,Languages
VGVhY2hlci0yODQ3ODY3,2847867,Omer,Ozcan,3.5,13,69.2308,2.9,Anthropology
VGVhY2hlci0zMDU2NzA0,3056704,Jason,De Melo,3.1,12,50.0,3.7,Biochemistry
VGVhY2hlci0zMDY4MzEx,3068311,Moutaa, El Waer,2.0,8,12.5,4.4,Sociology
VGVhY2hlci0zMDA4MDYw,3008060,Madeleine, Orr,2.5,2,0.0,3.0,Physical Education
VGVhY2hlci0zMTU5Mzc5,3159379,Valentin,Crepel,0.0,0,-1.0,0.0,Physics
VGVhY2hlci0xNzk5Mzkw,1799390,Mark,Hathaway,4.5,34,81.25,2.7,Environment
VGVhY2hlci0zMDQxMDY2,3041066,Tianhao,Xian,3.2,22,45.4545,3.4,Mathematics
VGVhY2hlci0xNjQyNjE1,1642615,Erol,Boran,4.3,16,87.5,2.3,Literature
VGVhY2hlci0yOTg4Mzg4,2988388,Xiang,Li,1.0,7,0.0,4.0,Physics
VGVhY2hlci0yNjIzOTMx,2623931,Eamon,Darnell,2.7,51,41.1765,3.3,Philosophy
VGVhY2hlci0yNjQ1ODUw,2645850,Victor,Falkenheim,5.0,35,100.0,2.3,Political Science
VGVhY2hlci0zMDcwODg3,3070887,David,Zarnett,4.6,9,88.8889,3.4,Political Science
VGVhY2hlci0zMDIyMzU4,3022358,Moaz,Shoura,4.4,23,73.913,3.5,Psychology
VGVhY2hlci0zMTI5NDEx,3129411,Carleigh,Pace-Tonna,3.6,32,62.5,2.6,Psychology
VGVhY2hlci0zMDMzOTE3,3033917,Aya,Sakaya,4.9,27,100.0,2.3,Chemistry
VGVhY2hlci0yMjI3ODEy,2227812,Ali,Feizmohammadi,4.2,22,77.2727,3.6,Mathematics
VGVhY2hlci0zMDg0MjMx,3084231,Amanda,Hargrove,1.3,21,4.7619,4.3,Chemistry
VGVhY2hlci0zMDQzMjY4,3043268,Luke,Mahler,4.2,20,80.0,2.7,Biology
VGVhY2hlci0zMTE2NDc2,3116476,Sabrina,Lin,3.1,13,46.1538,3.1,Mathematics
VGVhY2hlci0yOTE0OTEw,2914910,Niv,Dayan,5.0,9,100.0,3.0,Computer Science
VGVhY2hlci0zMDY2MzM1,3066335,Jessica,D'eon,4.9,7,100.0,2.7,Chemistry
VGVhY2hlci0zMTI4ODk1,3128895,Megan,Frederickson,3.8,6,100.0,3.2,Biology
VGVhY2hlci0zMTMwMzI5,3130329,Mark,Wilson,3.8,4,50.0,2.8,Chemistry
VGVhY2hlci0zMTUzNjY3,3153667,Elden,Elmanto,5.0,2,100.0,4.5,Mathematics
VGVhY2hlci0zMDcyNjMw,3072630,Simeon,Newman,2.5,2,50.0,4.0,Sociology
VGVhY2hlci0yOTUyMzg3,2952387,Shuyang ,Shen,4.3,15,80.0,3.1,Mathematics
VGVhY2hlci0yOTUwNTUy,2950552,Hadi ,El-Shayeb,4.0,11,72.7273,2.6,Architecture
VGVhY2hlci0yOTY3MDgx,2967081,Jennifer,Ross,4.8,5,100.0,2.0,Humanities
VGVhY2hlci0zMDQzMjEw,3043210,Amar,Ghelani,3.7,3,66.6667,3.7,Social Work
VGVhY2hlci0zMDQ0NDEw,3044410,Douglas,Eacho,2.0,5,20.0,2.6,Theater
VGVhY2hlci0zMTU2NjE5,3156619,Daniel,Rubenson,1.8,4,0.0,3.5,Political Science
VGVhY2hlci0zMTI5Njc4,3129678,Galit,Sarfaty,1.0,2,0.0,4.0,Law
VGVhY2hlci0yOTg0MTU3,2984157,Marvin,Morales,1.0,1,0.0,3.0,Chemistry
VGVhY2hlci0yOTg5MDEy,2989012,Samuel,Akinbo,3.2,9,55.5556,3.2,Humanities
VGVhY2hlci0zMTI4Njgy,3128682,Lynette ,Ong,4.0,1,100.0,3.0,Political Science
VGVhY2hlci0yODczMDA0,2873004,Chandra,Murdoch,3.7,7,42.8571,3.3,History
VGVhY2hlci0zMTMyMzU0,3132354,Fern,Ramoutar,4.3,6,83.3333,3.3,Economics
VGVhY2hlci0zMTU1OTY2,3155966,Kayleigh,Swanson,5.0,4,100.0,3.0,Environment
VGVhY2hlci0zMTIxNzc5,3121779,Shahaboddin,Shaabani,1.0,2,0.0,4.0,Mathematics
VGVhY2hlci0yOTIzOTA2,2923906,William,O'Connell ,4.0,2,100.0,3.0,Political Science
VGVhY2hlci0zMTE3MTg4,3117188,Angela,Medina,1.5,38,15.7895,4.5,Criminal Justice
VGVhY2hlci0zMTUwNTA5,3150509,Marcelle,Kitengie,5.0,4,100.0,3.0,Physical Education
VGVhY2hlci0zMTUxMzc3,3151377,Shawn ,Lehman ,5.0,1,100.0,3.0,Anthropology
VGVhY2hlci0zMDIyNDY3,3022467,Gracia,Dong,3.8,23,73.913,3.4,Mathematics
VGVhY2hlci0xNzU4MzQ0,1758344,Paul,Gries,4.9,10,100.0,2.5,Computer Science
VGVhY2hlci0yOTkxOTc0,2991974,Benjamin,Landon,4.3,10,70.0,3.9,Mathematics
VGVhY2hlci0zMTUzNTYy,3153562,Loree,Erickson,3.0,2,50.0,3.0,Women's Studies
VGVhY2hlci0zMTMwMzQ2,3130346,Darren,Hamilton,1.0,1,0.0,3.0,Music
VGVhY2hlci0zMDgyMzEz,3082313,Chen,Ying,2.7,18,33.3333,2.2,Engineering
VGVhY2hlci0zMDQ4MzMw,3048330,Melanie,Mascarenhas,4.5,17,94.1176,3.1,Psychology
VGVhY2hlci0yODQ4NjM4,2848638,Samantha,Chang,4.8,6,100.0,1.5,Art History
VGVhY2hlci0zMTU0ODQy,3154842,James,Toma,5.0,1,100.0,2.0,History
VGVhY2hlci0yOTI0Mjg0,2924284,Nicolas,Grisouard,4.0,27,77.7778,3.0,Physics
VGVhY2hlci0yOTkxNzY2,2991766,Jonathan ,Bayer,4.9,14,100.0,2.4,History
VGVhY2hlci0yOTY2ODk5,2966899,Mia,Radovanovic,3.7,9,77.7778,4.0,Psychology
VGVhY2hlci0yOTE3NTU1,2917555,Barbara,Ferguson,3.8,6,83.3333,3.0,Women's Studies
VGVhY2hlci0zMTE4OTI2,3118926,Yongquan (George),Huang,5.0,5,100.0,1.8,Mathematics
VGVhY2hlci0yNDUzNTE4,2453518,Serene,Tan,2.1,7,28.5714,3.9,Geography
VGVhY2hlci0zMDUxMzE4,3051318,Jennifer,DeSilva,5.0,5,100.0,3.4,History
VGVhY2hlci0zMDgzMDQ5,3083049,Patricia,Sanchez,3.7,3,66.6667,3.7,Psychology
VGVhY2hlci0zMTIzNDA1,3123405,Gwen,Bradford,5.0,2,100.0,2.0,Philosophy
VGVhY2hlci0yODQ5Mjg5,2849289,Ronald,Charles,2.5,2,50.0,2.5,Religion
VGVhY2hlci0yOTcwMjk2,2970296,Jacob,Dvorak,5.0,1,100.0,1.0,Classics
VGVhY2hlci0zMTM1MTEy,3135112,Grant,Wiedenfeld,1.0,1,0.0,3.0,Humanities
VGVhY2hlci0xMTg3Njk3,1187697,Bernardo,Galvao-Sousa,2.2,165,22.6027,4.2,Mathematics
VGVhY2hlci0zMTE3Nzk5,3117799,Kyle ,Bower,4.4,19,89.4737,2.8,Mathematics
VGVhY2hlci0yOTQ2MTQ1,2946145,Joseph,Dattilo ,2.4,15,40.0,4.4,Political Science
VGVhY2hlci0zMDY4MzM2,3068336,Vanessa,McCarthy,3.8,4,75.0,2.0,History
VGVhY2hlci0zMDc3ODY3,3077867,Valeria,Cruz,5.0,3,100.0,2.3,Languages
VGVhY2hlci0zMTIzNTg5,3123589,Noel,Brett,3.0,2,50.0,4.0,Design
VGVhY2hlci0zMTUxMTY4,3151168,Yi,Shan,4.0,1,100.0,3.0,Mathematics
VGVhY2hlci0yOTUzMTE5,2953119,sheri,allain,4.6,20,90.0,2.5,Marketing
VGVhY2hlci0yMzU0NjQ0,2354644,Fabian,Parsch,4.7,24,91.6667,2.9,Mathematics
VGVhY2hlci0zMDU0NjY5,3054669,Constance,de Font-Reaulx,2.9,11,54.5455,3.2,History
VGVhY2hlci0zMTI5Mjk1,3129295,Aleksandr,Popkovich,4.0,2,100.0,1.5,Mathematics
VGVhY2hlci0yOTIzMzkx,2923391,Afiny ,Akdemir,2.8,22,50.0,3.7,Mathematics
VGVhY2hlci0zMDM2Nzc2,3036776,Paul,He,4.8,15,100.0,2.4,Computer Science
VGVhY2hlci0zMTA5NzIx,3109721,Ashley,Waggoner Denton,3.3,12,58.3333,3.4,Psychology
VGVhY2hlci0zMTIyNTU2,3122556,Susanna,Bejar ,1.3,9,0.0,4.4,Languages
VGVhY2hlci0zMDMwOTI0,3030924,Hannah,Gans,3.0,61,57.377,3.3,Psychology
VGVhY2hlci0yOTQ0NjEy,2944612,Wenyu ,Pan ,2.9,9,33.3333,3.6,Mathematics
VGVhY2hlci0zMTU1NzQz,3155743,Stephanie,Azzarello,2.6,7,28.5714,4.0,Art History
VGVhY2hlci0yOTY2MDcw,2966070,Tommaso ,Pavone,5.0,6,100.0,2.0,Political Science
VGVhY2hlci0zMDgzNzUz,3083753,Donna,Schatz ,1.0,6,0.0,4.8,Environment
VGVhY2hlci0zMTEzMDgy,3113082,Samarendra,Dash,3.0,2,50.0,1.5,Computer Science
VGVhY2hlci0yOTQ2Njg1,2946685,Yukiko,Kobayashi Lui,3.0,2,50.0,3.5,Law
VGVhY2hlci0zMTM0NDcx,3134471,Larissa ,Lai,5.0,1,100.0,2.0,Pacific & Asian Studies
VGVhY2hlci0yNjgwMTM1,2680135,Joseph,Williams,1.7,23,13.0435,2.4,Psychology
VGVhY2hlci0yOTUzMzg5,2953389,Loren,Brandt,1.7,18,27.7778,4.3,Economics
VGVhY2hlci0yODU4Mzc0,2858374,Maria,Cichosz,5.0,9,100.0,2.7,Humanities
VGVhY2hlci0yOTYzNjk0,2963694,Paul,Gooch,4.2,9,77.7778,3.4,Philosophy
VGVhY2hlci0zMDg4NzQ1,3088745,Jorge,Cruz Chapital,4.8,8,100.0,3.1,Mathematics
VGVhY2hlci0zMTA1MzAz,3105303,Tahir,Sharaan,3.5,8,62.5,3.0,Physics
VGVhY2hlci0zMDY2ODA3,3066807,Ignacio ,Aitken ,2.9,7,42.8571,3.0,Geography
VGVhY2hlci0yOTAxNTU1,2901555,Shirley,Yeung,4.2,6,66.6667,2.8,Anthropology
VGVhY2hlci0zMTU2NTUx,3156551,Samuel,Delage,2.0,1,0.0,4.0,Biology
VGVhY2hlci0yOTEzMDU3,2913057,Naijin,Li,4.2,14,78.5714,2.1,Biology
VGVhY2hlci0yOTkwNDEy,2990412,Joanna,Pepin,3.3,11,45.4545,3.3,Sociology
VGVhY2hlci0yOTE0ODgw,2914880,Andres,Kasekamp,2.3,8,25.0,3.5,History
VGVhY2hlci0zMTE1NDIy,3115422,Velez-Villegas,Juan-Manuel,2.3,6,33.3333,2.5,Environment
VGVhY2hlci0zMTA4NjI1,3108625,Katerina,Apokatanidis,3.2,5,60.0,3.2,Classics
VGVhY2hlci0yNDkwMzQy,2490342,Daniel,Milway,1.7,20,15.0,4.2,Languages
VGVhY2hlci0zMDkyNDgx,3092481,Patricia,Mockler,4.5,10,88.8889,1.8,Political Science
VGVhY2hlci0zMDM3Njkz,3037693,Caitlin,Cunningham,4.3,4,75.0,3.8,Geography
VGVhY2hlci0yOTMxNTY1,2931565,Akshay,Bapat,1.2,17,5.8824,4.5,Computer Science
VGVhY2hlci0yMjcxMDUy,2271052,Shawn,Micallef,3.8,11,72.7273,2.0,Journalism
VGVhY2hlci0yOTYwNDc5,2960479,Barbara,Simões,4.6,10,90.0,3.1,English
VGVhY2hlci0yOTE1OTcx,2915971,Shuofeng,Xu,5.0,9,100.0,2.8,Mathematics
VGVhY2hlci0zMTU2NTAy,3156502,Vera ,Khovanskaya,1.0,1,0.0,4.0,Information Science
VGVhY2hlci0yMjE3MTQ1,2217145,Sophie,Rousseaux,4.9,23,100.0,2.9,Chemistry
VGVhY2hlci0zMDQ4Nzg5,3048789,Debanjan ,Borthakur,4.9,19,100.0,2.7,Psychology
VGVhY2hlci0zMTI4MzM5,3128339,Pierre,Marty,1.1,13,0.0,4.7,Art History
VGVhY2hlci0zMTE3MjQ1,3117245,Fabio,Robibaro,5.0,13,100.0,2.7,Sociology
VGVhY2hlci0zMTA3MDI4,3107028,Frances,O'Shaughnessy,5.0,4,100.0,2.5,Women's Studies
VGVhY2hlci0yOTc4ODAy,2978802,David,Lindell,4.5,4,100.0,4.0,Computer Science
VGVhY2hlci0zMDgzODE2,3083816,Dror,Shvadron,4.0,4,75.0,2.8,Business
VGVhY2hlci0zMTUwODQw,3150840,Aidan,Lindberg,4.0,2,50.0,4.5,Mathematics
VGVhY2hlci0zMTQ5Mjkz,3149293,Bruno Rafael,Vera de Morais e Silva,5.0,2,100.0,3.0,Information Science
VGVhY2hlci0zMDg3Nzk1,3087795,Fabio,Pusateri,3.0,2,50.0,3.0,Mathematics
VGVhY2hlci0zMTU2NDI3,3156427,Manuel,Ramirez,1.0,2,0.0,4.5,Languages
VGVhY2hlci0zMDgwMDQ1,3080045,safia,aidid ,5.0,1,100.0,3.0,History
VGVhY2hlci0yNTgzMzQ5,2583349,Tasca,Santimano,3.7,25,64.0,3.8,Geology
VGVhY2hlci0zMTE4NDg4,3118488,Sergio,Barrera,3.6,5,40.0,3.6,Physics
VGVhY2hlci0zMTUxMjE4,3151218,Christopher, Blier-wong,2.5,4,25.0,4.5,Mathematics
VGVhY2hlci0zMDgwMzY5,3080369,Yoonkyung,Lee,1.5,2,0.0,4.0,Sociology
VGVhY2hlci0zMTE4MjM0,3118234,Yulun,Xu,4.2,33,78.7879,2.3,Engineering
VGVhY2hlci0zMDgwMzY4,3080368,Simeon ,Newman,1.3,30,10.0,3.8,History
VGVhY2hlci0yOTI1NzI2,2925726,Carolyn,Guay,4.7,12,91.6667,3.7,Psychology
VGVhY2hlci0zMTIyODE1,3122815,Muhammad,Muhammad Asif,1.0,8,0.0,4.0,Criminal Justice
VGVhY2hlci0zMDg2NzIx,3086721,Letizia,Tesi,3.7,3,66.6667,3.0,History
VGVhY2hlci0zMDE5NDAw,3019400,Gael,Diebou,1.9,32,25.0,4.1,Mathematics
VGVhY2hlci0yMjI3MTAw,2227100,Jessica,Hill,3.8,18,72.2222,2.8,Biology
VGVhY2hlci0zMDY1Njgy,3065682,Dimitrios,Karslidis,4.7,14,100.0,2.1,Mathematics
VGVhY2hlci0zMDcxMDcy,3071072,Kirill,Kashkan ,3.8,6,66.6667,3.3,Mathematics
VGVhY2hlci0zMDc5MTky,3079192,Lee,Emrich,5.0,2,100.0,2.0,English
VGVhY2hlci0yOTMzNjc2,2933676,Marcin,Janczak,4.2,6,66.6667,2.7,Languages
VGVhY2hlci0zMTAxNzI5,3101729,Kathleen,Dobson,4.8,5,100.0,2.6,Economics
VGVhY2hlci0zMDA1NzUz,3005753,Timothy ,Burkhart ,2.4,5,60.0,3.4,Physical Education
VGVhY2hlci0zMTQ3Njkz,3147693,Anwar,Hithnawi,5.0,2,100.0,2.5,Computer Science
VGVhY2hlci0zMTM0NDE2,3134416,Kevin,Roy,5.0,1,100.0,4.0,Geography
VGVhY2hlci0zMTI0MzIz,3124323,Hugh ,O'Neill,1.0,4,0.0,4.5,Communication
VGVhY2hlci0yOTc4MDQ2,2978046,Elizabeth,McCallion,4.2,11,100.0,2.6,Political Science
VGVhY2hlci0zMTE5MzU1,3119355,Brian,Rathbun,3.8,8,75.0,4.1,Public Policy & Administration
VGVhY2hlci0yOTAwMjk5,2900299,Philip,Sapirstein,4.0,3,66.6667,4.0,Art History
VGVhY2hlci0zMTI5MjE4,3129218,Momo,Tanaka,5.0,2,100.0,2.5,Sociology
VGVhY2hlci0zMTQ1NzYz,3145763,Juan Carlos,Rocha Osornio,5.0,1,100.0,5.0,Languages
VGVhY2hlci0zMTI2MTM1,3126135,Anaisa,Silva Gordino,5.0,3,100.0,1.3,Languages
VGVhY2hlci0zMTU1NDA5,3155409,Zi Yang,Kang,5.0,1,100.0,1.0,Economics
VGVhY2hlci0yOTE2MTcw,2916170,Parnia,Vafaeikia,5.0,4,100.0,3.3,Religion
VGVhY2hlci0zMDY4OTIx,3068921,Ila,Varma,5.0,3,100.0,2.7,Mathematics
VGVhY2hlci0yNTY0MTE4,2564118,Paulo,Koeberle,2.9,12,41.6667,4.0,Medicine
VGVhY2hlci0yOTM0MzEz,2934313,Noa,Yaari,1.0,4,0.0,4.8,History
VGVhY2hlci0yNTMwOTYx,2530961,Alexandra,Gustafson,4.6,16,81.25,2.2,Philosophy
VGVhY2hlci0yOTc3NTQ3,2977547,Eldan,Cohen,5.0,3,100.0,2.7,Engineering
VGVhY2hlci0yMzU2OTE3,2356917,Shay,Fuchs,5.0,2,50.0,4.0,Mathematics
VGVhY2hlci0zMTM1OTU3,3135957,Andrew,Lavigne ,3.0,1,100.0,2.0,Philosophy
VGVhY2hlci0yOTU5ODMz,2959833,Mark,Rempel,2.4,5,40.0,4.2,Economics
VGVhY2hlci0zMDU2NzE3,3056717,Ali,Rahbar,4.0,4,75.0,2.8,Computer Science
VGVhY2hlci0zMTE2ODEz,3116813,Aedan ,Alderson,4.0,1,100.0,4.0,Geography
VGVhY2hlci0yNDUwNDEy,2450412,Derek,Ng,5.0,8,100.0,2.1,Biology
VGVhY2hlci0yODUzNDQ5,2853449,Shubhangi,Saraf,4.0,3,66.6667,3.7,Mathematics
VGVhY2hlci0zMDcxMDU3,3071057,Megan,Bontrager ,5.0,1,100.0,2.0,Biology
VGVhY2hlci0zMTU0Nzc0,3154774,Manmeet,Singh,4.0,1,100.0,3.0,Physics
VGVhY2hlci0yNjI3MDEx,2627011,Stephen,Verderber,2.1,10,30.0,3.8,Architecture
VGVhY2hlci0zMTE4MDc3,3118077,Jnaneshwar, Baslinker,1.0,2,0.0,4.0,Mathematics
VGVhY2hlci0yOTc5Njg4,2979688,Joonho,Kim,4.8,13,100.0,2.3,Computer Science
VGVhY2hlci0zMDQxNjI4,3041628,Salvador,Alanis,4.2,6,83.3333,1.5,Languages
VGVhY2hlci0yODgyODQy,2882842,Jodeme,Goldhar ,1.0,1,0.0,3.0,Health Science
VGVhY2hlci0zMDc3MDE0,3077014,Eric,Nay,2.7,7,42.8571,3.4,Architecture
VGVhY2hlci0yOTU2NjIy,2956622,Geoffrey,McGregor,4.7,16,93.75,3.2,Mathematics
VGVhY2hlci0yOTQxNzU2,2941756,Oren,Siegel,4.2,10,80.0,2.4,Humanities
VGVhY2hlci0yODUyMjcw,2852270,Darren,Lowe,1.8,14,14.2857,3.9,Physical Education
VGVhY2hlci0xOTAyOTYx,1902961,Keith,Stewart,3.8,8,50.0,3.1,Environment
VGVhY2hlci0yOTkyNTQ3,2992547,Stacy,Reardon,1.8,6,16.6667,4.0,Sociology
VGVhY2hlci0yOTgxNDI5,2981429,Leanne,De Souza-Kenney,1.3,11,0.0,4.0,Biology
VGVhY2hlci0yOTY2MDY5,2966069,Eric ,Merkley,2.7,6,50.0,3.7,Political Science
VGVhY2hlci0zMDk1NjQ1,3095645,Obinna ,Idu,4.0,3,66.6667,3.0,Mathematics
VGVhY2hlci0yOTU3OTQ2,2957946,Ellen,Lockhart,5.0,1,100.0,3.0,Music
VGVhY2hlci0yOTI0NDUy,2924452,Naveen,Minai,4.0,9,66.6667,2.4,"Arts, Culture & Media"
VGVhY2hlci0zMTA2OTk4,3106998,EvelynLove,Fosu-Duah,3.4,21,61.9048,3.1,Environment
VGVhY2hlci0zMTQ0OTQx,3144941,Darius,Ornston,4.0,3,100.0,4.0,Public Policy & Administration
VGVhY2hlci0yNDUyNTUz,2452553,Chirag,Variawa,4.4,15,86.6667,3.3,Engineering
VGVhY2hlci0zMDIxMjY0,3021264,Amber,Hoi,1.9,8,0.0,3.3,Biology
VGVhY2hlci0zMTA4ODI2,3108826,Shibi,Kumaraperumal,5.0,2,100.0,1.5,History
VGVhY2hlci0zMTI1MDkx,3125091,George,Huang,5.0,1,100.0,3.0,Mathematics
VGVhY2hlci0yMTc2MTI4,2176128,Melody,Neumann,4.2,10,80.0,3.3,Biology
VGVhY2hlci0yODIxNDE2,2821416,Wafaa,Hasan,4.2,5,80.0,2.8,Women & Gender Studies
VGVhY2hlci0zMTQ3MjA5,3147209,Maya,Harakawa,5.0,1,100.0,1.0,Art History
VGVhY2hlci0yODIyMjI4,2822228,Allison,Murphy,3.0,1,100.0,3.0,Religion
VGVhY2hlci0yMDUxNzM1,2051735,Michael,Guerzhoy,3.8,57,64.8148,3.0,Engineering
VGVhY2hlci0zMDU4Mzg1,3058385,Mohammad,Haghighi,5.0,7,100.0,2.3,Engineering
VGVhY2hlci0zMDgwMTQw,3080140,Eric,Mathison,5.0,3,100.0,2.7,Philosophy
VGVhY2hlci0zMDEzNTYy,3013562,Carolina,Nobre,4.0,3,66.6667,3.3,Computer Science
VGVhY2hlci0yODg5NDY3,2889467,Madison,Schramm,3.1,14,42.8571,3.6,International Studies
VGVhY2hlci0yOTI5NjYw,2929660,Karen,Williams,1.3,7,0.0,4.6,Biology
VGVhY2hlci0zMDY1MTU0,3065154,Cyndriela,Chadambuka,3.8,4,75.0,3.0,Health Science
VGVhY2hlci0zMDgxODY3,3081867,Nikolija,Lukich,5.0,5,100.0,1.6,Philosophy
VGVhY2hlci0yOTM2MzY2,2936366,Killian,McCormack,4.7,3,100.0,1.7,Geography
VGVhY2hlci0zMDIxODcy,3021872,Alan,Verskin,4.6,7,85.7143,3.1,History
VGVhY2hlci0yMjM3MDQw,2237040,Alberto,Zambenedetti,4.8,6,100.0,1.7,Film
VGVhY2hlci0yODU1NzA3,2855707,Xianwei,Wu,5.0,6,100.0,2.8,"Arts, Culture & Media"
VGVhY2hlci0yODcwMTM2,2870136,Jay ,Werber,3.8,5,80.0,3.0,Engineering
VGVhY2hlci0zMDQ5NzA0,3049704,Alex ,Pelegrino,5.0,4,100.0,2.0,History
VGVhY2hlci0yOTI1MzQ4,2925348,David,Rattray ,5.0,3,100.0,2.7,Philosophy
VGVhY2hlci0yODc1NjE1,2875615,Denis,Gorodkov,4.5,34,88.2353,2.9,Mathematics
VGVhY2hlci0zMDEzMjQ5,3013249,rhiannon ,vogl,1.0,2,0.0,5.0,Art History
VGVhY2hlci0xNzgzMDAw,1783000,Paul,Bessler,4.6,12,88.8889,2.8,Languages
VGVhY2hlci0yMjEyMjUx,2212251,Bejan,Raluca,1.8,11,9.0909,4.2,Social Work
VGVhY2hlci0zMDg2MDY2,3086066,Leanne,Simpson,4.2,5,60.0,2.8,Literature
VGVhY2hlci0zMTA4NjE4,3108618,Jim,Hansen,4.3,3,100.0,2.3,English
VGVhY2hlci0yOTkxNjg1,2991685,Xujie,Si,5.0,1,100.0,3.0,Computer Science
VGVhY2hlci0yODczNjg0,2873684,Phat,Le,5.0,8,100.0,2.1,Architecture
VGVhY2hlci0zMDgxNTY2,3081566,Joshua,Picard,2.8,5,40.0,3.4,History
VGVhY2hlci0zMDE5NjY2,3019666,Elizabeth ,Lange ,3.0,2,50.0,3.0,Languages
VGVhY2hlci0xODc4MjY4,1878268,Stephen,Armstrong,3.4,15,57.1429,3.3,Engineering
VGVhY2hlci0yODg4NDcz,2888473,Rui,Hou,4.4,5,80.0,3.8,Sociology
VGVhY2hlci0yODc4MjUx,2878251,Marie-Thérèse,Ballin,2.5,2,50.0,4.5,Languages
VGVhY2hlci0zMDg2NDA0,3086404,Sebastian,Sobecki,4.0,1,100.0,4.0,English
VGVhY2hlci0zMTI2NTA0,3126504,Crystal,Chen,2.0,1,0.0,3.0,English
VGVhY2hlci0yOTE0MDQy,2914042,Randy,Hickey,4.3,6,83.3333,3.2,Computer Science
VGVhY2hlci0zMDc0NzY3,3074767,Katherine,Williams,3.5,2,50.0,4.0,English
VGVhY2hlci0zMDg1NDk2,3085496,Jorge,Antonio Cruz Chapital,5.0,1,100.0,3.0,Mathematics
VGVhY2hlci0zMTI4MTE4,3128118,Julie ,Brill,1.0,2,0.0,5.0,Biology
VGVhY2hlci0zMDQxMDcz,3041073,Simone,Coccia,5.0,5,100.0,2.8,Mathematics
VGVhY2hlci0yOTY1MzM1,2965335,Brookes,Brown,5.0,3,100.0,2.3,Philosophy
VGVhY2hlci0zMDI2NjMz,3026633,Mark,Kingwell,3.5,2,50.0,3.5,Philosophy
VGVhY2hlci0zMTA4NzQw,3108740,Yitong,Wang,5.0,2,100.0,3.5,Mathematics
VGVhY2hlci0zMTE3ODA0,3117804,Angela,Medina,0.0,0,-1.0,0.0,Law
VGVhY2hlci0yODg1ODg3,2885887,Brian,Bitar,4.2,5,80.0,3.6,Philosophy
VGVhY2hlci0xODQ0NzAw,1844700,Bryan,De Bourbon,5.0,3,100.0,2.7,Computer Science
VGVhY2hlci0zMTI4MjAz,3128203,Kate,Cornell,5.0,1,100.0,1.0,"Arts, Culture & Media"
VGVhY2hlci0yODE0NDE3,2814417,Opher,Baron,1.0,2,0.0,5.0,Management
VGVhY2hlci0yMTM5OTQ4,2139948,Michael,Piper,2.6,9,44.4444,2.7,Architecture
VGVhY2hlci0zMDY5OTMz,3069933,Sebastien,Sacre,4.8,5,100.0,2.4,Languages
VGVhY2hlci0zMDg5Mjc1,3089275,Trevor,Carey,3.5,2,50.0,2.0,Engineering
VGVhY2hlci0zMDIxNjk2,3021696,Mark,Miller,4.7,13,92.3077,2.9,Psychology
VGVhY2hlci0zMDg0OTM2,3084936,Hosam,Helal,4.7,13,92.3077,2.9,History
VGVhY2hlci0yOTgzOTMw,2983930,Chay,Ornthanalai,3.6,5,40.0,3.6,Finance
VGVhY2hlci0zMDI4NzQ5,3028749,Becky,Reuber,2.0,1,0.0,3.0,Business
VGVhY2hlci0zMTE2NjQ0,3116644,Amy,Wesselink,1.6,5,20.0,2.8,History
VGVhY2hlci0zMDkyNDMx,3092431,Jessica,Gelber,5.0,1,100.0,4.0,Philosophy
VGVhY2hlci0yOTU1MzY4,2955368,Aaron,Tronsgard,5.0,9,100.0,2.2,Mathematics
VGVhY2hlci0yOTk4NjI4,2998628,Andrei,Swidinsky,3.0,2,0.0,3.5,Geology
VGVhY2hlci0yOTMwNzgy,2930782,Steve,Treiber,1.0,1,0.0,1.0,Engineering
VGVhY2hlci0yOTkwMDI2,2990026,Ivana,Dizdar,5.0,5,100.0,2.4,Art History
VGVhY2hlci0yOTg5Mzg2,2989386,Denise,Belsham,1.7,3,0.0,5.0,Science
VGVhY2hlci0zMDAxNTYy,3001562,Terry,Yip,3.3,12,66.6667,3.5,Economics
VGVhY2hlci0yOTg0MDg2,2984086,Nishreena ,Nisham ,1.3,14,0.0,3.9,Finance
VGVhY2hlci0yMjc3ODYw,2277860,Carin,Wittnich,2.2,11,18.1818,3.9,Biology
VGVhY2hlci0yNjA1MzMw,2605330,Yukiko,Tanaka,4.5,38,84.2105,2.1,Sociology
VGVhY2hlci0zMDI1NTEx,3025511,Tonatiuh,Wiederhold,5.0,3,100.0,2.7,Mathematics
VGVhY2hlci0yOTI5MTEz,2929113,Comfort,Azubuko-Udah,2.0,8,12.5,3.4,English
VGVhY2hlci0zMDI5NjU3,3029657,Moses,Karanja ,5.0,1,100.0,3.0,Social Science
VGVhY2hlci0yOTM4ODc0,2938874,Kuan,Xu,2.9,18,33.3333,4.1,Economics
VGVhY2hlci0yODk2ODky,2896892,Simona ,Vucu,3.2,9,44.4444,3.6,Philosophy
VGVhY2hlci0yODcwNDQ5,2870449,Victoria,Kerr,4.4,10,80.0,3.1,Engineering
VGVhY2hlci0zMDcxOTMz,3071933,Laura,Bisaillon,1.0,3,0.0,3.7,Sociology
VGVhY2hlci0zMDg4MzQw,3088340,Nicole,Weckman,1.3,6,0.0,3.5,Engineering
VGVhY2hlci0zMTE0NzQ1,3114745,Thrupthy,Krishnan,5.0,4,100.0,4.0,Accounting
VGVhY2hlci0yMTIzNDgy,2123482,Avni,Shah,4.2,20,78.9474,3.8,Management
VGVhY2hlci0zMTIxMDUz,3121053,Virupaksh,Agrawal,5.0,9,100.0,2.0,Engineering
VGVhY2hlci0yMzU2NDI2,2356426,Peter,Monkhouse,1.0,1,0.0,4.0,Management
VGVhY2hlci0zMDY2MDgx,3066081,Kale ,Coghlan ,2.0,3,0.0,3.7,Classics
VGVhY2hlci0zMDY4MjE2,3068216,Luciano,Salvetti Martinez,4.9,14,100.0,3.2,Mathematics
VGVhY2hlci0zMTI0OTQx,3124941,Anita,Hamadanizadeh,4.0,1,100.0,3.0,Pharmacology
VGVhY2hlci0yOTc4NTA2,2978506,Andrea,Walkden,5.0,4,100.0,2.8,English
VGVhY2hlci0yNzg0NjYx,2784661,Lucile,Mulat,5.0,2,100.0,3.0,Languages
VGVhY2hlci0yNzAzNzQw,2703740,Christopher (Chris),Greenaway,4.9,21,95.2381,2.6,Political Science
VGVhY2hlci0zMTIzNjUy,3123652,Roxanne,Francis,5.0,1,100.0,1.0,Social Work
VGVhY2hlci0yODkwOTgx,2890981,Ania,Harlick,4.2,31,83.871,2.7,Physics
VGVhY2hlci0zMTE4MjM4,3118238,Yulun,Xu,3.7,3,66.6667,2.3,Mathematics
VGVhY2hlci0zMTIyNjI3,3122627,Daniel,James,4.0,1,0.0,5.0,Physics
VGVhY2hlci0yNjYxMzg3,2661387,Yuanyuan,Wan,3.3,13,61.5385,3.5,Economics
VGVhY2hlci0zMDAwMTg5,3000189,Chang-Yuan,Lee,4.4,5,80.0,2.2,Business
VGVhY2hlci0zMDI0NTU2,3024556,Charlie,Kivi,4.0,1,100.0,2.0,Chemistry
VGVhY2hlci0yODk1Mjk3,2895297,Joel,Watts,5.0,2,100.0,2.5,Biochemistry
VGVhY2hlci0yNjM4NzU5,2638759,Anna,Taddio,1.5,2,0.0,4.0,Medicine
VGVhY2hlci0yNzMzMzYy,2733362,John,Rogers,4.5,12,83.3333,2.6,English
VGVhY2hlci0zMTE5NTkz,3119593,Juan-Manuel,Velez-Villegas,1.0,1,0.0,1.0,Geography
VGVhY2hlci0zMTE0Njcw,3114670,Yukai,Zhang,5.0,2,100.0,3.5,Mathematics
VGVhY2hlci0zMTIwNDM5,3120439,Hope,Latta,4.0,1,100.0,1.0,History
VGVhY2hlci0yOTk5Mjcz,2999273,Malvina,Skorska,3.0,13,53.8462,3.8,Psychology
VGVhY2hlci0zMDMxNTY3,3031567,Anthony, Peccia ,1.5,6,0.0,4.7,Finance
VGVhY2hlci0yODQ3ODcx,2847871,Anisha,Chadha,4.3,6,83.3333,3.0,Anthropology
VGVhY2hlci0zMTAzNDky,3103492,María José ,Méndez Gutiérrez,1.3,3,0.0,3.3,Political Science
VGVhY2hlci0zMTIwMDky,3120092,Bowen,Li ,5.0,1,100.0,1.0,Medicine
VGVhY2hlci0yOTg1OTk1,2985995,Jeannette ,Sanchez-Naranjo ,2.3,8,37.5,4.1,Languages
VGVhY2hlci0zMDE1NjM1,3015635,Mikale,Reddy,5.0,5,100.0,2.8,Mathematics
VGVhY2hlci0zMDgxNTQ3,3081547,Soli,Dubash,4.5,4,100.0,4.3,Sociology
VGVhY2hlci0zMDg0MDA0,3084004,Emily ,Schwartzman,5.0,1,100.0,3.0,Psychology
VGVhY2hlci0yOTAxMDgy,2901082,Dinesh,Christendat,3.4,5,60.0,2.8,Biology
VGVhY2hlci0zMDkwMTY2,3090166,Sam,Bass,4.6,5,100.0,2.8,History
VGVhY2hlci0yOTY0NTkx,2964591,Danielle,Dobney,3.3,7,42.8571,2.6,Physical Education
VGVhY2hlci0zMTE2OTI1,3116925,Tresa ,Doucet,5.0,1,100.0,2.0,Mathematics
VGVhY2hlci0yODc3NTE0,2877514,Grace,Barakat,4.9,14,100.0,2.7,Sociology
VGVhY2hlci0zMDY5MjIy,3069222,Negin,Minaei,2.1,13,23.0769,3.9,Architecture
VGVhY2hlci0zMDkwMDEz,3090013,Elliot,Fonarev,3.5,2,50.0,3.5,Sociology
VGVhY2hlci0zMTE3MjA2,3117206,Joel,Goodwin,5.0,1,100.0,2.0,Environment
VGVhY2hlci0yNDczOTkx,2473991,Andrew,Lesk,2.2,15,33.3333,3.8,English
VGVhY2hlci0yOTgwMDY1,2980065,Erica,Kim,2.0,7,14.2857,2.6,Architecture
VGVhY2hlci0yODgwNTg0,2880584,Jooyung,Lee,3.0,2,50.0,2.0,Sociology
VGVhY2hlci0zMTE3MDA0,3117004,Benjamin,Walsh,0.0,0,-1.0,0.0,English
VGVhY2hlci0zMDg1Mzk1,3085395,James,Ginther,4.5,2,100.0,2.5,Humanities
VGVhY2hlci0zMDc5MDIx,3079021,Claudia,Paparella,5.0,7,100.0,2.6,Art History
VGVhY2hlci0yOTAxMDg0,2901084,Nicholas,Provart,3.0,3,33.3333,2.7,Biology
VGVhY2hlci0yOTIwMDcy,2920072,Luke,Volk,1.0,6,0.0,5.0,Mathematics
VGVhY2hlci0zMTE0ODgz,3114883,Reza,Danesh,4.0,1,100.0,3.0,Engineering
VGVhY2hlci0yOTI5OTkx,2929991,Mehdi,Ataei,4.6,10,90.0,2.9,Computer Science
VGVhY2hlci0zMTAxNjky,3101692,Christopher,Lucasius,0.0,0,-1.0,0.0,Engineering
VGVhY2hlci0zMTExMDkw,3111090,Christina ,Pasqua,1.5,2,0.0,3.0,Humanities
VGVhY2hlci0zMTEzMTAz,3113103,Jack,McCart,4.5,2,100.0,3.5,History
VGVhY2hlci0yOTk2OTM2,2996936,Ali,Pirhosseinloo,4.0,10,70.0,2.7,Mathematics
VGVhY2hlci0zMTE0MTI5,3114129,Chad,Story,3.0,1,100.0,2.0,Business
VGVhY2hlci0zMTEwMzk2,3110396,Michael,Lawler,1.5,2,0.0,2.5,Geography
VGVhY2hlci0zMDIzNjEw,3023610,Falak,Mujtaba,4.3,48,89.5833,3.4,Social Science
VGVhY2hlci0yOTQ2MTUz,2946153,Kelsey,Gordon,1.5,12,8.3333,4.6,Political Science
VGVhY2hlci0yOTgwMjA4,2980208,Labiba,Naeem,3.8,4,75.0,2.8,Political Science
VGVhY2hlci0zMTEyNTEy,3112512,Vincent,Lee,2.0,1,0.0,4.0,Philosophy
VGVhY2hlci0yMDQwOTU0,2040954,Linda,White,2.1,7,28.5714,2.6,Public Policy & Administration
VGVhY2hlci0yOTMzMTA3,2933107,Florian,Dendorfer,2.9,80,48.75,4.3,Economics
VGVhY2hlci0zMTExOTI1,3111925,Eveline,Houtman,2.0,1,0.0,3.0,Information Science
VGVhY2hlci0zMDMyNzA4,3032708,Isabela,Dos Santos,3.1,37,45.9459,3.1,Political Science
VGVhY2hlci0yNjc3NzUz,2677753,Jordan,Peterson,3.6,9,55.5556,3.9,Social Science
VGVhY2hlci0yNzY0ODcw,2764870,Landon,Edgar,4.8,5,100.0,4.0,Pharmacology
VGVhY2hlci0zMDI3MDk1,3027095,Christine,Burton,5.0,3,100.0,3.7,Psychology
VGVhY2hlci0yOTg0MzAw,2984300,Alex,Bercik,3.0,9,44.4444,2.8,Engineering
VGVhY2hlci0zMTExMDk5,3111099,Carolyne,Sumner,5.0,1,100.0,1.0,Music
VGVhY2hlci0zMTExMDk4,3111098,Tanya,Humeniuk,5.0,1,100.0,3.0,Languages
VGVhY2hlci0zMTExMDk3,3111097,Virginia,Shewfelt,5.0,1,100.0,2.0,Languages
VGVhY2hlci0yODk2NzE4,2896718,Ian,Berlot-Attwell,5.0,7,100.0,2.6,Computer Science
VGVhY2hlci0yODQ4MzM4,2848338,Dani,Nedal,3.0,7,28.5714,3.6,Political Science
VGVhY2hlci0zMDE3NDMw,3017430,Matilda,Essandoh Laar,3.7,6,83.3333,2.8,Science
VGVhY2hlci0zMTA4NjIx,3108621,Michael,Johnstone,1.5,2,0.0,3.5,English
VGVhY2hlci0zMTA5NzI3,3109727,Gözde,Mercan,5.0,2,100.0,1.5,Languages
VGVhY2hlci0yOTMyMzcy,2932372,Robert,Owen,1.5,23,13.0435,4.3,Economics
VGVhY2hlci0yOTM4NzEy,2938712,Chris,Chung,3.0,6,33.3333,4.0,History
VGVhY2hlci0zMDE3NDMx,3017431,Jeff,Kroetsch,2.5,2,50.0,3.5,Medicine
VGVhY2hlci0zMDA4OTI5,3008929,Leafia ,Ye,4.0,2,100.0,3.0,Sociology
VGVhY2hlci0zMDQyOTAy,3042902,Jane,Forner,5.0,4,100.0,2.5,Music
VGVhY2hlci0zMTAyNTI0,3102524,nadia,Takhtaganova,4.0,2,100.0,3.5,Languages
VGVhY2hlci0yOTgyMjIz,2982223,Dennis,Lee,5.0,4,100.0,2.5,Music
VGVhY2hlci0yODk0Mzgw,2894380,Robert,Soden,5.0,2,100.0,2.0,Computer Science
VGVhY2hlci0zMTA5MDcw,3109070,Wiley,Sharp,1.0,1,0.0,4.0,Geography
VGVhY2hlci0zMDU0NjY3,3054667,Samantha,Wesner,5.0,2,100.0,2.0,History
VGVhY2hlci0yNzEyNzQ2,2712746,Catherine,Jimenea,3.0,6,33.3333,3.3,Geography
VGVhY2hlci0zMDc4Njkz,3078693,Mahmoud ,Embabi ,5.0,4,100.0,3.5,Engineering
VGVhY2hlci04NzkzNDA=,879340,E,Legge,5.0,2,100.0,2.0,Art History
VGVhY2hlci0zMTA4NjI0,3108624,Sean,Karnani-Stewart,5.0,1,100.0,3.0,Classics
VGVhY2hlci0yNjk2OTA1,2696905,Adam,Nayman,4.5,12,91.6667,2.7,Humanities
VGVhY2hlci0xODkwMTYy,1890162,Theresa,Enright,2.8,21,58.3333,3.6,Political Science
VGVhY2hlci0yMjMzMTU0,2233154,Asif,Zaman,4.5,58,86.2069,3.4,Mathematics
VGVhY2hlci0zMTA3Mzg1,3107385,Josh,Harold,5.0,1,100.0,2.0,Sociology
VGVhY2hlci0xODM1MDgy,1835082,Ramiro,Armas,3.0,6,33.3333,3.5,Languages
VGVhY2hlci0yOTMzMDEw,2933010,Piotr,Zwiernik,3.7,3,66.6667,3.3,Mathematics
VGVhY2hlci0zMTA2Njc3,3106677,rosalind,hampton ,2.0,3,33.3333,3.0,Education
VGVhY2hlci0yODQ3ODY4,2847868,Armend,Mazreku,3.4,8,62.5,2.8,Political Science
VGVhY2hlci0zMDE3NDMy,3017432,Jim,Scholey,4.7,3,100.0,3.3,Medicine
VGVhY2hlci0zMDc1Mzg4,3075388,Mehul,Gupta,5.0,7,100.0,2.4,Mathematics
VGVhY2hlci0zMDA5Njk5,3009699,Marsha,Chechik,2.2,6,33.3333,4.2,Computer Science
VGVhY2hlci0zMDA3NTI2,3007526,Anne-Marie,Fowler,3.4,5,60.0,3.0,Religion
VGVhY2hlci0zMDY1MDM0,3065034,Rhonda,Solomon,2.2,11,18.1818,2.9,Geography
VGVhY2hlci0yOTU3Nzkz,2957793,Abdul,Khizer,1.3,4,0.0,4.0,Accounting
VGVhY2hlci0zMDY1MDQz,3065043,Laura,Colantoni,5.0,2,100.0,2.0,Languages
VGVhY2hlci0zMDg1NTg5,3085589,Laura,Rabinowitz,3.7,3,66.6667,4.3,Political Science
VGVhY2hlci0yODI1MzUy,2825352,Emily,Erlebach,2.3,9,33.3333,3.2,Mathematics
VGVhY2hlci0zMDY0Njg1,3064685,Sebastian ,Espinosa,4.0,1,100.0,2.0,Mathematics
VGVhY2hlci0yOTIxOTcz,2921973,Christopher,Petrakos,4.8,10,100.0,2.5,History
VGVhY2hlci0yODg1NDA1,2885405,Swastik,Kopparty,2.3,3,33.3333,2.7,Computer Science
VGVhY2hlci0yNTQ0ODI4,2544828,Jamal,Kawach,4.7,28,96.4286,2.8,Mathematics
VGVhY2hlci0yOTQ2NDI2,2946426,Gregory,Shupak,3.0,1,100.0,3.0,English
VGVhY2hlci0xOTAzOTk0,1903994,Anthony,Sinclair,4.8,16,100.0,3.1,Engineering
VGVhY2hlci0zMDk5NDQ5,3099449,Erich,Weidenhammer,5.0,1,100.0,1.0,History
VGVhY2hlci0zMDU4NDc4,3058478,Bharat,Punjabi,4.0,1,100.0,1.0,Pacific & Asian Studies
VGVhY2hlci0yOTIyNjMz,2922633,Imran,Syed,2.6,22,40.9091,3.9,Management
VGVhY2hlci0yMjA2NjA3,2206607,Deirdre,Baker,2.9,9,44.4444,3.4,English
VGVhY2hlci0zMDE5OTgx,3019981,Saul,Cohen,2.3,6,33.3333,4.3,Anthropology
VGVhY2hlci0yOTE4MDg3,2918087,Santiago,Molina,5.0,6,100.0,3.2,Social Science
VGVhY2hlci0zMDc4MTc0,3078174,Tobias,Hof,3.7,3,66.6667,2.7,History
VGVhY2hlci0yOTE0OTgz,2914983,John,Kamau,3.3,3,66.6667,2.0,History
VGVhY2hlci0yODYzNzY5,2863769,Emily,Bell,2.8,4,50.0,3.3,Biology
VGVhY2hlci0yODk4OTEy,2898912,Michael,Classens,4.4,5,80.0,1.4,Environment
VGVhY2hlci0yMzM0NDM1,2334435,Sergey,Plotnikov,4.3,10,70.0,3.9,Biology
VGVhY2hlci0zMDU0ODQ0,3054844,Lior,Gishboliner,5.0,3,100.0,3.3,Mathematics
VGVhY2hlci0zMDY1MDkx,3065091,Deanna,Brooks,4.5,2,100.0,2.5,English
VGVhY2hlci0yMzU0MDU0,2354054,Danielle,Bentley,4.4,18,83.3333,4.5,Medicine
VGVhY2hlci0zMDkyNDU3,3092457,Richard,Horner,2.0,1,0.0,4.0,Biology
VGVhY2hlci0zMDkyNDI1,3092425,Rachael,Desborough,4.0,1,100.0,3.0,Political Science
VGVhY2hlci0zMDkxMzIx,3091321,Allen,Teng,0.0,0,-1.0,0.0,Medicine
VGVhY2hlci0yOTMwNTI1,2930525,Jonny,Cottrell,3.4,5,40.0,2.4,Philosophy
VGVhY2hlci0yOTg2OTk4,2986998,Sara,Aronowitz,2.1,18,27.7778,3.8,Philosophy
VGVhY2hlci0zMDg5NTgy,3089582,Karen,Maxwell,3.0,1,0.0,4.0,Information Science
VGVhY2hlci0yODQ4NTI0,2848524,Reza,Hadisi,4.7,6,100.0,3.5,Philosophy
VGVhY2hlci0yODcyMDc5,2872079,Daniel ,Calderon Wilches,4.0,5,80.0,2.8,Mathematics
VGVhY2hlci0zMDg3MDM3,3087037,Joao,Ritto,5.0,2,100.0,4.0,Economics
VGVhY2hlci0yNDI4ODUw,2428850,Kristina,McElheran,2.7,6,33.3333,4.0,Management
VGVhY2hlci0yOTMxMjUw,2931250,Mohi,Reza,2.6,5,20.0,2.4,Computer Science
VGVhY2hlci0yNTg4MTMz,2588133,Michael,Wilson,1.7,3,0.0,3.7,Biology
VGVhY2hlci0zMDg4MzIy,3088322,Marco ,Volpe,1.0,1,0.0,4.0,Mathematics
VGVhY2hlci0yOTg5MDg3,2989087,Shehryar,Saharan,5.0,4,100.0,3.0,Biology
VGVhY2hlci0zMDg3ODM1,3087835,Katherine ,Entigar,5.0,1,100.0,1.0,Education
VGVhY2hlci0yNDcxNzI5,2471729,Marius,Zoican,4.0,11,72.7273,3.7,Finance
VGVhY2hlci0zMDczNTcy,3073572,Hanna,Morris,3.9,7,57.1429,3.1,Environment
VGVhY2hlci0zMDczNDI0,3073424,Henar,Perales,2.5,2,50.0,2.5,Women's Studies
VGVhY2hlci0zMDg2Mzg1,3086385,Sara,Ali,1.0,1,0.0,5.0,Criminal Justice
VGVhY2hlci0yODUxMjcy,2851272,Zhan,Su,2.8,5,60.0,2.4,Physics
VGVhY2hlci0yOTQ0MzEz,2944313,Dean,Carcone ,3.1,9,33.3333,3.9,Psychology
VGVhY2hlci0zMDM3NzUy,3037752,Chenyue,Liu,3.0,5,60.0,3.2,Economics
VGVhY2hlci0yOTE4MTM4,2918138,Ray,Amith,2.2,18,22.2222,2.0,Health Science
VGVhY2hlci0yNDAyNjI1,2402625,Andrew,Miles,4.6,8,87.5,3.0,Sociology
VGVhY2hlci0yOTk2NTAz,2996503,Khai,Truong,3.8,4,75.0,3.3,Computer Science
VGVhY2hlci0yODc0NzY4,2874768,Camelia ,Karimian Pour,4.8,8,87.5,3.1,Mathematics
VGVhY2hlci0zMDA4MDQ0,3008044,Ashley, Stirling,3.5,2,50.0,3.5,Physical Education
VGVhY2hlci0zMDgxODY2,3081866,Nathan,Howard,5.0,1,100.0,3.0,Philosophy
VGVhY2hlci0zMDgxOTc1,3081975,Matthew,Danesh,0.0,0,-1.0,0.0,Medicine
VGVhY2hlci0zMDgxNTU0,3081554,Peng,Yu,5.0,1,100.0,3.0,Pacific & Asian Studies
VGVhY2hlci0yNDU2Mjg0,2456284,Mohini,Sain,3.0,2,50.0,2.0,Engineering
VGVhY2hlci0yNTEzOTQx,2513941,Cinthya,Guzman,3.8,47,76.5957,2.8,Sociology
VGVhY2hlci0yOTI3MjU5,2927259,Alex,Djedovic,3.8,12,75.0,2.8,Philosophy
VGVhY2hlci0zMDMzNTg4,3033588,Atena,Roshan Fekr,2.4,7,28.5714,3.9,Engineering
VGVhY2hlci04Mzc4NTY=,837856,Nick,Mount,4.6,42,86.3636,3.0,English
VGVhY2hlci0yOTI1NDYz,2925463,Alaa,Alsaafin,1.8,4,25.0,4.5,Pharmacology
VGVhY2hlci0yOTUyODY2,2952866,Giulio,Leghissa,2.5,14,35.7143,2.9,Classics
VGVhY2hlci0yNzE5MTcz,2719173,Daniel,Alvarez,3.0,8,62.5,3.1,Mathematics
VGVhY2hlci0zMDMzODY4,3033868,Runjing Lu,Lu,5.0,1,100.0,2.0,Economics
VGVhY2hlci0zMDY5NDEx,3069411,Sophie,Feng,5.0,2,100.0,3.0,Languages
VGVhY2hlci0zMDI5OTgx,3029981,Adrian,She,1.4,7,14.2857,3.9,Mathematics
VGVhY2hlci0yODgzOTc2,2883976,Dasha,Redka,1.0,1,0.0,5.0,Pharmacology
VGVhY2hlci0yNTc1NTk3,2575597,David,Fisman,1.9,9,22.2222,3.1,Health Science
VGVhY2hlci0zMDIyMzgy,3022382,Mahdi,Rafiei,5.0,4,100.0,4.3,Mathematics
VGVhY2hlci0yODcxNzk5,2871799,Jose,Armesto,2.2,11,45.4545,3.7,Engineering
VGVhY2hlci0yOTc2NjE4,2976618,Nelly,Matorina,5.0,2,100.0,2.5,Psychology
VGVhY2hlci0zMDAxMjkw,3001290,Nicolas ,Nicola,3.0,2,50.0,4.0,Philosophy
VGVhY2hlci0yMTI3OTYy,2127962,Alison,McGuigan,3.0,1,0.0,4.0,Engineering
VGVhY2hlci0yODI4NzMx,2828731,Brendan,McElroy,3.0,4,25.0,4.0,Political Science
VGVhY2hlci0zMDc0MTE0,3074114,Vivian,He,4.0,1,100.0,3.0,Mathematics
VGVhY2hlci0yOTM5NzIy,2939722,Patrick,Watson,2.5,13,30.7692,3.5,Social Science
VGVhY2hlci0yODc3MDk2,2877096,Abdus,Shuman,2.0,1,0.0,5.0,Political Science
VGVhY2hlci0zMDczNDIy,3073422,Clare,Wiseman,3.0,1,100.0,4.0,Environment
VGVhY2hlci0yOTg4MTM0,2988134,Akshayaram,Srinivasan,5.0,1,100.0,3.0,Computer Science
VGVhY2hlci0zMDY1NTYz,3065563,Divyesh,Shah,5.0,6,100.0,2.8,Accounting
VGVhY2hlci0yODkxNDcx,2891471,Barbara,Sherwood Lollar,5.0,3,100.0,2.0,Geology
VGVhY2hlci0zMDQ0ODk4,3044898,Tyler,Bateman,5.0,1,100.0,3.0,Sociology
VGVhY2hlci0zMDcxNDcx,3071471,Fedor,Manin,5.0,1,100.0,2.0,Mathematics
VGVhY2hlci0xODU4NjEx,1858611,Vaughn,Betz,3.7,16,42.8571,2.3,Engineering
VGVhY2hlci0zMDYxNDAy,3061402,Rebecca,Hogue,5.0,2,100.0,2.5,English
VGVhY2hlci0yOTY1NzQy,2965742,Malik,Khan,1.0,4,0.0,4.5,Computer Science
VGVhY2hlci0yODc0MDc5,2874079,Amel,Taibi,5.0,2,100.0,2.5,Medicine
VGVhY2hlci0zMDUzODEz,3053813,Sean,Elliott,5.0,2,100.0,2.5,Economics
VGVhY2hlci0yODk2NTA0,2896504,Ava,Danialy,2.0,4,25.0,3.0,Computer Science
VGVhY2hlci0zMDY3ODYz,3067863,Geethika,Dharmasinghe,3.0,1,0.0,4.0,Religion
VGVhY2hlci0yNzc0MjY1,2774265,Shurui,Zhou,3.0,3,66.6667,3.0,Engineering
VGVhY2hlci0zMDAyMjU3,3002257,Hansheng,Jiang ,5.0,3,100.0,2.0,Business
VGVhY2hlci0yOTQyNDc3,2942477,Hunter,Spink,4.3,4,75.0,4.0,Mathematics
VGVhY2hlci0yNTgyMDkz,2582093,Kevin,White,4.3,3,66.6667,1.7,Social Science
VGVhY2hlci0yOTc0NDUw,2974450,Daniel ,Hudson,5.0,1,100.0,1.0,Mathematics
VGVhY2hlci0yOTY3NDQz,2967443,Adriana,Brook,4.8,5,100.0,2.4,Classics
VGVhY2hlci0zMDY4MTE1,3068115,Johann,Kirchenbauer,5.0,1,100.0,1.0,Languages
VGVhY2hlci0zMDY4MjE3,3068217,Yukiko,Yoshizumi,3.0,1,0.0,3.0,Languages
VGVhY2hlci0yMzAzMTIy,2303122,Bence,Viola,4.2,9,77.7778,3.2,Anthropology
VGVhY2hlci0zMDAwMjIx,3000221,Yasaman ,Rohanifar,4.7,6,83.3333,2.5,Computer Science
VGVhY2hlci0yODg1MjA5,2885209,Mike,Xue,5.0,5,100.0,2.4,Engineering
VGVhY2hlci0yODY5Njk3,2869697,Wayne,Adlam,5.0,4,100.0,3.0,Business
VGVhY2hlci0yOTE5OTYy,2919962,Scott, Schwartz,1.0,1,0.0,3.0,Art History
VGVhY2hlci0yODgxMTQ0,2881144,Ariana,Giuliano,5.0,2,100.0,3.0,Psychology
VGVhY2hlci0yODk5NTI5,2899529,Santiago,Tammaro,2.0,1,0.0,2.0,Biology
VGVhY2hlci0yMTg2ODU3,2186857,Keith,Adamson,5.0,4,100.0,2.5,Social Work
VGVhY2hlci0yNDEyMzU1,2412355,Josiane,Loui,3.3,7,57.1429,3.9,Languages
VGVhY2hlci0yOTE1MTc3,2915177,Maya,El Helou,5.0,1,100.0,1.0,Anthropology
VGVhY2hlci0yOTIyNzY0,2922764,Gavin, Hurd,3.1,11,45.4545,3.4,Mathematics
VGVhY2hlci0zMDY1Njg1,3065685,Tj,Yi,4.0,1,100.0,2.0,Science
VGVhY2hlci0yODE1NjQx,2815641,Roya,Ghahreman,5.0,1,100.0,2.0,Physics
VGVhY2hlci0zMDUyMzg5,3052389,Carla ,Moore ,1.0,2,0.0,5.0,Business
VGVhY2hlci0zMDY0NzA0,3064704,Mohammad,Hodaei,1.0,1,0.0,4.0,Engineering
VGVhY2hlci0yNTc5MDkx,2579091,Steve,Joordens,2.1,19,31.5789,3.7,Psychology
VGVhY2hlci0zMDM3MDI1,3037025,Swetaprovo,Chaudhuri,4.3,3,100.0,3.7,Aerospace Studies
VGVhY2hlci0zMDYyNzU5,3062759,Nicolas,Inostroza,1.0,1,0.0,1.0,Business
VGVhY2hlci0yODU1Mjkx,2855291,Luis,Jacobs,1.0,6,0.0,2.7,Architecture
VGVhY2hlci0zMDQ5OTI0,3049924,Andrea,Levinstein-Rodriguez,1.0,2,0.0,4.5,Languages
VGVhY2hlci0yNTA2MTIz,2506123,Sunita,Guyadeen,2.1,7,28.5714,3.3,International Studies
VGVhY2hlci0yOTkzMzQz,2993343,Howard,Ho,5.0,3,100.0,3.0,Engineering
VGVhY2hlci0zMDYxNzg0,3061784,Jack,Cunningham,1.0,1,0.0,5.0,History
VGVhY2hlci0zMDYxMDUz,3061053,Kanika,Lawton,5.0,1,100.0,3.0,"Arts, Culture & Media"
VGVhY2hlci0yODI4ODM0,2828834,Kylie,Caraway,3.8,8,62.5,3.5,"Arts, Culture & Media"
VGVhY2hlci0yMjU2ODMz,2256833,Ramez,Bishara,5.0,5,100.0,4.0,Humanities
VGVhY2hlci0yOTcyNzc1,2972775,Angela,Bernuy,5.0,1,100.0,3.0,Computer Science
VGVhY2hlci0zMDU5ODU4,3059858,John,Meehan,3.0,1,100.0,2.0,History
VGVhY2hlci0yODg1MTQy,2885142,Ruth,Isserlin,5.0,1,100.0,1.0,Biology
VGVhY2hlci0yOTU1OTQz,2955943,Suzanne,Edworthy,5.0,1,100.0,1.0,"Arts, Culture & Media"
VGVhY2hlci0yMTM5MTE1,2139115,Shafi,Bhuiyan,5.0,63,98.4127,2.5,Health Science
VGVhY2hlci0yMzU4MTU4,2358158,Cathie,Sutton,2.0,2,0.0,4.5,Anthropology
VGVhY2hlci0yOTM3OTg3,2937987,Rahul ,Krishnan,2.1,7,28.5714,4.4,Computer Science
VGVhY2hlci0yMTQ3ODMw,2147830,Anwar,Husain,5.0,3,100.0,2.3,Finance
VGVhY2hlci0zMDA2MTk0,3006194,Joo-Yup,Lee,5.0,3,100.0,1.7,History
VGVhY2hlci0zMDI5MDM2,3029036,Luis,Bothia,5.0,2,100.0,2.5,Engineering
VGVhY2hlci0zMDUzNDEw,3053410,ZIYI,LIU,1.0,1,100.0,3.0,Nursing
VGVhY2hlci0zMDUwODU1,3050855,Luis,Ardila,5.0,1,100.0,2.0,Engineering
VGVhY2hlci0zMDAzOTM3,3003937,Ismael ,Sierra,3.0,3,66.6667,4.7,Mathematics
VGVhY2hlci0yOTU0NDI1,2954425,Soomin,Kim,1.0,1,0.0,5.0,History
VGVhY2hlci0yODk0ODc5,2894879,Ritu,Sarpal,4.2,5,80.0,2.4,Biology
VGVhY2hlci0yOTkxNzg4,2991788,Alexander, Slamen,4.0,1,100.0,3.0,Mathematics
VGVhY2hlci0yODkwMDc5,2890079,Andrew,Cooper,5.0,24,100.0,2.3,Sociology
VGVhY2hlci0yNDQ1ODM4,2445838,John,Evjen,4.4,7,85.7143,3.0,Languages
VGVhY2hlci0xODA5NTQz,1809543,Callie,Callon,5.0,4,100.0,2.8,Religion
VGVhY2hlci0yNjMwNzAz,2630703,Zdenko,Mandusic,4.7,3,100.0,1.7,Languages
VGVhY2hlci0zMDUxMTE4,3051118,Leah,Montange,5.0,1,100.0,3.0,History
VGVhY2hlci0yOTc5Mzcy,2979372,Hadi,Ahmad,5.0,2,100.0,2.5,Accounting
VGVhY2hlci0zMDUwOTQx,3050941,Sonny,Sachdeva,5.0,1,100.0,5.0,Journalism
VGVhY2hlci0yOTQ0Nzg0,2944784,melisa,gumus,4.7,3,100.0,2.7,Psychology
VGVhY2hlci0yOTM1NzQ4,2935748,Nisma,Khan,3.0,2,50.0,3.5,Psychology
VGVhY2hlci0yMjM3OTEx,2237911,Tigran,Chalikian,2.1,11,27.2727,2.8,Science
VGVhY2hlci0yOTk2ODMx,2996831,Minhui,Yang,0.0,0,-1.0,0.0,Health Science
VGVhY2hlci0yODcyOTY3,2872967,Jenny,Wang,5.0,3,100.0,3.0,Information Science
VGVhY2hlci0yOTM4NTc5,2938579,Olga,Bountali,1.0,2,0.0,2.5,Management
VGVhY2hlci0yNjgwMDcx,2680071,Yvonne,O'reilly,1.5,2,0.0,2.0,Business
VGVhY2hlci0yOTczNTk0,2973594,Aleksandr,Berdnikov,2.0,2,0.0,4.0,Mathematics
VGVhY2hlci0yMDc3MTgz,2077183,Thomas,Saczkowski,5.0,4,100.0,1.8,Ethnic Studies
VGVhY2hlci0yODcyMjg1,2872285,Leo,Chou,4.3,3,66.6667,3.0,Engineering
VGVhY2hlci0yMjkyNzc1,2292775,Kingeon,Tsang,5.0,5,100.0,3.2,Mathematics
VGVhY2hlci0yOTM4MjUz,2938253,Stanton,Hudja,4.0,1,100.0,4.0,Economics
VGVhY2hlci0yNDE0MjM5,2414239,Charlie,Wall-Andrews,4.5,17,88.2353,2.6,Management
VGVhY2hlci0yOTgwOTM3,2980937,Natasha,Ali,1.0,1,0.0,3.0,Information Science
VGVhY2hlci0yOTIyMzM4,2922338,Wael ,Negm,5.0,1,100.0,4.0,Political Science
VGVhY2hlci0yODk2MzIx,2896321,James,Hong,1.8,5,20.0,2.8,Health Science
VGVhY2hlci0zMDMzMTg3,3033187,Paul,Cohen,3.0,1,100.0,3.0,History
VGVhY2hlci0zMDI1MzMz,3025333,Ariella ,Minden,2.0,2,50.0,3.5,Art History
VGVhY2hlci0zMDMxMzA1,3031305,Andreas,Winkler,5.0,1,100.0,5.0,Humanities
VGVhY2hlci0yOTc0MDU4,2974058,Magdalena,Cabaj,5.0,1,100.0,2.0,"Arts, Culture & Media"
VGVhY2hlci0yOTg1MzM2,2985336,Naomi,Matsuura,5.0,1,100.0,2.0,Engineering
VGVhY2hlci0yOTc4MDcy,2978072,Alan,Galey,5.0,2,100.0,3.0,Information Science
VGVhY2hlci0yODc1NjI0,2875624,Sebastian,Gherghe,4.9,14,92.8571,3.4,Mathematics
VGVhY2hlci0yOTU4NTc3,2958577,Chandni,Desai,2.3,3,33.3333,2.3,Humanities
VGVhY2hlci0zMDI2OTAx,3026901,Jiyuan,Lu,4.0,3,100.0,1.7,Mathematics
VGVhY2hlci0yOTIyNzkz,2922793,Andy,Ramirez-Cote,1.0,4,0.0,4.5,Mathematics
VGVhY2hlci0yOTE5MTEw,2919110,Brian,Silverman,5.0,2,100.0,1.5,Management
VGVhY2hlci0yOTIxOTI1,2921925,Joaquin,Sanchez Garcia,5.0,1,100.0,5.0,Mathematics
VGVhY2hlci0zMDIzMjI2,3023226,Eric,Cui,2.0,1,0.0,3.0,Psychology
VGVhY2hlci0yODc2NDA0,2876404,Matthew,Walton,4.3,12,83.3333,2.9,Political Science
VGVhY2hlci0yMjU2MzA4,2256308,Radhakrishnan,Mahadevan,2.5,6,33.3333,3.5,Engineering
VGVhY2hlci0xMDYwMzA3,1060307,Sev,Perelman,4.8,4,100.0,3.8,Medicine
VGVhY2hlci0zMDIyMTE3,3022117,Rim,Fathallah,5.0,1,100.0,3.0,Architecture
VGVhY2hlci0zMDIwMjQ5,3020249,Jasleen ,Singh,0.0,0,-1.0,0.0,English
VGVhY2hlci0zMDIxNDM1,3021435,Lauren,Nurse,1.0,1,0.0,4.0,Fine Arts
VGVhY2hlci0zMDIxMzky,3021392,Jida,Jaffran,1.0,1,0.0,2.0,Psychology
VGVhY2hlci0yNzEzNTE5,2713519,Zoe,Anthony,3.6,5,60.0,3.0,Philosophy
VGVhY2hlci0zMDIxMTA3,3021107,Christopher,Macgowan,1.0,1,0.0,2.0,Physics
VGVhY2hlci0zMDE5ODk5,3019899,Yupeng,zhang,5.0,1,100.0,1.0,Science
VGVhY2hlci0yMTMwNDc2,2130476,Robert,Irish,3.8,6,80.0,3.2,Engineering
VGVhY2hlci0yOTg5MDc0,2989074,Harvey,Nicholson Jr,2.5,2,0.0,4.5,Sociology
VGVhY2hlci0yODkwNDg1,2890485,Sandy,Lee,4.9,18,100.0,2.1,Science
VGVhY2hlci0xODgxMTMy,1881132,Olga,Tararova,3.7,9,75.0,3.2,Languages
VGVhY2hlci0zMDEyNDIz,3012423,Jiarui,Li,5.0,2,100.0,2.5,Psychology
VGVhY2hlci0yOTUzMjY3,2953267,RJ Dwayne,Miller,1.4,5,0.0,4.0,Chemistry
VGVhY2hlci0zMDE3NTI2,3017526,Zeana,Hamdonah,0.0,0,-1.0,0.0,Physical Education
VGVhY2hlci0zMDEyODA0,3012804,David,Chemhuru,3.0,1,0.0,4.0,History
VGVhY2hlci0yOTE5NTQx,2919541,Katarzyna,Odziemkowska,4.0,1,100.0,2.0,Business
VGVhY2hlci0yOTg4MjQ4,2988248,Susan,Dupej,4.0,2,50.0,3.0,Geography
VGVhY2hlci0yOTU4MDg1,2958085,Malors ,Lara,5.0,2,100.0,4.5,Mathematics
VGVhY2hlci0zMDA2MTI4,3006128,Christina ,Katsougiannopoulou,5.0,1,100.0,3.0,Art History
VGVhY2hlci0yOTgxMzQx,2981341,Kevin,Park,1.0,1,0.0,4.0,Engineering
VGVhY2hlci0yNjcxMDM1,2671035,Robert,Vipond,2.3,14,28.5714,3.7,Political Science
VGVhY2hlci0yOTM0MjM1,2934235,Lauren,Bathurst,1.7,9,22.2222,3.6,Biochemistry
VGVhY2hlci0yOTgwNzQ3,2980747,Apala,Das,2.0,4,25.0,3.5,English
VGVhY2hlci0yOTk2MDc3,2996077,Dan,Trefler,5.0,2,100.0,2.5,Economics
VGVhY2hlci0yOTk5NDg0,2999484,Dashiel,Elhauge,2.0,1,0.0,5.0,Computer Science
VGVhY2hlci0yOTIxNzQx,2921741,Michael,Baker,4.0,1,100.0,4.0,Economics
VGVhY2hlci0yODg4MjMw,2888230,Chengmin,Xu,5.0,6,100.0,2.7,Political Science
VGVhY2hlci0yOTkxMzQ2,2991346,Daniel,Chung,2.0,1,0.0,3.0,Architecture
VGVhY2hlci0yMTEzMjkz,2113293,Stephen,Pastore,5.0,5,100.0,2.4,Biology
VGVhY2hlci0yOTk4NTQw,2998540,Valentina,Castellini,2.0,1,0.0,2.0,Women's Studies
VGVhY2hlci0yOTk4MzA5,2998309,Anthony,Wong,5.0,1,100.0,3.0,Science
VGVhY2hlci0zMDAxMjM1,3001235,Ziheng,Lin,5.0,1,0.0,5.0,Engineering
VGVhY2hlci0yOTY1MTA2,2965106,Tovi,Grossman,5.0,1,100.0,3.0,Computer Science
VGVhY2hlci0yOTk5NzI5,2999729,Xincheng ,Zhang,0.0,0,-1.0,0.0,Mathematics
VGVhY2hlci0yOTc1ODQ4,2975848,Fouad,Oveisy,3.7,3,66.6667,1.7,English
VGVhY2hlci0yOTI4ODMw,2928830,Demetres,Kostas,2.5,4,25.0,3.8,Computer Science
VGVhY2hlci0yNzY1MDM4,2765038,Donald,Kirk,3.3,3,100.0,4.3,Engineering
VGVhY2hlci0yOTg1NTkw,2985590,Harvey,Nicholson,2.0,1,0.0,4.0,Sociology
VGVhY2hlci0yOTgxMzI2,2981326,Michael,MacPherson,4.0,7,71.4286,4.0,Chemistry
VGVhY2hlci0yODI1Mzg5,2825389,Esam,Mahdi,2.4,15,40.0,3.9,Mathematics
VGVhY2hlci0yOTg1MTQx,2985141,Mohammad,Vasfi,5.0,1,100.0,3.0,Mathematics
VGVhY2hlci0yNzIxODUy,2721852,Shenella,Charles,2.0,3,33.3333,3.0,History
VGVhY2hlci0yOTgyMTky,2982192,Dr. Fouâd ,Oveisy,5.0,1,100.0,1.0,English
VGVhY2hlci0yOTM1NDAy,2935402,Hendrickson,Sa'diyya,4.0,4,75.0,3.3,Engineering
VGVhY2hlci0yOTE3OTYx,2917961,Michael,Miller,3.0,3,33.3333,3.0,Philosophy
VGVhY2hlci0yOTgxNDMy,2981432,Abbey ,Nydam,5.0,1,100.0,3.0,Psychology
VGVhY2hlci0yNTY0NTE0,2564514,Vivian,Lee,3.5,2,50.0,3.0,Architecture
VGVhY2hlci0yOTE5MjA4,2919208,Oded,Oron,5.0,1,100.0,2.0,Political Science
VGVhY2hlci0yODg3NTEy,2887512,Sidi Mohamed,Beillahi,1.0,3,0.0,4.0,Computer Science
VGVhY2hlci0yODIwODEx,2820811,Malcolm,Ramsay,2.0,1,0.0,2.0,Anthropology
VGVhY2hlci0yOTc4OTg1,2978985,Margot,Lystra,1.0,1,0.0,4.0,Architecture
VGVhY2hlci0yOTc4NzQz,2978743,Rebecca,Bleich,5.0,1,100.0,1.0,History
VGVhY2hlci0yOTUyNzg5,2952789,Carrie,Reese,5.0,2,100.0,3.0,Film
VGVhY2hlci0yODk2NTU5,2896559,Diana,Sanchez,5.0,1,100.0,2.0,Film
VGVhY2hlci0yNDgzMTkx,2483191,Giulio,Tiozzo,5.0,3,100.0,2.0,Mathematics
VGVhY2hlci0yOTU0NTQ1,2954545,Colin,Raffel,5.0,1,100.0,3.0,Computer Science
VGVhY2hlci0yODg3ODc4,2887878,Ziteng,Cheng,1.3,18,5.5556,4.6,Mathematics
VGVhY2hlci0xNjYwNjcx,1660671,Michael,Saini,4.3,4,100.0,2.3,Social Work
VGVhY2hlci0yOTMwMTc1,2930175,David,Liu,5.0,1,100.0,1.0,Computer Science
VGVhY2hlci0yOTY5MTUx,2969151,Adam,Hincks,5.0,2,100.0,2.5,Physics
VGVhY2hlci0yOTE0MTUx,2914151,Jon,Abbatt,5.0,2,100.0,2.0,Chemistry
VGVhY2hlci0yODYxNTgx,2861581,Aephraim,Steinberg,4.0,4,75.0,3.3,Physics
VGVhY2hlci0yNTAyMTI0,2502124,Joyce,Chen,2.0,1,0.0,4.0,Physical Education
VGVhY2hlci0xOTAyOTY2,1902966,Marshall,Chasin,3.3,2,0.0,2.0,Languages
VGVhY2hlci0yODg4NDM1,2888435,Haissi,Cui,1.8,5,0.0,3.6,Chemistry
VGVhY2hlci0yOTUzMzA2,2953306,Tyler,King,5.0,1,100.0,3.0,Criminal Justice
VGVhY2hlci0yOTIwNTgw,2920580,Beverley,Mullings,4.0,3,66.6667,3.0,Geography
VGVhY2hlci0yODcwNTEz,2870513,Yinnon,Geva,2.0,1,0.0,3.0,Geography
VGVhY2hlci0yOTM2MTQ3,2936147,vittorio ,Bottini ,4.7,3,100.0,3.0,Classics
VGVhY2hlci0yODkwNzU3,2890757,Leo,Jiang,1.0,5,0.0,4.8,Mathematics
VGVhY2hlci0yOTUxNTg5,2951589,Michelle ,Cameron,5.0,1,100.0,1.0,Anthropology
VGVhY2hlci0yOTQ3Njc0,2947674,Ken,McNeilly,5.0,3,100.0,2.3,Education
VGVhY2hlci0yOTU2MDUy,2956052,Owen ,Meunier,5.0,1,100.0,3.0,Languages
VGVhY2hlci0xODEwMDg0,1810084,Trevor,Cook,4.7,3,100.0,2.3,English
VGVhY2hlci0yOTQ3Mjgw,2947280,Dianne,Hurdle,1.0,2,0.0,3.0,Languages
VGVhY2hlci0yNzI1MTQz,2725143,Murari,Singh,1.2,23,0.0,4.4,Mathematics
VGVhY2hlci0yOTQyMzM0,2942334,Noor,Attar,3.0,1,0.0,5.0,Biology
VGVhY2hlci0xOTAyOTU2,1902956,Erich,Vogt,2.5,17,40.0,3.3,Environment
VGVhY2hlci0yMzkxODMy,2391832,Nayana,Reiter,3.8,5,80.0,2.4,Accounting
VGVhY2hlci0yODI4NDc1,2828475,Alvin,Sukmadji,3.0,2,50.0,4.0,Engineering
VGVhY2hlci0yOTIxOTE5,2921919,Mary,Saudelli,5.0,2,100.0,3.0,Education
VGVhY2hlci0yODY1MjY2,2865266,Ayca ,Koseoglu,4.0,1,100.0,3.0,Architecture
VGVhY2hlci0yOTI1MTQ0,2925144,Eric,Shoemaker,5.0,1,100.0,2.0,Philosophy
VGVhY2hlci0yOTEzMzY1,2913365,Paul,Bloom,3.5,4,50.0,3.3,Psychology
VGVhY2hlci0yMjA1MTk3,2205197,David,Nieborg,4.8,15,100.0,2.5,"Arts, Culture & Media"
VGVhY2hlci0yOTIwMTcw,2920170,Barnabas,Emenogu,1.0,1,0.0,4.0,Education
VGVhY2hlci0yOTIwMDE5,2920019,Katharina,Logan,5.0,1,100.0,1.0,Languages
VGVhY2hlci0xNzQ5MDMw,1749030,Alan,Bruder,5.0,1,100.0,4.0,Law
VGVhY2hlci0yOTE3MDEz,2917013,Mohammad,Amin,5.0,3,100.0,1.7,Management
VGVhY2hlci0yODc3NjA3,2877607,Neda,Todorovic,2.3,6,33.3333,2.7,Languages
VGVhY2hlci0yODg4MjI3,2888227,Neekoo,Collett,3.5,2,50.0,3.5,Political Science
VGVhY2hlci0yNjc0MTkx,2674191,Joseph,Shaw,2.8,4,25.0,3.5,Finance
VGVhY2hlci0yMzUwNzQ2,2350746,Remi,Daviet,3.3,3,66.6667,3.7,Economics
VGVhY2hlci0yNjYxNzgw,2661780,Matthew,Da Mota,5.0,2,100.0,3.0,Humanities
VGVhY2hlci0yOTA4ODY3,2908867,Jillian,Sunderland,5.0,1,100.0,3.0,Sociology
VGVhY2hlci0yOTA4NDc3,2908477,Shane,Lynn,4.0,1,100.0,4.0,History
VGVhY2hlci0yOTAzMjk0,2903294,Tommaso,Alba,1.0,1,0.0,5.0,Economics
VGVhY2hlci0yODk5NTQx,2899541,Jason,Matthews,2.0,1,0.0,3.0,Pharmacology
VGVhY2hlci0yODk5NDA4,2899408,Massimiliano ,Meneghin,4.0,1,100.0,4.0,Computer Science
VGVhY2hlci0yNzM1NDA2,2735406,Patrick,James,3.3,7,57.1429,1.6,Environment
VGVhY2hlci0yODg1MjI3,2885227,Juliana,Vantellingen,5.0,1,100.0,3.0,Biology
VGVhY2hlci0yODgwMTA3,2880107,Marieme ,Lo,4.0,2,100.0,3.0,Women's Studies
VGVhY2hlci0yODI0Mzc5,2824379,Katie,Davis,2.0,6,0.0,3.3,History
VGVhY2hlci0yNDY5MDM5,2469039,Scott,Richmond,3.0,3,66.6667,5.0,Arts Culture amp Media
VGVhY2hlci0yODA4NTM3,2808537,Giuseppe,Castellano,5.0,2,100.0,3.0,Classics
VGVhY2hlci0yNjgxMDE0,2681014,John,Summers,5.0,2,100.0,3.0,Information Science
VGVhY2hlci0yODg3ODcy,2887872,Wenyu,Phan,4.0,1,100.0,2.0,Mathematics
VGVhY2hlci0yODcyODQw,2872840,Karen,Maxwell,1.0,1,0.0,5.0,Biochemistry
VGVhY2hlci0yMTA4Njk4,2108698,Cristiana,Amza,2.3,7,33.3333,3.7,Engineering
VGVhY2hlci0yNzM3Mjg2,2737286,Sadie,Hochman-Ruiz,1.5,2,0.0,4.5,Music
VGVhY2hlci0yODgzOTcz,2883973,Regina,Hartwick,1.0,1,0.0,2.0,Social Science
VGVhY2hlci0xMDM4ODg3,1038887,Greg,Evans,4.3,4,100.0,2.5,Engineering
VGVhY2hlci0yODc1MDM4,2875038,Abderrahmane,Abbou,1.0,2,0.0,4.5,Engineering
VGVhY2hlci0yNzA1MTI1,2705125,Kareem,Roberts,5.0,1,100.0,3.0,Communication
VGVhY2hlci0xMTU1ODI3,1155827,William,Huggins,4.3,18,100.0,3.1,Business
VGVhY2hlci0yNDQwOTUz,2440953,Adrian,Yee,3.0,2,50.0,4.5,Philosophy
VGVhY2hlci0yODc0NzI1,2874725,Fae ,Amiro,5.0,1,100.0,2.0,Classics
VGVhY2hlci0yODczMjA4,2873208,Emilie,Garan,0.0,0,-1.0,0.0,Communication
VGVhY2hlci0yODY3ODQ0,2867844,Carolyn,Cummins,5.0,1,100.0,4.0,Pharmacology
VGVhY2hlci0yODY3ODUy,2867852,Hong-Shuo,Sun,5.0,1,100.0,1.0,Pharmacology
VGVhY2hlci0yODY2MzM2,2866336,Esmat,Elhalaby,5.0,1,100.0,2.0,Anthropology
VGVhY2hlci0yODY1NjA5,2865609,Frances ,Wong,2.0,1,0.0,4.0,Biology
VGVhY2hlci0yNjUzMjQy,2653242,Mathew,Mercuri,2.8,4,50.0,3.0,Philosophy
VGVhY2hlci04NTQwNDk=,854049,Carol,Chin,4.5,8,80.0,3.1,History
VGVhY2hlci0yODAwNzMx,2800731,Peter,Sekyere,3.0,1,0.0,3.0,Political Science
VGVhY2hlci0yMzM3NTg4,2337588,Ibi,Kaslik,1.0,1,0.0,5.0,English
VGVhY2hlci0yODIzMjM2,2823236,Robert,McMillan,1.0,1,0.0,5.0,Economics
VGVhY2hlci0yNzc5NTA2,2779506,Shelley,Falconer,2.6,9,44.4444,3.9,Information Science
VGVhY2hlci0yNDk3NDgz,2497483,Kevin,Vuong,3.8,4,75.0,2.8,Medicine
VGVhY2hlci0yNTAwMTU4,2500158,Michael,Seaton,4.8,4,100.0,3.5,Marketing
VGVhY2hlci0xOTE0NjEw,1914610,Peter,Sawchuk,4.9,5,100.0,3.0,Education
VGVhY2hlci0xNjU4ODQx,1658841,Cheryl,Cott,1.0,2,0.0,4.5,Health Science
VGVhY2hlci0yNjE5MTQ2,2619146,Anu,Muhonen,5.0,4,100.0,2.8,Languages
VGVhY2hlci0yNjYzNDQ3,2663447,Joshua,Lackman,2.4,8,25.0,3.6,Mathematics
VGVhY2hlci0yMzQ4MDcw,2348070,Bachour,Mary-Kay,4.3,4,75.0,2.3,Geography
VGVhY2hlci0yNDEwMDc0,2410074,Sara,Galli,5.0,21,100.0,2.5,Languages
VGVhY2hlci0yNzI1ODMy,2725832,Kate,Duan,1.0,1,0.0,5.0,Mathematics
VGVhY2hlci0yMTA0Njgw,2104680,Laura,Sikstrom,2.9,5,50.0,3.6,Anthropology
VGVhY2hlci0yNjg2MDUz,2686053,Belinda,Piercy,5.0,1,100.0,2.0,Philosophy
VGVhY2hlci0yNzA0OTcy,2704972,Stanley,Subrata,3.0,4,50.0,4.5,Economics
VGVhY2hlci0yNTY3NDI4,2567428,Cassie,Brownell,1.0,1,0.0,1.0,Education
VGVhY2hlci0yNTU5OTU3,2559957,Keegan,Selig,3.0,5,60.0,2.4,Anthropology
VGVhY2hlci0yNzYxOTMw,2761930,Noor,Al-Attar,5.0,1,100.0,4.0,Science
VGVhY2hlci0yNzUyOTU2,2752956,James,Wells,1.0,1,0.0,5.0,Science
VGVhY2hlci0yNzUyOTU0,2752954,Lisa,Dolovich,2.0,1,0.0,3.0,Pharmacology
VGVhY2hlci0yMzM0MTI3,2334127,Sidhartha,Goyal,5.0,1,100.0,4.0,Physics
VGVhY2hlci0yNjg5MjAy,2689202,James,Allen,1.0,1,0.0,2.0,Philosophy
VGVhY2hlci0yNzM1NDM0,2735434,Lennart,Doppenschmitt,2.0,1,0.0,3.0,Engineering
VGVhY2hlci0xODY4MDE0,1868014,Vince,Pranjivan,3.2,8,100.0,3.3,Accounting
VGVhY2hlci0yNzIwNzUy,2720752,Kat,Furtado,5.0,1,100.0,3.0,Languages
VGVhY2hlci0yMzEzMjYw,2313260,Gillian,Einstein,5.0,1,100.0,4.0,Women's Studies
VGVhY2hlci0xOTkzOTQy,1993942,Charu,Bhaneja,2.2,14,66.6667,4.4,History
VGVhY2hlci0yNTE0MDc0,2514074,Etye,Steinberg,4.3,3,66.6667,4.0,Philosophy
VGVhY2hlci0yNjUwMDc5,2650079,Bernard,Feder,4.0,3,66.6667,3.0,Business
VGVhY2hlci0yNjk2NzI2,2696726,John,Van,1.0,3,0.0,5.0,English
VGVhY2hlci0yNjk0Mzg0,2694384,Vando,John,1.0,1,0.0,5.0,English
VGVhY2hlci0yNDI5OTQz,2429943,Selina,Wu,4.1,15,80.0,2.6,Geology
VGVhY2hlci0yNjE5NTU0,2619554,aedan,li,4.3,3,100.0,3.7,Psychology
VGVhY2hlci0yMjgzNjM2,2283636,Larissa,Richards,2.4,14,35.7143,3.4,Mathematics
VGVhY2hlci0yMjgyMDgw,2282080,Damian,Melamedoff,3.0,1,0.0,3.0,Philosophy
VGVhY2hlci0yNDM5OTIx,2439921,Daniel,Simpson,1.4,5,0.0,4.0,Mathematics
VGVhY2hlci0yMjAwOTMx,2200931,Catherine,Lamaison,5.0,3,100.0,3.0,Languages
VGVhY2hlci0yNjc4MjE3,2678217,Sabrina,Zhang,1.0,1,0.0,5.0,Communication
VGVhY2hlci0xNzMyNDA3,1732407,Kunal,Dasgupta,3.4,8,80.0,2.4,Economics
VGVhY2hlci0xOTM5MDY5,1939069,Brent,Miles,5.0,2,100.0,3.0,Literature
VGVhY2hlci0yNjE4MDY3,2618067,Brett,Cochrane,5.0,2,100.0,3.5,Psychology
VGVhY2hlci0yMjY4NzI3,2268727,Adil,Mansure,1.0,3,0.0,3.3,Architecture
VGVhY2hlci0yNTQ1MDAw,2545000,Kenneth,Duggan,3.5,2,50.0,2.5,History
VGVhY2hlci0yMTExNDY2,2111466,Marie-Emilie,Masson,3.7,3,50.0,3.0,Languages
VGVhY2hlci0xMDMxNDQ0,1031444,David,Goldstein,4.8,3,100.0,2.0,Psychology
VGVhY2hlci0yNTE5MDA5,2519009,Dan,Ryan,4.5,2,100.0,2.5,Information Science
VGVhY2hlci0yNTczODMz,2573833,Isabelle,Massicotte,5.0,1,100.0,2.0,Languages
VGVhY2hlci0yNjI1NTI4,2625528,Ehsan,Noei,5.0,1,100.0,4.0,Computer Science
VGVhY2hlci0xMDA1Mjgy,1005282,Dan,Dolderman,4.3,4,100.0,3.5,Psychology
VGVhY2hlci0yMzIxMzM4,2321338,Sasha,Gorjeltchan,2.7,3,33.3333,4.0,Art History
VGVhY2hlci0yMjc0NDMy,2274432,Mark,Fortney,3.7,3,66.6667,3.7,Philosophy
VGVhY2hlci0yMzgwNzY1,2380765,Lawrence,Williams,4.0,18,72.2222,3.5,Sociology
VGVhY2hlci0yNTI1MDA0,2525004,Syed,Ahmed,5.0,2,100.0,4.0,Computer Science
VGVhY2hlci0yNjExOTgz,2611983,Tony,Harris,5.0,1,100.0,3.0,Management
VGVhY2hlci0yNTkwNTUw,2590550,Anna,Frolova,4.0,1,100.0,4.0,Languages
VGVhY2hlci0yMjQ1NDUy,2245452,Karol,Czuba,2.7,3,33.3333,2.7,Political Science
VGVhY2hlci0yNTgyMDcz,2582073,Wendy,Luo,4.3,16,93.75,3.7,Languages
VGVhY2hlci0yNDUzMDkz,2453093,Amir,Ashouri,4.8,4,100.0,4.3,Computer Science
VGVhY2hlci0yMjc0NDM2,2274436,Benjamin,Wald,3.2,14,57.1429,3.5,Philosophy
VGVhY2hlci0yNTgwNTMy,2580532,Barry,Sampson,1.0,1,0.0,3.0,Architecture
VGVhY2hlci0yNTc3MjI5,2577229,CC,Gadza,5.0,1,100.0,4.0,Economics
VGVhY2hlci0yNTM4MTQ1,2538145,Zhengyu,Li,4.5,4,75.0,3.3,Mathematics
VGVhY2hlci0yMzI1OTUx,2325951,Pushpa,Acharya,3.5,2,50.0,3.0,History
VGVhY2hlci0yNTE1MTk2,2515196,Casey,Jao,3.0,2,0.0,4.0,Mathematics
VGVhY2hlci0yNTU3NzEy,2557712,Olga,Kaminer,3.0,1,0.0,3.0,Business
VGVhY2hlci0yNDcxNzI0,2471724,Richard,Derryberry,1.9,8,25.0,4.5,Mathematics
VGVhY2hlci0yMzM2OTk5,2336999,David,Punzalan,4.2,5,80.0,2.2,Biology
VGVhY2hlci0yMTcwODU2,2170856,Marco,Lettieri,5.0,6,100.0,3.2,Languages
VGVhY2hlci0xODcxMDM4,1871038,Steven,Osiel,3.8,6,100.0,3.7,Business
VGVhY2hlci0yMjY2NTk4,2266598,Toniann,Pitassi,2.0,3,33.3333,4.0,Computer Science
VGVhY2hlci0yMTEyMTM5,2112139,Andrew,Meyertholen,4.9,25,100.0,2.3,Physics
VGVhY2hlci0xODg5OTk2,1889996,Robert,Robere,5.0,3,100.0,3.0,Computer Science
VGVhY2hlci0yNDk3NDg0,2497484,Richard,Foty,3.0,1,0.0,3.0,Medicine
VGVhY2hlci0yMjg4NDAz,2288403,Ozgur,Esentepe,4.0,6,66.6667,3.8,Mathematics
VGVhY2hlci0yMTM2MzY1,2136365,Robert,Jerrard,3.8,6,80.0,3.2,Mathematics
VGVhY2hlci0yMTgyNjg0,2182684,Caitlin,Burton,2.9,9,44.4444,4.2,Psychology
VGVhY2hlci0yNDAwOTE3,2400917,Matteo,Brera,5.0,1,100.0,4.0,Humanities
VGVhY2hlci0yMjgxNTI5,2281529,Xiao,Han,5.0,1,100.0,3.0,Environment
VGVhY2hlci0yMDQ1MjAw,2045200, Abdallah,Farraj,5.0,4,100.0,3.5,Computer Science
VGVhY2hlci0xNDUxNjgx,1451681,Kathy,Voltan,3.8,4,50.0,2.3,Humanities
VGVhY2hlci0yMzI0MjYx,2324261,Amanda,Sherman,2.2,9,33.3333,4.0,Psychology
VGVhY2hlci0yMTcyMTAx,2172101,Angelina,Paolozza,3.7,8,50.0,3.9,Psychology
VGVhY2hlci0yMzI3OTQx,2327941,Iska,Moxon-Emre,4.6,7,85.7143,3.2,Psychology
VGVhY2hlci0yMzg4Njc1,2388675,Travis,Ens,5.0,1,100.0,4.0,Mathematics
VGVhY2hlci0yMjQ0OTM4,2244938,Caitlin,Hines,4.5,2,100.0,2.5,Classics
VGVhY2hlci0yMzY0NTEw,2364510,Guillermo,Verdecchia,2.5,2,50.0,3.5,Theater
VGVhY2hlci0yMTg2ODU2,2186856,Jim,Cullen,5.0,2,100.0,2.5,Social Work
VGVhY2hlci0xODMzMTY2,1833166,Mariana,Mota Prado,3.0,2,0.0,2.0,Law
VGVhY2hlci0yMzQ0MzI2,2344326,Chris,Damaren,5.0,1,100.0,3.0,Aerospace Studies
VGVhY2hlci0yMzQxNjI1,2341625,Yona,Lunsky,1.0,1,0.0,5.0,Psychology
VGVhY2hlci0yMjg4NjYw,2288660,Patrick,Jachyra,5.0,1,100.0,2.0,Physical Education
VGVhY2hlci0yMzEyMjUz,2312253,Kai,Arzheimer,5.0,1,100.0,3.0,Political Science
VGVhY2hlci0yMjQ0NzIz,2244723,Janice,Boddy,3.0,1,100.0,2.0,Anthropology
VGVhY2hlci0yMzAzMDk4,2303098,Jessika,Tremblay,5.0,1,100.0,3.0,Anthropology
VGVhY2hlci0yMTc0NTYy,2174562,Julia,Gamble,4.0,1,100.0,4.0,Anthropology
VGVhY2hlci0yMjY3NDE1,2267415,Anna,Kramer,1.5,2,0.0,3.5,Geography
VGVhY2hlci0yMjQ4MTQ2,2248146,Nicolas,Barrette,5.0,2,100.0,3.5,Architecture
VGVhY2hlci0yMjc1ODA0,2275804,Lewis,Kale,4.0,1,100.0,3.0,Social Science
VGVhY2hlci0yMjcxODY2,2271866,Peter,Rutherford,5.0,1,100.0,3.0,Computer Science
VGVhY2hlci0yMjQwMzI4,2240328,Nicole,Charles,5.0,1,100.0,4.0,Women's Studies
VGVhY2hlci0yMjI1MTc0,2225174,Andrew,Tilley,5.0,2,100.0,3.5,Chemistry
VGVhY2hlci0yMjE2NjYy,2216662,David,Ruggiero,4.5,2,100.0,2.5,Engineering
VGVhY2hlci0yMDY2NzA0,2066704,Maria,Brosius,3.4,4,0.0,2.8,History
VGVhY2hlci0xNjg3NzI4,1687728,Amir,Manbachi,5.0,14,100.0,2.3,Engineering
VGVhY2hlci0yMTU5Nzgz,2159783,Konstantinos,Papazoglou,5.0,1,100.0,4.0,Psychology
VGVhY2hlci0yMDk0ODU2,2094856,Ryan,Hall,4.5,3,100.0,2.3,History
VGVhY2hlci0yMDI0NzI2,2024726,Michael,Donnelly,5.0,2,-1.0,2.5,English
VGVhY2hlci0yMTEzMjU0,2113254,Marc,Solby,4.5,1,-1.0,3.0,Business
VGVhY2hlci0yMDc0OTc5,2074979,Pradeep,Kumar,4.5,1,-1.0,4.0,Economics
VGVhY2hlci0yMDA3MzY5,2007369,Daniel,Rowe,4.8,2,-1.0,2.5,Mathematics
VGVhY2hlci0yMDQ2MTkz,2046193,Cara,Orzech,2.5,1,-1.0,4.0,Accounting
VGVhY2hlci0xNzQ4MDYy,1748062,Charles,Repp,4.2,9,-1.0,2.8,Philosophy
VGVhY2hlci0xODM1ODQx,1835841,Rawya,Tousson,4.8,2,-1.0,2.0,Languages
VGVhY2hlci0xOTAyOTU4,1902958,Astrida,Neimenis,4.0,3,-1.0,3.0,Women's Studies
VGVhY2hlci0xMDA0MTU0,1004154,Brookes,Sommerville,4.3,6,-1.0,2.8,Philosophy
VGVhY2hlci0xOTE5MzE3,1919317,Foguni,Gugugi,2.0,1,-1.0,1.0,Design
VGVhY2hlci0xOTE4OTQw,1918940,Hélène,Desgagnés,3.0,1,-1.0,3.0,Economics
VGVhY2hlci0xNzMxNjQ3,1731647,Claudio,Palomares,4.5,2,-1.0,2.5,Languages
VGVhY2hlci0xOTA0NDA3,1904407,Alex,Mihailidis,5.0,1,-1.0,1.0,Engineering
VGVhY2hlci0xODc1MzIx,1875321,Kyle,Anstey,1.0,2,-1.0,4.5,Philosophy
VGVhY2hlci0xNjY2NTc5,1666579,Barrett,Spencer,3.8,2,-1.0,2.0,Biology
VGVhY2hlci0xODM1NTgz,1835583,Thom,Vernon,5.0,1,-1.0,3.0,Writing
VGVhY2hlci0xODEyNTA2,1812506,Mohammad,Shakourifar,5.0,2,-1.0,1.0,Computer Science
VGVhY2hlci0xODIzMDM4,1823038,Larysa,Kuzmenko,4.0,3,-1.0,2.0,Music
VGVhY2hlci0xODIzMDQ0,1823044,Mary Ann,Parker,1.5,1,-1.0,5.0,Music
VGVhY2hlci0xODA2MzY4,1806368,Meysam,Zargham,5.0,1,-1.0,3.0,Engineering
VGVhY2hlci0xNzUyMzUz,1752353,Gabriel,Placienza,1.0,2,-1.0,3.0,Engineering
VGVhY2hlci0xNzUzNzA4,1753708,Syed,Hussain,5.0,1,-1.0,3.0,Religion
VGVhY2hlci0xMTg0NDUy,1184452,Sandra,Bucerius,5.0,2,-1.0,3.0,Criminal Justice
VGVhY2hlci0xNzAyNzQw,1702740,Jane,Wolff,4.0,1,-1.0,3.0,Architecture
VGVhY2hlci0xNDMyMDEx,1432011,Ella,Soper-Jones,5.0,2,-1.0,2.0,English
VGVhY2hlci01MjE2MDc=,521607,Dina,Georgis,5.0,1,-1.0,4.0,Women's Studies
VGVhY2hlci0xMjI1OTUx,1225951,John,Christopoulos,4.9,7,-1.0,3.0,Humanities
VGVhY2hlci0xMzEwMTAw,1310100,Charlotte,Youngson,5.0,2,-1.0,3.0,Biology
VGVhY2hlci0xNTY1MTY1,1565165,Peter,Tan,5.0,1,-1.0,1.0,Engineering
VGVhY2hlci04MzE3NTM=,831753,Peter,Benson,5.0,2,-1.0,2.5,Law
VGVhY2hlci05MDA2NzQ=,900674,Michael,Iwama,4.9,8,-1.0,2.8,Medicine
VGVhY2hlci05NzM2NTk=,973659,Laura,Rosella,5.0,1,-1.0,3.0,Statistics
VGVhY2hlci0yMDc2ODY4,2076868,Abdallah,Farraj,0.0,0,-1.0,0.0,Engineering
VGVhY2hlci0xNjUxNTYx,1651561,Christine,Bear,0.0,0,-1.0,0.0,Biochemistry
VGVhY2hlci0xNjI1NzQx,1625741,Leonard,Griffiths,0.0,0,-1.0,0.0,Law
VGVhY2hlci0zMTU2NjQx,3156641,Tyler ,Pennock,0.0,0,-1.0,0.0,Humanities
VGVhY2hlci0zMDc4NDAy,3078402,Matthew,Scarfone,0.0,0,-1.0,0.0,Philosophy
VGVhY2hlci0zMDc1NDE2,3075416,Ryan ,Stafford,0.0,0,-1.0,0.0,English
VGVhY2hlci0zMDcxODE1,3071815,Laura,Hare,0.0,0,-1.0,0.0,Religion
VGVhY2hlci0zMTYwMjgw,3160280,Natasha,Goel,0.0,0,-1.0,0.0,Political Science
VGVhY2hlci0zMDI4MDY4,3028068,Alice,Rolf,0.0,0,-1.0,0.0,Mathematics
VGVhY2hlci0zMDI2NjY2,3026666,Melissa,Bush,0.0,0,-1.0,0.0,Women's Studies
VGVhY2hlci0zMDI2MTE1,3026115,Ari,Finnsson,0.0,0,-1.0,0.0,History
VGVhY2hlci0zMDIyNTU4,3022558,Justin,Morris,0.0,0,-1.0,0.0,Humanities
VGVhY2hlci0zMDE2MzYw,3016360,Ira,Jacobs,0.0,0,-1.0,0.0,Physical Education
VGVhY2hlci0zMDQ1ODI5,3045829,Suzanne,Caderette,0.0,0,-1.0,0.0,Pharmacology
VGVhY2hlci0zMDMxMzU5,3031359,Tracey,Edelist,0.0,0,-1.0,0.0,Languages
VGVhY2hlci0zMTUyODE3,3152817,Pan,Chen,0.0,0,-1.0,0.0,Computer Science
VGVhY2hlci0zMTI1ODI5,3125829,Lijia,WANG,0.0,0,-1.0,0.0,Mathematics
VGVhY2hlci0zMTIzMTAy,3123102,Narmada,Varadarajan,0.0,0,-1.0,0.0,Mathematics
VGVhY2hlci0zMTIyNjcy,3122672,Delaram,Farzanfar,0.0,0,-1.0,0.0,Psychology
VGVhY2hlci0zMTIwODkz,3120893,Oliver ,Ernst,0.0,0,-1.0,0.0,Biochemistry
VGVhY2hlci0zMTIxMDU2,3121056,Jiazhou,Bi,0.0,0,-1.0,0.0,Information Science
VGVhY2hlci0zMTUzNjQz,3153643,Logan,Murphy,0.0,0,-1.0,0.0,Computer Science
VGVhY2hlci0zMTA2NjY4,3106668,Stuart,Stuart Campbell,0.0,0,-1.0,0.0,Accounting
VGVhY2hlci0zMTA0MzEz,3104313,Maria,Mendez-Gutierrez,0.0,0,-1.0,0.0,Political Science
VGVhY2hlci0zMTE5MTQ3,3119147,Oliver ,Pankratz,0.0,0,-1.0,0.0,Mathematics
VGVhY2hlci0zMTA4MTAw,3108100,Song,Jiang,0.0,0,-1.0,0.0,Languages
VGVhY2hlci0zMTA5NTgx,3109581,Kayla,akler,0.0,0,-1.0,0.0,Classics
VGVhY2hlci0yOTk1MjYy,2995262,Liang ,Chen,0.0,0,-1.0,0.0,Business
VGVhY2hlci0zMTU1MzAw,3155300,Sheryl,Lightfoot,0.0,0,-1.0,0.0,Political Science
VGVhY2hlci0zMDAxMDkx,3001091,Melissande,Tomcik,0.0,0,-1.0,0.0,Classics
VGVhY2hlci0zMDEwODUw,3010850,Valerie,Dube,0.0,0,-1.0,0.0,Medicine
VGVhY2hlci0zMDA2Njg5,3006689,jacqueline ,beaudry,0.0,0,-1.0,0.0,Health Science
VGVhY2hlci0zMTI5NTUy,3129552,Anna,Szakaly,0.0,0,-1.0,0.0,Languages
VGVhY2hlci0zMTQ3MTU5,3147159,Erin,Mick,0.0,0,-1.0,0.0,Film
VGVhY2hlci0zMTE3NDQ2,3117446,Maykal,Bailey,0.0,0,-1.0,0.0,Criminal Justice
VGVhY2hlci0zMTM3Mzg4,3137388,Jeremy,Ko,0.0,0,-1.0,0.0,Computer Science
VGVhY2hlci0zMTMzODQy,3133842,Michael,Jorgensen,0.0,0,-1.0,0.0,Physical Education
VGVhY2hlci0zMDI1NjY1,3025665,Melissa,Hunte,0.0,0,-1.0,0.0,Education
VGVhY2hlci0zMDM4MTcw,3038170,Claire,Brett,0.0,0,-1.0,0.0,Education
VGVhY2hlci0yNzg3NTcy,2787572,Roberta,Buiani,0.0,0,-1.0,0.0,"Arts, Culture & Media"
VGVhY2hlci0yNzA0MjY4,2704268,Nuria,Montblanch,0.0,0,-1.0,0.0,Architecture
VGVhY2hlci0yNjc0NTEz,2674513,Susan,Ruddick,0.0,0,-1.0,0.0,Geography
VGVhY2hlci0yNjA0NDQ1,2604445,Barend,Beekhuizen,0.0,0,-1.0,0.0,Computer Science
VGVhY2hlci0yODgzODQy,2883842,Robert,Stellick ,0.0,0,-1.0,0.0,Law
VGVhY2hlci0yNzA2OTU1,2706955,Phyllis,Tian,0.0,0,-1.0,0.0,Science
VGVhY2hlci0yNjc4MjIw,2678220,Rachel,T.,0.0,0,-1.0,0.0,Writing
VGVhY2hlci0yNzcxNjY2,2771666,Promise,Skinner,0.0,0,-1.0,0.0,Criminal Justice
VGVhY2hlci0yOTAzMDc1,2903075,Raj ,Soni,0.0,0,-1.0,0.0,English
VGVhY2hlci0yOTIyMDc2,2922076,Abdullah,Shams,0.0,0,-1.0,0.0,Engineering
VGVhY2hlci0yOTA3NTE3,2907517,Tia,Sager,0.0,0,-1.0,0.0,Art History
VGVhY2hlci0yOTQzODY0,2943864,Arun,Paramenkanti,0.0,0,-1.0,0.0,Physics
VGVhY2hlci0yOTE3MDk3,2917097,Stefan ,Macleod ,0.0,0,-1.0,0.0,Political Science
VGVhY2hlci0yOTA3MTQ1,2907145,Tim,Gadanidis,0.0,0,-1.0,0.0,Languages
VGVhY2hlci0yNjIyMDQ1,2622045,Anthony,Mattacchione,0.0,0,-1.0,0.0,Architecture
VGVhY2hlci0yODY4NjE3,2868617,Ya-Huei,Chin,0.0,0,-1.0,0.0,Engineering
VGVhY2hlci0yODI2MTIw,2826120,Jenny,Ge,0.0,0,-1.0,0.0,Education
VGVhY2hlci0yOTkxNDIy,2991422,Alexei,Lapouchnian,0.0,0,-1.0,0.0,Computer Science
VGVhY2hlci0yOTg5Mzg1,2989385,Denise,Belsham,0.0,0,-1.0,0.0,Philosophy
VGVhY2hlci0yNzA5OTY3,2709967,Pranya,Yamin,0.0,0,-1.0,0.0,Marketing
VGVhY2hlci0yNjg2NzYy,2686762,Greg,Braun,0.0,0,-1.0,0.0,Anthropology
VGVhY2hlci0yODIwOTc0,2820974,Vittoria,Nimmo,0.0,0,-1.0,0.0,Geography
VGVhY2hlci0yODA0NjE2,2804616,Maya,Sanchez,0.0,0,-1.0,0.0,Art History
VGVhY2hlci0yNDAyOTM4,2402938,Nicholas,Spence,0.0,0,-1.0,0.0,Health Science
VGVhY2hlci0yNDcxNjEw,2471610,Janice,Fraser,0.0,0,-1.0,0.0,Theater
VGVhY2hlci0yNTE2Nzkz,2516793,Mons,Chan,0.0,0,-1.0,0.0,Economics
VGVhY2hlci0yMzg2OTE0,2386914,Marc,LaFlamme,0.0,0,-1.0,0.0,Chemistry
VGVhY2hlci0yMzQyMDg2,2342086,Bryan,Reece,0.0,0,-1.0,0.0,Philosophy
VGVhY2hlci0yMzMwNTE0,2330514,Mariana,Bockarova,0.0,0,-1.0,0.0,Psychology
VGVhY2hlci0yMjc0Mjc3,2274277,Markus,Stock,0.0,0,-1.0,0.0,Languages
VGVhY2hlci0yMjYxNzcx,2261771,Tuba,Eldem,0.0,0,-1.0,0.0,Political Science
VGVhY2hlci0yMjM4Mjcw,2238270,Mina,Momeni,0.0,0,-1.0,0.0,Fine Arts
VGVhY2hlci0yMTY5MTEw,2169110,Thomas,Reynolds,0.0,0,-1.0,0.0,Religion
VGVhY2hlci0yMDE3MTMw,2017130,Umit,Durghe,0.0,0,-1.0,0.0,Classics
VGVhY2hlci0yMTE1MTky,2115192,Robert,Papazian,0.0,0,-1.0,0.0,Business
VGVhY2hlci0xODEwMzE3,1810317,Rachel,Seelig,0.0,0,-1.0,0.0,Literature
VGVhY2hlci0xODA5Mzkx,1809391,Lee,Fujii,0.0,0,-1.0,0.0,Political Science
VGVhY2hlci0zMTU4NDA3,3158407,Kevin,Mott,0.0,0,-1.0,0.0,Finance
VGVhY2hlci0zMTYwMjI3,3160227,Salma,Sheikh-Mohamed ,0.0,0,-1.0,0.0,Biology
VGVhY2hlci0zMTM1MTU5,3135159,Katherine ,Zagrodney,0.0,0,-1.0,0.0,Health Science
VGVhY2hlci0zMTMzOTc5,3133979,Carol,Percy,0.0,0,-1.0,0.0,English
VGVhY2hlci0zMTMyMTQ3,3132147,Daniel,McGee,0.0,0,-1.0,0.0,Economics
VGVhY2hlci0xNjQ4OTc2,1648976,Avi,Chakrabartty,0.0,0,-1.0,0.0,Biology
VGVhY2hlci0zMTQ1ODgy,3145882,Sarah, Jensen,0.0,0,-1.0,0.0,"Arts, Culture & Media"
VGVhY2hlci0zMTI0MTY4,3124168,Sue,Lloyd,0.0,0,-1.0,0.0,Fine Arts
VGVhY2hlci0zMTI0MTY0,3124164,June,Pak,0.0,0,-1.0,0.0,Fine Arts
VGVhY2hlci0zMTIyMzMx,3122331,Taryn,Eadie,0.0,0,-1.0,0.0,Economics
VGVhY2hlci0zMTE5NDc3,3119477,Jacob,Yau,0.0,0,-1.0,0.0,Law
VGVhY2hlci0zMTUwNzY0,3150764,Aryen,Hoekstra,0.0,0,-1.0,0.0,"Arts, Culture & Media"
VGVhY2hlci0zMTI1NTI0,3125524,Ann,Zhang,0.0,0,-1.0,0.0,Biology
VGVhY2hlci0zMDU2OTY0,3056964,Keith,Collaco,0.0,0,-1.0,0.0,Health Science
VGVhY2hlci0zMDY4NTc5,3068579,Andrew,Westoll ,0.0,0,-1.0,0.0,Literature
VGVhY2hlci0zMDY0OTI1,3064925,Aalaya,Milne,0.0,0,-1.0,0.0,Physical Education
VGVhY2hlci0zMDY0MDYx,3064061,David,Levin,0.0,0,-1.0,0.0,Computer Science
VGVhY2hlci0zMDYzNDky,3063492,Dilyara,Agisheva,0.0,0,-1.0,0.0,History
VGVhY2hlci0zMDM4MTcz,3038173,Clare,Brett ,0.0,0,-1.0,0.0,Education
VGVhY2hlci0zMDUxNDg0,3051484,Corry,Azzopardi,0.0,0,-1.0,0.0,Social Work
VGVhY2hlci0zMDQ1NzY1,3045765,Mina,Mohammadi ,0.0,0,-1.0,0.0,Business
VGVhY2hlci0zMDc5NjQ1,3079645,Diego ,Tuesta,0.0,0,-1.0,0.0,Criminal Justice
VGVhY2hlci0zMDc0NTUz,3074553,Maria,Mendez Gutierrez,0.0,0,-1.0,0.0,Political Science
VGVhY2hlci0zMDg3Mzk2,3087396,Karthik,Ganesan,0.0,0,-1.0,0.0,Engineering
VGVhY2hlci0zMDgxNDc3,3081477,brenda ,cossmen,0.0,0,-1.0,0.0,Law
VGVhY2hlci0zMDYyNjk3,3062697,Maryam,Khaqan,0.0,0,-1.0,0.0,Mathematics
VGVhY2hlci0zMTE2NjIw,3116620,Xiaocui,Yue,0.0,0,-1.0,0.0,Mathematics
VGVhY2hlci0zMTE0MzI2,3114326,Mir,Kabir,0.0,0,-1.0,0.0,Economics
VGVhY2hlci0zMTEzNzE5,3113719,Ali,Bereyhi,0.0,0,-1.0,0.0,Engineering
VGVhY2hlci0zMTEyMzY5,3112369,Rewad,Assi,0.0,0,-1.0,0.0,Computer Science
VGVhY2hlci0zMTEzMDc2,3113076,Moses ,Karanja,0.0,0,-1.0,0.0,Political Science
VGVhY2hlci0zMDIxOTk1,3021995,James,John,0.0,0,-1.0,0.0,Philosophy
VGVhY2hlci0zMDIxNzgx,3021781,Anjana ,Dattani,0.0,0,-1.0,0.0,Business
VGVhY2hlci0zMDIxMzg0,3021384,Melissa,Levin,0.0,0,-1.0,0.0,Humanities
VGVhY2hlci0zMDI2NjI4,3026628,Dionne,Aleman,0.0,0,-1.0,0.0,Engineering
VGVhY2hlci0zMTI2OTk2,3126996,Nathanael,Caveney,0.0,0,-1.0,0.0,Pharmacology
VGVhY2hlci0yOTk1NTk0,2995594,Andreas,Chariot,0.0,0,-1.0,0.0,Accounting
VGVhY2hlci0zMDA2NzYw,3006760,Rakesh ,Sengupta ,0.0,0,-1.0,0.0,English
VGVhY2hlci0zMDA2NzYx,3006761,Jessica,Bytautas,0.0,0,-1.0,0.0,Health Science
VGVhY2hlci0zMDA2MDkz,3006093,Boris,Braverman,0.0,0,-1.0,0.0,Physics
VGVhY2hlci0yOTk4ODE4,2998818,Mathias,Braun,0.0,0,-1.0,0.0,Mathematics
VGVhY2hlci0yOTk2ODAy,2996802,Mohammad,Fadel,0.0,0,-1.0,0.0,Law
VGVhY2hlci0yOTg5NTMy,2989532,Mohamed,Sayed,0.0,0,-1.0,0.0,Engineering
VGVhY2hlci0yODMxODgz,2831883,Siphelele,Danisa,0.0,0,-1.0,0.0,Computer Science
VGVhY2hlci0yNjkyNzQ0,2692744,Alex,Yang,0.0,0,-1.0,0.0,Mathematics
VGVhY2hlci0yOTUxOTgy,2951982,Jun,Yuan,0.0,0,-1.0,0.0,Business
VGVhY2hlci0yOTMxMTk2,2931196,Dylan,Shaul,0.0,0,-1.0,0.0,Philosophy
VGVhY2hlci0yOTE4NjQx,2918641,Dmitriy,Panchenko,0.0,0,-1.0,0.0,Mathematics
VGVhY2hlci0yOTAzMDE5,2903019,Kate,Neville ,0.0,0,-1.0,0.0,Political Science
VGVhY2hlci0yOTc4NTEy,2978512,Luis,Nieto-Barajas,0.0,0,-1.0,0.0,Mathematics
VGVhY2hlci0yOTE3MTgx,2917181,Brenda,Mori,0.0,0,-1.0,0.0,Health Science
VGVhY2hlci0yOTM0NzU5,2934759,Tegan,Maharaj,0.0,0,-1.0,0.0,Information Science
VGVhY2hlci0yOTEzNTA1,2913505,Michael,Karambatos,0.0,0,-1.0,0.0,Law
VGVhY2hlci0yODkwMDkw,2890090,Jonathon,Ditlev,0.0,0,-1.0,0.0,Biochemistry
VGVhY2hlci0yODkyNzU5,2892759,Fabiola,Cruze Li,0.0,0,-1.0,0.0,Mathematics
VGVhY2hlci0yOTE1Mzk2,2915396,Jaimie,Coleman,0.0,0,-1.0,0.0,Health Science
VGVhY2hlci0yOTQyNjYy,2942662,Kaixin,Chen,0.0,0,-1.0,0.0,Educational Research
VGVhY2hlci0yNjE4MTI1,2618125,Ted,Sargent,0.0,0,-1.0,0.0,Engineering
VGVhY2hlci0yNTIxNjY1,2521665,Sean,Capener,0.0,0,-1.0,0.0,Religion
VGVhY2hlci0yODYxODE0,2861814,Jessice,Mace,0.0,0,-1.0,0.0,Art History
VGVhY2hlci0yODU0OTI2,2854926,Aman,Patra,0.0,0,-1.0,0.0,Film
VGVhY2hlci0yODg2MDI3,2886027,Paul,Chipperton,0.0,0,-1.0,0.0,Management
VGVhY2hlci0yODg1NzU3,2885757,John,McGaughey,0.0,0,-1.0,0.0,English
VGVhY2hlci0yODU3NjIx,2857621,Debra,Wunch,0.0,0,-1.0,0.0,Physics
VGVhY2hlci0yODcyOTQ5,2872949,Israel,Sigal,0.0,0,-1.0,0.0,Mathematics
VGVhY2hlci0yODc0NzM1,2874735,Leon,Lee,0.0,0,-1.0,0.0,Computer Science
VGVhY2hlci0yNzY1NTQx,2765541,Caroline,Parins-Fukuchi,0.0,0,-1.0,0.0,Biology
VGVhY2hlci0yNjQ0NjIw,2644620,Pushparaj,Acharya,0.0,0,-1.0,0.0,Ethnic Studies
VGVhY2hlci0yNjcxODAz,2671803,mikko,taipale,0.0,0,-1.0,0.0,Biology
VGVhY2hlci0yNDU4MzQ3,2458347,Oliver,Bennett,0.0,0,-1.0,0.0,Mathematics
VGVhY2hlci0yNDQwNjE1,2440615,Vojin,Majstorovic,0.0,0,-1.0,0.0,History
VGVhY2hlci0yMzg5MzQ0,2389344,Benjamin,Goldstein,0.0,0,-1.0,0.0,Medicine
VGVhY2hlci0yNTY4ODAw,2568800,Stevo,Todorcevic,0.0,0,-1.0,0.0,Mathematics
VGVhY2hlci0yMzQyMDg3,2342087,Brian,Embry,0.0,0,-1.0,0.0,Philosophy
VGVhY2hlci0yMzM1NzY3,2335767,Jennifer,Bethell,0.0,0,-1.0,0.0,Health Science
VGVhY2hlci0yMjEyMDEz,2212013,Isabel,Urrutia,0.0,0,-1.0,0.0,Geography
VGVhY2hlci0yMTM2NzAw,2136700,Mike,Molloy,0.0,0,-1.0,0.0,Computer Science
VGVhY2hlci0yMTY0ODY3,2164867,Brenda,Webster-Tweel,0.0,0,-1.0,0.0,Architecture
VGVhY2hlci0yMzEzNzg5,2313789,Shashi,Kant,0.0,0,-1.0,0.0,Environment
VGVhY2hlci0yMTcwMjAz,2170203,Sylvia,Kemenoff,0.0,0,-1.0,0.0,Psychology
VGVhY2hlci0xNjgxODA0,1681804,Geoff,Lawrence,0.0,0,-1.0,0.0,Education
VGVhY2hlci0xOTM5MDcw,1939070,Ian,McDougall,0.0,0,-1.0,0.0,English
VGVhY2hlci0yMDYwNzQ3,2060747,Ryan ,Olfert,0.0,0,-1.0,0.0,Theater
VGVhY2hlci0xNjU0NDQx,1654441,Jenn,Keelan,0.0,0,-1.0,0.0,Not Specified
VGVhY2hlci0zMDI2NTQ4,3026548,Anna ,Chmielewski,0.0,0,-1.0,0.0,Education
VGVhY2hlci0zMDUwOTM3,3050937,Stephanie,Ho,0.0,0,-1.0,0.0,Biochemistry
VGVhY2hlci0zMDUwMzQw,3050340,Michael,Power,0.0,0,-1.0,0.0,Physics
VGVhY2hlci0zMDQ0MDk0,3044094,Esme,Fuller-Thomson,0.0,0,-1.0,0.0,Social Work
VGVhY2hlci0zMDY0MTk4,3064198,Peter,Johnston,0.0,0,-1.0,0.0,Music
VGVhY2hlci0zMTE5MDgy,3119082,Joanna,Dudek,0.0,0,-1.0,0.0,Psychology
VGVhY2hlci0zMTE4NzI5,3118729,Ashton,Anderson,0.0,0,-1.0,0.0,Computer Science
VGVhY2hlci0zMTE1NDQx,3115441,Grace ,Karram,0.0,0,-1.0,0.0,Education
VGVhY2hlci0zMTE0NjY4,3114668,Federico,Manganello,0.0,0,-1.0,0.0,Mathematics
VGVhY2hlci0zMTA5MDg1,3109085,Don,Englert,0.0,0,-1.0,0.0,Music
VGVhY2hlci0zMTA4Mzk0,3108394,Michael,Obie,0.0,0,-1.0,0.0,Anthropology
VGVhY2hlci0zMTI5NTQ0,3129544,Suzi,Oliveira de Lima,0.0,0,-1.0,0.0,Languages
VGVhY2hlci0zMDczOTQ4,3073948,Tin,Von,0.0,0,-1.0,0.0,Social Work
VGVhY2hlci0zMDczMDk2,3073096,Hisham,Hasanein,0.0,0,-1.0,0.0,Engineering
VGVhY2hlci0zMDcxMDg4,3071088,Jeffrey,Sun,0.0,0,-1.0,0.0,Economics
VGVhY2hlci0zMDcwMjM2,3070236,Monica,Hutton,0.0,0,-1.0,0.0,Architecture
VGVhY2hlci0zMDY4MTA5,3068109, Jorge,Chapital,0.0,0,-1.0,0.0,Mathematics
VGVhY2hlci0zMDY2ODA4,3066808,Melissa ,Anderson ,0.0,0,-1.0,0.0,Geology
VGVhY2hlci0zMTA0ODkx,3104891,Tahir,Shaaran ,0.0,0,-1.0,0.0,Physics
VGVhY2hlci0zMDAxMjMz,3001233,Ziheng,Lin,0.0,0,-1.0,0.0,Mathematics
VGVhY2hlci0yOTk4NjU2,2998656,Chris,Johnson,0.0,0,-1.0,0.0,History
VGVhY2hlci0zMTQ5Mjg4,3149288,Maher,Elshakankiri,0.0,0,-1.0,0.0,Information Science
VGVhY2hlci0zMDc5NDQz,3079443,Jauher,Ahmad,0.0,0,-1.0,0.0,Pharmacology
VGVhY2hlci0zMTUxMjM3,3151237,micheal ,miller ,0.0,0,-1.0,0.0,Philosophy
VGVhY2hlci0zMDM0ODcw,3034870,Austin,Brown,0.0,0,-1.0,0.0,Mathematics
VGVhY2hlci0zMDMwNTEx,3030511,Sachin,Raina,0.0,0,-1.0,0.0,Physical Education
VGVhY2hlci0zMDI4Nzk1,3028795,Leanne,De Souza-Kenney,0.0,0,-1.0,0.0,Health Science
VGVhY2hlci0zMDkxMTE2,3091116,Jeff,Masse,0.0,0,-1.0,0.0,Classics
VGVhY2hlci0zMTQ1ODg0,3145884,Sarah ,Jensen,0.0,0,-1.0,0.0,"Arts, Culture & Media"
VGVhY2hlci0zMTU3Njg1,3157685,Isabella,Caniggia,0.0,0,-1.0,0.0,Biology
VGVhY2hlci0zMTYwODQ3,3160847,Amenda ,Chow,0.0,0,-1.0,0.0,Mathematics
VGVhY2hlci0zMTM3Mjk5,3137299,Shweta,Swarup,0.0,0,-1.0,0.0,Philosophy
VGVhY2hlci0yODA5NTM0,2809534,Jennifer,Wooton,0.0,0,-1.0,0.0,Law
VGVhY2hlci0yOTkxMDky,2991092,Elaine,Khoo,0.0,0,-1.0,0.0,Communication
VGVhY2hlci0yODAxMTI1,2801125,Mary,Nyquist,0.0,0,-1.0,0.0,English
VGVhY2hlci0yNzYxODY3,2761867,William,Wolfson,0.0,0,-1.0,0.0,Economics
VGVhY2hlci0yODgxOTE1,2881915,Ferris,Adi,0.0,0,-1.0,0.0,Information Science
VGVhY2hlci0yODc2NDcz,2876473,Ana,Ptrov,0.0,0,-1.0,0.0,Languages
VGVhY2hlci0yOTgxODEy,2981812,Kevin,Course,0.0,0,-1.0,0.0,Engineering
VGVhY2hlci0yOTc4Nzc5,2978779,Zifan,Wang,0.0,0,-1.0,0.0,Accounting
VGVhY2hlci0yOTc4NDMx,2978431,Joseph,Stollenwerk,0.0,0,-1.0,0.0,History
VGVhY2hlci0yOTYzNzEz,2963713,Natalia,Serenko,0.0,0,-1.0,0.0,Social Work
VGVhY2hlci0yOTcyODA4,2972808,Steven,Philcox,0.0,0,-1.0,0.0,Music
VGVhY2hlci0yOTA4Mzc2,2908376,Miguel ,Esteban,0.0,0,-1.0,0.0,"Arts, Culture & Media"
VGVhY2hlci0yODk5MzEx,2899311,Saro,Fara,0.0,0,-1.0,0.0,Physical Education
VGVhY2hlci0yOTI3NDI0,2927424,Saeid,Abolfazli,0.0,0,-1.0,0.0,Computer Science
VGVhY2hlci0yOTI0NDYx,2924461, Salar, Asadolahi,0.0,0,-1.0,0.0,Political Science
VGVhY2hlci0yODQ5MDE1,2849015,Nadine,Chan,0.0,0,-1.0,0.0,Film
VGVhY2hlci0yODkyNjYx,2892661,William,Boily,0.0,0,-1.0,0.0,Anthropology
VGVhY2hlci0yNTY0NjUw,2564650,Pushpa,Acharya,0.0,0,-1.0,0.0,Ethnic Studies
VGVhY2hlci0yNTUwMjM3,2550237,Merlin,Charles,0.0,0,-1.0,0.0,Languages
VGVhY2hlci0yNDcyMDA3,2472007,Rosemary,Gartner,0.0,0,-1.0,0.0,Sociology
VGVhY2hlci0yNDMyODU2,2432856,Amirali,Abari,0.0,0,-1.0,0.0,Computer Science
VGVhY2hlci0xODU1ODkz,1855893,Kent,Roach,0.0,0,-1.0,0.0,Law
VGVhY2hlci0yMjM4MTcy,2238172,Xi,Chen-Bumgardner,0.0,0,-1.0,0.0,Education
VGVhY2hlci0yMzIyNTgx,2322581,Fatemeh,Panahi,0.0,0,-1.0,0.0,Computer Science
VGVhY2hlci0yMjczNjU5,2273659,Michael,Hager,0.0,0,-1.0,0.0,Languages
VGVhY2hlci0yMjcxMTUx,2271151,David,Adkins,0.0,0,-1.0,0.0,English
VGVhY2hlci0yMzQ1MTA1,2345105,Enrica,Piccardo,0.0,0,-1.0,0.0,Languages
VGVhY2hlci0yMTA1NDMy,2105432,Valerie,Lennox,0.0,0,-1.0,0.0,Accounting
VGVhY2hlci0xNzQwNDYx,1740461,Jon,Norman,0.0,0,-1.0,0.0,Engineering
VGVhY2hlci0xNjQ5NzU4,1649758,Joyce,Poon,0.0,0,-1.0,0.0,Engineering
VGVhY2hlci0xNjM2NzAy,1636702,Liam,Vanbeek,0.0,0,-1.0,0.0,History
VGVhY2hlci0xNjk2NDUx,1696451,Max,Dionsio,0.0,0,-1.0,0.0,Information Science
VGVhY2hlci0xNjg0NzI5,1684729,David,Briskin,0.0,0,-1.0,0.0,Music
VGVhY2hlci0zMTU3NTA2,3157506,Yonathan,Fiat,0.0,0,-1.0,0.0,Philosophy
VGVhY2hlci0zMTU4MTA5,3158109,Elisa,Privitera,0.0,0,-1.0,0.0,Environment
VGVhY2hlci0zMTU2MzE5,3156319,Michal,Mlynarz,0.0,0,-1.0,0.0,History
VGVhY2hlci0zMTU4MDQ4,3158048,Andrew, Byrne,0.0,0,-1.0,0.0,Languages
VGVhY2hlci0yOTk2OTU4,2996958,Benjamin,Gilbert,0.0,0,-1.0,0.0,Biology
VGVhY2hlci0zMDg1NTAw,3085500,Jorge,Chapital,0.0,0,-1.0,0.0,Mathematics
VGVhY2hlci0zMTQ5MzA1,3149305,Justin,Bi,0.0,0,-1.0,0.0,Information Science
VGVhY2hlci0zMDgyNzQ0,3082744,Prentiss,Dantzler,0.0,0,-1.0,0.0,Sociology
VGVhY2hlci0zMDgyMTE2,3082116,Ebrahim,Bagheri,0.0,0,-1.0,0.0,Information Science
VGVhY2hlci0zMTM1OTQy,3135942,Turar,Tanirbergenov,0.0,0,-1.0,0.0,Chemistry
VGVhY2hlci0zMTMzOTgz,3133983,Nyasha,Junior,0.0,0,-1.0,0.0,Religion
VGVhY2hlci0zMDc4ODU4,3078858,Christodoulos,Karavasilis,0.0,0,-1.0,0.0,Computer Science
VGVhY2hlci0zMTUwNDkx,3150491,Ziqing,Hong,0.0,0,-1.0,0.0,Physics
VGVhY2hlci0zMTIyNzg0,3122784,David,Steinman,0.0,0,-1.0,0.0,Engineering
VGVhY2hlci0zMTE5MTU2,3119156,Elliott,Fuller,0.0,0,-1.0,0.0,Classics
VGVhY2hlci0zMTUxNDYw,3151460,Azadeh,Yadollahi,0.0,0,-1.0,0.0,Engineering
VGVhY2hlci0zMDA1MzI4,3005328,Veronica ,Curran,0.0,0,-1.0,0.0,Languages
VGVhY2hlci0zMTM4NzY2,3138766,Sophia,Bello,0.0,0,-1.0,0.0,Humanities
VGVhY2hlci0zMTUyMzEx,3152311,Viktoria,Zezerova,0.0,0,-1.0,0.0,Economics
VGVhY2hlci0zMTE0Njk0,3114694,Christie,Lee,0.0,0,-1.0,0.0,Medicine
VGVhY2hlci0zMTE0Mzgy,3114382,Scott,Schieman,0.0,0,-1.0,0.0,Sociology
VGVhY2hlci0zMTE0MDM5,3114039,Parastoo,Anoushapour,0.0,0,-1.0,0.0,Architecture
VGVhY2hlci0zMTExNDE3,3111417,Vanessa,Goncalves,0.0,0,-1.0,0.0,Pharmacology
VGVhY2hlci0zMTEwODEy,3110812,Carson,Hammond,0.0,0,-1.0,0.0,English
VGVhY2hlci0zMTEwMTQ0,3110144,Andrew,Fraser,0.0,0,-1.0,0.0,Medicine
VGVhY2hlci0zMTA5NTM1,3109535,Kayla,Akler,0.0,0,-1.0,0.0,Anthropology
VGVhY2hlci0zMTA3Nzg5,3107789,Scott,Douglas,0.0,0,-1.0,0.0,Accounting
VGVhY2hlci0zMDMwNDI3,3030427,Beverley,Essue,0.0,0,-1.0,0.0,Public Policy & Administration
VGVhY2hlci0zMDMwMDkx,3030091,Angela,Leach,0.0,0,-1.0,0.0,Fine Arts
VGVhY2hlci0zMDQyNDEw,3042410,Jessie,Hall,0.0,0,-1.0,0.0,Philosophy
VGVhY2hlci0zMDM4MTkx,3038191,Shijun,Su,0.0,0,-1.0,0.0,Economics
VGVhY2hlci0zMTU1MzY4,3155368,Alice,Kim,0.0,0,-1.0,0.0,English
VGVhY2hlci0zMDY5NjI5,3069629,Luis,Ardilla,0.0,0,-1.0,0.0,Engineering
VGVhY2hlci0zMDY5MTI3,3069127,Luciano,Martinez,0.0,0,-1.0,0.0,Mathematics
VGVhY2hlci0zMDY2ODA5,3066809,Bronwyn ,Clement ,0.0,0,-1.0,0.0,Geography
VGVhY2hlci0yODQ4MzM5,2848339,Phillip,Lipscy,0.0,0,-1.0,0.0,Political Science
VGVhY2hlci0yODQ4MDM4,2848038,Natasha,Kordonska,0.0,0,-1.0,0.0,Business
VGVhY2hlci0yODQ4MDM3,2848037,David,Vrbanek,0.0,0,-1.0,0.0,Business
VGVhY2hlci0yNjMyNzQ5,2632749,Mike,Bigdeli,0.0,0,-1.0,0.0,Finance
VGVhY2hlci0yNjU4ODc4,2658878,Jerrard,Gaertner,0.0,0,-1.0,0.0,Management
VGVhY2hlci0yODA4MzAy,2808302,Jing,Wang,0.0,0,-1.0,0.0,Languages
VGVhY2hlci0yNzM1OTM2,2735936,David,Evans,0.0,0,-1.0,0.0,Biology
VGVhY2hlci0yNzEzNjk3,2713697,Rosalind,Silverman,0.0,0,-1.0,0.0,Biology
VGVhY2hlci0yNzA0MjY5,2704269,Alejandro,Perez,0.0,0,-1.0,0.0,Languages
VGVhY2hlci0yNjk1NTM5,2695539,Heather,Sanguins,0.0,0,-1.0,0.0,Information Science
VGVhY2hlci0yODgyMjk4,2882298,Joyee,Yang,0.0,0,-1.0,0.0,Economics
VGVhY2hlci0yODgwMTMw,2880130,Kanwal,Aftab,0.0,0,-1.0,0.0,Architecture
VGVhY2hlci0yODY3ODI1,2867825,David,Dubins,0.0,0,-1.0,0.0,Pharmacology
VGVhY2hlci0yOTg1MDUw,2985050,Grace,Wang,0.0,0,-1.0,0.0,Psychology
VGVhY2hlci0yOTUzMDMz,2953033,Paul,Tyler,0.0,0,-1.0,0.0,Economics
VGVhY2hlci0yOTgwMzc4,2980378,Hamidreza,Salehyar,0.0,0,-1.0,0.0,Music
VGVhY2hlci0yOTAzODQ1,2903845,Blake,Lee-Whiting,0.0,0,-1.0,0.0,Political Science
VGVhY2hlci0yODk2NDM5,2896439,Alexander,Kreinin ,0.0,0,-1.0,0.0,Mathematics
VGVhY2hlci0yOTE5NjI4,2919628,Clovis,Hamel,0.0,0,-1.0,0.0,Mathematics
VGVhY2hlci0yOTUxNzMz,2951733,Deepika,Chugh,0.0,0,-1.0,0.0,Health Science
VGVhY2hlci0yOTE3MDk2,2917096,Victor ,Bruzzone ,0.0,0,-1.0,0.0,Political Science
VGVhY2hlci0yOTIzMTE0,2923114,Regine,Bohar,0.0,0,-1.0,0.0,Philosophy
VGVhY2hlci0yODYwNDM1,2860435,Jessica,Liu,0.0,0,-1.0,0.0,Mathematics
VGVhY2hlci0yODU3MDg2,2857086,Pedro ,Pedro,0.0,0,-1.0,0.0,Languages
VGVhY2hlci0yNTQzMzMx,2543331,Richard,Sommer,0.0,0,-1.0,0.0,Architecture
VGVhY2hlci0yNzg0NDMw,2784430,David,Belfon,0.0,0,-1.0,0.0,Religion
VGVhY2hlci0xODIyNTYw,1822560,David,Warnica,0.0,0,-1.0,0.0,Engineering
VGVhY2hlci0yNDY5NjA4,2469608,Julian,House,0.0,0,-1.0,0.0,Management
VGVhY2hlci0yMjUzMTkx,2253191,Kimberly,Carter,0.0,0,-1.0,0.0,Political Science
VGVhY2hlci0yNDQwMTA1,2440105,Heidi,Gordon,0.0,0,-1.0,0.0,Psychology
VGVhY2hlci0yNDM4NDcx,2438471,Dennis,Bock,0.0,0,-1.0,0.0,Writing
VGVhY2hlci0yMzU4MTYy,2358162,Pat,Durish,0.0,0,-1.0,0.0,Women's Studies
VGVhY2hlci0yMzMzODQy,2333842,Shaun,Young,0.0,0,-1.0,0.0,Education
VGVhY2hlci0yMzY1MjU4,2365258,Jill,Melino,0.0,0,-1.0,0.0,Biology
VGVhY2hlci0yMjA1MTg0,2205184,Anita,Anand,0.0,0,-1.0,0.0,Law
VGVhY2hlci0xODYwNDI2,1860426,Kim,Vicente,0.0,0,-1.0,0.0,Engineering
VGVhY2hlci0xODU0MTky,1854192,Kyle,Thompson,0.0,0,-1.0,0.0,Mathematics
VGVhY2hlci0yMTE1MTkx,2115191,Christine,Brown,0.0,0,-1.0,0.0,Business
VGVhY2hlci0yMDk2NzEx,2096711,Daphne,Heywood,0.0,0,-1.0,0.0,Education
VGVhY2hlci0zMTU1NzMy,3155732,Stephen ,Brown,0.0,0,-1.0,0.0,Engineering
VGVhY2hlci0zMTU1NjM1,3155635,æryka,hollis o-neil,0.0,0,-1.0,0.0,Film
VGVhY2hlci0xOTM5MDY4,1939068,Lawrin,Armstrong,0.0,0,-1.0,0.0,History
VGVhY2hlci0xNzM3MDEz,1737013,Andrews,Brenda,0.0,0,-1.0,0.0,Biology
VGVhY2hlci0yMDE0MzU2,2014356,Elaine,Gold,0.0,0,-1.0,0.0,Humanities
VGVhY2hlci0zMTE4MzUw,3118350,Micheal,Belanger,0.0,0,-1.0,0.0,Environment
VGVhY2hlci0zMTE3MDU1,3117055,Zeeshan,Khan,0.0,0,-1.0,0.0,Business
VGVhY2hlci0zMTE0MTI2,3114126,Chris,Ferguson,0.0,0,-1.0,0.0,Business
VGVhY2hlci0zMDk5Njcz,3099673,Patricia,Mocker,0.0,0,-1.0,0.0,Political Science
VGVhY2hlci0zMDc4NTg0,3078584,Ian,Greig,0.0,0,-1.0,0.0,Pharmacology
VGVhY2hlci0zMDc0NTQx,3074541,David,Sutton,0.0,0,-1.0,0.0,Classics
VGVhY2hlci0zMDU2MDA3,3056007,Jerry,Zhou,0.0,0,-1.0,0.0,Economics
VGVhY2hlci0zMTQ5Mjgx,3149281,Sigrid,Roman,0.0,0,-1.0,0.0,Education
VGVhY2hlci0yOTk2Nzg5,2996789,Valentine ,Baxen,0.0,0,-1.0,0.0,English
VGVhY2hlci0yOTk2Njk2,2996696,Michael,Best,0.0,0,-1.0,0.0,Psychology
VGVhY2hlci0yOTk2MzAx,2996301,Whitney,Bai,0.0,0,-1.0,0.0,Geography
VGVhY2hlci0yOTk2MDc2,2996076,Daniel,Trefler,0.0,0,-1.0,0.0,Economics
VGVhY2hlci0zMDg5NDI5,3089429,Dilyara ,Agisheva,0.0,0,-1.0,0.0,Humanities
VGVhY2hlci0zMDg4OTAy,3088902,Randy,Boyagoda,0.0,0,-1.0,0.0,English
VGVhY2hlci0zMDg2OTcx,3086971,Kevin,Edmonds,0.0,0,-1.0,0.0,Humanities
VGVhY2hlci0zMDg2OTcw,3086970,Ninaatig,Staats Pangowish,0.0,0,-1.0,0.0,Humanities
VGVhY2hlci0zMTQ5Mjk5,3149299,Carli,Fink,0.0,0,-1.0,0.0,Information Science
VGVhY2hlci0zMDcwMDg2,3070086,nkem,ike,0.0,0,-1.0,0.0,Anthropology
VGVhY2hlci0zMTQ4MjA0,3148204,Stephen,Julian,0.0,0,-1.0,0.0,Physics
VGVhY2hlci0zMDkyMDMx,3092031,Ivan,Bondoc,0.0,0,-1.0,0.0,Languages
VGVhY2hlci0zMTEwMjk5,3110299,Neil,Bennett,0.0,0,-1.0,0.0,Geology
VGVhY2hlci0zMTI0NDkx,3124491,Isabella,Negrini,0.0,0,-1.0,0.0,Mathematics
VGVhY2hlci0zMTI0MTY2,3124166,Charles,Stankievech,0.0,0,-1.0,0.0,Fine Arts
VGVhY2hlci0zMTIwMjUy,3120252,David,Kynaston,0.0,0,-1.0,0.0,Geology
VGVhY2hlci0zMDIyMTA5,3022109,Catherine,Valcke,0.0,0,-1.0,0.0,Law
VGVhY2hlci0zMDE3NzIx,3017721,Kim,Tait,0.0,0,-1.0,0.0,Science
VGVhY2hlci0zMDQwNTQ4,3040548,Georgia,Phillips-Amos,0.0,0,-1.0,0.0,"Arts, Culture & Media"
VGVhY2hlci0zMDM0OTg4,3034988,Jillian,Adams,0.0,0,-1.0,0.0,Business
VGVhY2hlci0zMTMwMDYy,3130062,Daniel,Tysdal,0.0,0,-1.0,0.0,Writing
VGVhY2hlci0zMTI5MzEx,3129311,Tahohtharatye ,Brant,0.0,0,-1.0,0.0,Sociology
VGVhY2hlci0zMTM3ODA0,3137804,Maria  ,Drout,0.0,0,-1.0,0.0,Physics
VGVhY2hlci0zMTMwNDI0,3130424,James,Quizzo,0.0,0,-1.0,0.0,Agriculture
VGVhY2hlci0yODI4MTY3,2828167,Elnaz,Yousefzadeh Barri,0.0,0,-1.0,0.0,Geography
VGVhY2hlci0yODU1NzA2,2855706,Peter,Bing,0.0,0,-1.0,0.0,Classics
VGVhY2hlci0yNTUwNDU1,2550455,leonid,livak,0.0,0,-1.0,0.0,History
VGVhY2hlci0yNTQ2MTU5,2546159,Sajjad,Nejatie,0.0,0,-1.0,0.0,Educational Research
VGVhY2hlci0yNTQzMzA5,2543309,Erjia,Ge,0.0,0,-1.0,0.0,Health Science
VGVhY2hlci0yNjA1OTky,2605992,Anna,Butkiewicz,0.0,0,-1.0,0.0,History
VGVhY2hlci0yNzUyOTUw,2752950,Micheline,Piquette-Miller,0.0,0,-1.0,0.0,Science
VGVhY2hlci0yNTAyMTc1,2502175,Marc,Jeschke,0.0,0,-1.0,0.0,Medicine
VGVhY2hlci0yNjg3MTQ1,2687145,Murray,Grabinsky,0.0,0,-1.0,0.0,Engineering
VGVhY2hlci0yNjgwMDY5,2680069,Yvonne,O'rilley,0.0,0,-1.0,0.0,Business
VGVhY2hlci0yNzM5MTU2,2739156,Vanessa,Maggisano,0.0,0,-1.0,0.0,Psychology
VGVhY2hlci0yNzU4NDQy,2758442,Richard,Picart,0.0,0,-1.0,0.0,Business
VGVhY2hlci0yNjE4MjUz,2618253,Janelle,Joseph,0.0,0,-1.0,0.0,Physical Education
VGVhY2hlci0yNjE2NDI3,2616427,Neil,Macpherson,0.0,0,-1.0,0.0,Biology
VGVhY2hlci0yNDYyNTk3,2462597,Lisa,Zhang,0.0,0,-1.0,0.0,Computer Science
VGVhY2hlci0yOTkwODYw,2990860,Pedro,Mateo Pedro,0.0,0,-1.0,0.0,Languages
VGVhY2hlci0yOTUzOTg2,2953986,Maria,Mosco,0.0,0,-1.0,0.0,Languages
VGVhY2hlci0yODkyNzU2,2892756,Fabiola ,Li,0.0,0,-1.0,0.0,Mathematics
VGVhY2hlci0yODk1OTAy,2895902,Simone,Davis,0.0,0,-1.0,0.0,Humanities
VGVhY2hlci0yNzM1NDEx,2735411,Ashley,Reynolds,0.0,0,-1.0,0.0,Biology
VGVhY2hlci0yODY3ODQy,2867842,Micheal ,Saikali,0.0,0,-1.0,0.0,Pharmacology
VGVhY2hlci0yOTUzOTg2,2953986,Maria,Mosco,0.0,0,-1.0,0.0,Languages
VGVhY2hlci0yODkyNzU2,2892756,Fabiola ,Li,0.0,0,-1.0,0.0,Mathematics
VGVhY2hlci0yODk1OTAy,2895902,Simone,Davis,0.0,0,-1.0,0.0,Humanities
VGVhY2hlci0yOTIxNzY0,2921764,clovis,ascanio,0.0,0,-1.0,0.0,Mathematics
VGVhY2hlci0yODkxMDU3,2891057,Mounir,AbouHaidar,0.0,0,-1.0,0.0,Science
VGVhY2hlci0yOTU3NDMz,2957433,Tarek,Abdelrahman,0.0,0,-1.0,0.0,Engineering
VGVhY2hlci0yOTIwMDc0,2920074,Craig, Steeves,0.0,0,-1.0,0.0,Engineering
VGVhY2hlci0yNDE1MDU2,2415056,Behrad,Vatankhahghadim,0.0,0,-1.0,0.0,Aerospace Studies
VGVhY2hlci0yMzgzMTI2,2383126,Frank,Gong,0.0,0,-1.0,0.0,Education
VGVhY2hlci0yMzY1OTgw,2365980,Kevin,Chabot,0.0,0,-1.0,0.0,Humanities
VGVhY2hlci0yMTYxMzk3,2161397,Lee Ann,Fujii,0.0,0,-1.0,0.0,Political Science
VGVhY2hlci0yMzAwMTQ2,2300146,Marilyn,Herie,0.0,0,-1.0,0.0,Social Work
VGVhY2hlci0yMDE5MDE2,2019016,Arta,Sedaghat,0.0,0,-1.0,0.0,Languages
VGVhY2hlci0zMDUzNDEw,3053410,ZIYI,LIU,1.0,1,100.0,3.0,Nursing
VGVhY2hlci0zMTM0NDcx,3134471,Larissa ,Lai,5.0,1,100.0,2.0,Pacific & Asian Studies
VGVhY2hlci0zMDU4NDc4,3058478,Bharat,Punjabi,4.0,1,100.0,1.0,Pacific & Asian Studies
VGVhY2hlci0zMDgxNTU0,3081554,Peng,Yu,5.0,1,100.0,3.0,Pacific & Asian Studies
VGVhY2hlci0zMTI0OTQx,3124941,Anita,Hamadanizadeh,4.0,1,100.0,3.0,Pharmacology
VGVhY2hlci0yNzY0ODcw,2764870,Landon,Edgar,4.8,5,100.0,4.0,Pharmacology
VGVhY2hlci0yOTI1NDYz,2925463,Alaa,Alsaafin,1.8,4,25.0,4.5,Pharmacology
VGVhY2hlci0yODgzOTc2,2883976,Dasha,Redka,1.0,1,0.0,5.0,Pharmacology
VGVhY2hlci0yODk5NTQx,2899541,Jason,Matthews,2.0,1,0.0,3.0,Pharmacology
VGVhY2hlci0yODY3ODQ0,2867844,Carolyn,Cummins,5.0,1,100.0,4.0,Pharmacology
VGVhY2hlci0yODY3ODUy,2867852,Hong-Shuo,Sun,5.0,1,100.0,1.0,Pharmacology
VGVhY2hlci0yNzUyOTU0,2752954,Lisa,Dolovich,2.0,1,0.0,3.0,Pharmacology
VGVhY2hlci0zMDQ1ODI5,3045829,Suzanne,Caderette,0.0,0,-1.0,0.0,Pharmacology
VGVhY2hlci0zMTI2OTk2,3126996,Nathanael,Caveney,0.0,0,-1.0,0.0,Pharmacology
VGVhY2hlci0zMDc5NDQz,3079443,Jauher,Ahmad,0.0,0,-1.0,0.0,Pharmacology
VGVhY2hlci0zMTExNDE3,3111417,Vanessa,Goncalves,0.0,0,-1.0,0.0,Pharmacology
VGVhY2hlci0yODY3ODI1,2867825,David,Dubins,0.0,0,-1.0,0.0,Pharmacology
VGVhY2hlci0zMDc4NTg0,3078584,Ian,Greig,0.0,0,-1.0,0.0,Pharmacology
VGVhY2hlci0yODY3ODQy,2867842,Micheal ,Saikali,0.0,0,-1.0,0.0,Pharmacology
VGVhY2hlci0yODAyMDQy,2802042,Karina,Vold,2.3,3,33.3333,4.0,Philosophy
VGVhY2hlci0yNjIzOTMx,2623931,Eamon,Darnell,2.7,51,41.1765,3.3,Philosophy
VGVhY2hlci0zMTIzNDA1,3123405,Gwen,Bradford,5.0,2,100.0,2.0,Philosophy
VGVhY2hlci0yOTYzNjk0,2963694,Paul,Gooch,4.2,9,77.7778,3.4,Philosophy
VGVhY2hlci0yNTMwOTYx,2530961,Alexandra,Gustafson,4.6,16,81.25,2.2,Philosophy
VGVhY2hlci0zMTM1OTU3,3135957,Andrew,Lavigne ,3.0,1,100.0,2.0,Philosophy
VGVhY2hlci0zMDgwMTQw,3080140,Eric,Mathison,5.0,3,100.0,2.7,Philosophy
VGVhY2hlci0zMDgxODY3,3081867,Nikolija,Lukich,5.0,5,100.0,1.6,Philosophy
VGVhY2hlci0yOTI1MzQ4,2925348,David,Rattray ,5.0,3,100.0,2.7,Philosophy
VGVhY2hlci0yOTY1MzM1,2965335,Brookes,Brown,5.0,3,100.0,2.3,Philosophy
VGVhY2hlci0zMDI2NjMz,3026633,Mark,Kingwell,3.5,2,50.0,3.5,Philosophy
VGVhY2hlci0yODg1ODg3,2885887,Brian,Bitar,4.2,5,80.0,3.6,Philosophy
VGVhY2hlci0zMDkyNDMx,3092431,Jessica,Gelber,5.0,1,100.0,4.0,Philosophy
VGVhY2hlci0yODk2ODky,2896892,Simona ,Vucu,3.2,9,44.4444,3.6,Philosophy
VGVhY2hlci0zMTEyNTEy,3112512,Vincent,Lee,2.0,1,0.0,4.0,Philosophy
VGVhY2hlci0yOTMwNTI1,2930525,Jonny,Cottrell,3.4,5,40.0,2.4,Philosophy
VGVhY2hlci0yOTg2OTk4,2986998,Sara,Aronowitz,2.1,18,27.7778,3.8,Philosophy
VGVhY2hlci0yODQ4NTI0,2848524,Reza,Hadisi,4.7,6,100.0,3.5,Philosophy
VGVhY2hlci0zMDgxODY2,3081866,Nathan,Howard,5.0,1,100.0,3.0,Philosophy
VGVhY2hlci0yOTI3MjU5,2927259,Alex,Djedovic,3.8,12,75.0,2.8,Philosophy
VGVhY2hlci0zMDAxMjkw,3001290,Nicolas ,Nicola,3.0,2,50.0,4.0,Philosophy
VGVhY2hlci0yNzEzNTE5,2713519,Zoe,Anthony,3.6,5,60.0,3.0,Philosophy
VGVhY2hlci0yOTE3OTYx,2917961,Michael,Miller,3.0,3,33.3333,3.0,Philosophy
VGVhY2hlci0yOTI1MTQ0,2925144,Eric,Shoemaker,5.0,1,100.0,2.0,Philosophy
VGVhY2hlci0yNDQwOTUz,2440953,Adrian,Yee,3.0,2,50.0,4.5,Philosophy
VGVhY2hlci0yNjUzMjQy,2653242,Mathew,Mercuri,2.8,4,50.0,3.0,Philosophy
VGVhY2hlci0yNjg2MDUz,2686053,Belinda,Piercy,5.0,1,100.0,2.0,Philosophy
VGVhY2hlci0yNjg5MjAy,2689202,James,Allen,1.0,1,0.0,2.0,Philosophy
VGVhY2hlci0yNTE0MDc0,2514074,Etye,Steinberg,4.3,3,66.6667,4.0,Philosophy
VGVhY2hlci0yMjgyMDgw,2282080,Damian,Melamedoff,3.0,1,0.0,3.0,Philosophy
VGVhY2hlci0yMjc0NDMy,2274432,Mark,Fortney,3.7,3,66.6667,3.7,Philosophy
VGVhY2hlci0yMjc0NDM2,2274436,Benjamin,Wald,3.2,14,57.1429,3.5,Philosophy
VGVhY2hlci0xNzQ4MDYy,1748062,Charles,Repp,4.2,9,-1.0,2.8,Philosophy
VGVhY2hlci0xMDA0MTU0,1004154,Brookes,Sommerville,4.3,6,-1.0,2.8,Philosophy
VGVhY2hlci0xODc1MzIx,1875321,Kyle,Anstey,1.0,2,-1.0,4.5,Philosophy
VGVhY2hlci0zMDc4NDAy,3078402,Matthew,Scarfone,0.0,0,-1.0,0.0,Philosophy
VGVhY2hlci0yOTg5Mzg1,2989385,Denise,Belsham,0.0,0,-1.0,0.0,Philosophy
VGVhY2hlci0yMzQyMDg2,2342086,Bryan,Reece,0.0,0,-1.0,0.0,Philosophy
VGVhY2hlci0zMDIxOTk1,3021995,James,John,0.0,0,-1.0,0.0,Philosophy
VGVhY2hlci0yOTMxMTk2,2931196,Dylan,Shaul,0.0,0,-1.0,0.0,Philosophy
VGVhY2hlci0yMzQyMDg3,2342087,Brian,Embry,0.0,0,-1.0,0.0,Philosophy
VGVhY2hlci0zMTUxMjM3,3151237,micheal ,miller ,0.0,0,-1.0,0.0,Philosophy
VGVhY2hlci0zMTM3Mjk5,3137299,Shweta,Swarup,0.0,0,-1.0,0.0,Philosophy
VGVhY2hlci0zMTU3NTA2,3157506,Yonathan,Fiat,0.0,0,-1.0,0.0,Philosophy
VGVhY2hlci0zMDQyNDEw,3042410,Jessie,Hall,0.0,0,-1.0,0.0,Philosophy
VGVhY2hlci0yOTIzMTE0,2923114,Regine,Bohar,0.0,0,-1.0,0.0,Philosophy
VGVhY2hlci0yNzI3NDY2,2727466,Julia,Smith,0.0,0,-1.0,0.0,Philosophy
VGVhY2hlci0zMDA4MDYw,3008060,Madeleine, Orr,2.5,2,0.0,3.0,Physical Education
VGVhY2hlci0zMTUwNTA5,3150509,Marcelle,Kitengie,5.0,4,100.0,3.0,Physical Education
VGVhY2hlci0zMDA1NzUz,3005753,Timothy ,Burkhart ,2.4,5,60.0,3.4,Physical Education
VGVhY2hlci0yODUyMjcw,2852270,Darren,Lowe,1.8,14,14.2857,3.9,Physical Education
VGVhY2hlci0yOTY0NTkx,2964591,Danielle,Dobney,3.3,7,42.8571,2.6,Physical Education
VGVhY2hlci0zMDA4MDQ0,3008044,Ashley, Stirling,3.5,2,50.0,3.5,Physical Education
VGVhY2hlci0zMDE3NTI2,3017526,Zeana,Hamdonah,0.0,0,-1.0,0.0,Physical Education
VGVhY2hlci0yNTAyMTI0,2502124,Joyce,Chen,2.0,1,0.0,4.0,Physical Education
VGVhY2hlci0yMjg4NjYw,2288660,Patrick,Jachyra,5.0,1,100.0,2.0,Physical Education
VGVhY2hlci0zMDE2MzYw,3016360,Ira,Jacobs,0.0,0,-1.0,0.0,Physical Education
VGVhY2hlci0zMTMzODQy,3133842,Michael,Jorgensen,0.0,0,-1.0,0.0,Physical Education
VGVhY2hlci0zMDY0OTI1,3064925,Aalaya,Milne,0.0,0,-1.0,0.0,Physical Education
VGVhY2hlci0zMDMwNTEx,3030511,Sachin,Raina,0.0,0,-1.0,0.0,Physical Education
VGVhY2hlci0yODk5MzEx,2899311,Saro,Fara,0.0,0,-1.0,0.0,Physical Education
VGVhY2hlci0yNjE4MjUz,2618253,Janelle,Joseph,0.0,0,-1.0,0.0,Physical Education
VGVhY2hlci0zMDMyMTc0,3032174,Matthew,Robbins ,2.7,111,40.5405,3.5,Physics
VGVhY2hlci0zMTU5Mzc5,3159379,Valentin,Crepel,0.0,0,-1.0,0.0,Physics
VGVhY2hlci0yOTg4Mzg4,2988388,Xiang,Li,1.0,7,0.0,4.0,Physics
VGVhY2hlci0yOTI0Mjg0,2924284,Nicolas,Grisouard,4.0,27,77.7778,3.0,Physics
VGVhY2hlci0zMTA1MzAz,3105303,Tahir,Sharaan,3.5,8,62.5,3.0,Physics
VGVhY2hlci0zMTE4NDg4,3118488,Sergio,Barrera,3.6,5,40.0,3.6,Physics
VGVhY2hlci0zMTU0Nzc0,3154774,Manmeet,Singh,4.0,1,100.0,3.0,Physics
VGVhY2hlci0yODkwOTgx,2890981,Ania,Harlick,4.2,31,83.871,2.7,Physics
VGVhY2hlci0zMTIyNjI3,3122627,Daniel,James,4.0,1,0.0,5.0,Physics
VGVhY2hlci0yODUxMjcy,2851272,Zhan,Su,2.8,5,60.0,2.4,Physics
VGVhY2hlci0yODE1NjQx,2815641,Roya,Ghahreman,5.0,1,100.0,2.0,Physics
VGVhY2hlci0zMDIxMTA3,3021107,Christopher,Macgowan,1.0,1,0.0,2.0,Physics
VGVhY2hlci0yOTY5MTUx,2969151,Adam,Hincks,5.0,2,100.0,2.5,Physics
VGVhY2hlci0yODYxNTgx,2861581,Aephraim,Steinberg,4.0,4,75.0,3.3,Physics
VGVhY2hlci0yMzM0MTI3,2334127,Sidhartha,Goyal,5.0,1,100.0,4.0,Physics
VGVhY2hlci0yMTEyMTM5,2112139,Andrew,Meyertholen,4.9,25,100.0,2.3,Physics
VGVhY2hlci0yOTQzODY0,2943864,Arun,Paramenkanti,0.0,0,-1.0,0.0,Physics
VGVhY2hlci0zMDA2MDkz,3006093,Boris,Braverman,0.0,0,-1.0,0.0,Physics
VGVhY2hlci0yODU3NjIx,2857621,Debra,Wunch,0.0,0,-1.0,0.0,Physics
VGVhY2hlci0zMTA0ODkx,3104891,Tahir,Shaaran ,0.0,0,-1.0,0.0,Physics
VGVhY2hlci0zMDUwMzQw,3050340,Michael,Power,0.0,0,-1.0,0.0,Physics
VGVhY2hlci0zMTUwNDkx,3150491,Ziqing,Hong,0.0,0,-1.0,0.0,Physics
VGVhY2hlci0zMTQ4MjA0,3148204,Stephen,Julian,0.0,0,-1.0,0.0,Physics
VGVhY2hlci0zMTM3ODA0,3137804,Maria  ,Drout,0.0,0,-1.0,0.0,Physics
VGVhY2hlci0zMDkyNDY5,3092469,Caleb,Pomeroy,5.0,13,100.0,1.7,Political Science
VGVhY2hlci0zMDI4NjM3,3028637,Andrew ,Sabl,3.5,2,100.0,3.5,Political Science
VGVhY2hlci0zMDczNDcw,3073470,Irene,Poetranto,2.0,90,25.5556,3.5,Political Science
VGVhY2hlci0yNjQ1ODUw,2645850,Victor,Falkenheim,5.0,35,100.0,2.3,Political Science
VGVhY2hlci0zMDcwODg3,3070887,David,Zarnett,4.6,9,88.8889,3.4,Political Science
VGVhY2hlci0zMTU2NjE5,3156619,Daniel,Rubenson,1.8,4,0.0,3.5,Political Science
VGVhY2hlci0zMTI4Njgy,3128682,Lynette ,Ong,4.0,1,100.0,3.0,Political Science
VGVhY2hlci0yOTIzOTA2,2923906,William,O'Connell ,4.0,2,100.0,3.0,Political Science
VGVhY2hlci0yOTQ2MTQ1,2946145,Joseph,Dattilo ,2.4,15,40.0,4.4,Political Science
VGVhY2hlci0yOTY2MDcw,2966070,Tommaso ,Pavone,5.0,6,100.0,2.0,Political Science
VGVhY2hlci0zMDkyNDgx,3092481,Patricia,Mockler,4.5,10,88.8889,1.8,Political Science
VGVhY2hlci0yOTc4MDQ2,2978046,Elizabeth,McCallion,4.2,11,100.0,2.6,Political Science
VGVhY2hlci0yOTY2MDY5,2966069,Eric ,Merkley,2.7,6,50.0,3.7,Political Science
VGVhY2hlci0yNzAzNzQw,2703740,Christopher (Chris),Greenaway,4.9,21,95.2381,2.6,Political Science
VGVhY2hlci0zMTAzNDky,3103492,María José ,Méndez Gutiérrez,1.3,3,0.0,3.3,Political Science
VGVhY2hlci0yOTQ2MTUz,2946153,Kelsey,Gordon,1.5,12,8.3333,4.6,Political Science
VGVhY2hlci0yOTgwMjA4,2980208,Labiba,Naeem,3.8,4,75.0,2.8,Political Science
VGVhY2hlci0zMDMyNzA4,3032708,Isabela,Dos Santos,3.1,37,45.9459,3.1,Political Science
VGVhY2hlci0yODQ4MzM4,2848338,Dani,Nedal,3.0,7,28.5714,3.6,Political Science
VGVhY2hlci0xODkwMTYy,1890162,Theresa,Enright,2.8,21,58.3333,3.6,Political Science
VGVhY2hlci0yODQ3ODY4,2847868,Armend,Mazreku,3.4,8,62.5,2.8,Political Science
VGVhY2hlci0zMDg1NTg5,3085589,Laura,Rabinowitz,3.7,3,66.6667,4.3,Political Science
VGVhY2hlci0zMDkyNDI1,3092425,Rachael,Desborough,4.0,1,100.0,3.0,Political Science
VGVhY2hlci0yODI4NzMx,2828731,Brendan,McElroy,3.0,4,25.0,4.0,Political Science
VGVhY2hlci0yODc3MDk2,2877096,Abdus,Shuman,2.0,1,0.0,5.0,Political Science
VGVhY2hlci0yOTIyMzM4,2922338,Wael ,Negm,5.0,1,100.0,4.0,Political Science
VGVhY2hlci0yODc2NDA0,2876404,Matthew,Walton,4.3,12,83.3333,2.9,Political Science
VGVhY2hlci0yNjcxMDM1,2671035,Robert,Vipond,2.3,14,28.5714,3.7,Political Science
VGVhY2hlci0yODg4MjMw,2888230,Chengmin,Xu,5.0,6,100.0,2.7,Political Science
VGVhY2hlci0yOTE5MjA4,2919208,Oded,Oron,5.0,1,100.0,2.0,Political Science
VGVhY2hlci0yODg4MjI3,2888227,Neekoo,Collett,3.5,2,50.0,3.5,Political Science
VGVhY2hlci0yODAwNzMx,2800731,Peter,Sekyere,3.0,1,0.0,3.0,Political Science
VGVhY2hlci0yMjQ1NDUy,2245452,Karol,Czuba,2.7,3,33.3333,2.7,Political Science
VGVhY2hlci0yMzEyMjUz,2312253,Kai,Arzheimer,5.0,1,100.0,3.0,Political Science
VGVhY2hlci0zMTYwMjgw,3160280,Natasha,Goel,0.0,0,-1.0,0.0,Political Science
VGVhY2hlci0zMTA0MzEz,3104313,Maria,Mendez-Gutierrez,0.0,0,-1.0,0.0,Political Science
VGVhY2hlci0zMTU1MzAw,3155300,Sheryl,Lightfoot,0.0,0,-1.0,0.0,Political Science
VGVhY2hlci0yOTE3MDk3,2917097,Stefan ,Macleod ,0.0,0,-1.0,0.0,Political Science
VGVhY2hlci0yMjYxNzcx,2261771,Tuba,Eldem,0.0,0,-1.0,0.0,Political Science
VGVhY2hlci0xODA5Mzkx,1809391,Lee,Fujii,0.0,0,-1.0,0.0,Political Science
VGVhY2hlci0zMDc0NTUz,3074553,Maria,Mendez Gutierrez,0.0,0,-1.0,0.0,Political Science
VGVhY2hlci0zMTEzMDc2,3113076,Moses ,Karanja,0.0,0,-1.0,0.0,Political Science
VGVhY2hlci0yOTAzMDE5,2903019,Kate,Neville ,0.0,0,-1.0,0.0,Political Science
VGVhY2hlci0yOTI0NDYx,2924461, Salar, Asadolahi,0.0,0,-1.0,0.0,Political Science
VGVhY2hlci0yODQ4MzM5,2848339,Phillip,Lipscy,0.0,0,-1.0,0.0,Political Science
VGVhY2hlci0yOTAzODQ1,2903845,Blake,Lee-Whiting,0.0,0,-1.0,0.0,Political Science
VGVhY2hlci0yOTE3MDk2,2917096,Victor ,Bruzzone ,0.0,0,-1.0,0.0,Political Science
VGVhY2hlci0yMjUzMTkx,2253191,Kimberly,Carter,0.0,0,-1.0,0.0,Political Science
VGVhY2hlci0zMDk5Njcz,3099673,Patricia,Mocker,0.0,0,-1.0,0.0,Political Science
VGVhY2hlci0yMTYxMzk3,2161397,Lee Ann,Fujii,0.0,0,-1.0,0.0,Political Science
VGVhY2hlci0yODk2Mjg2,2896286,Odilia,Yim,1.3,36,5.5556,4.5,Psychology
VGVhY2hlci0zMDcxNTg0,3071584,Hayley,Liebenow,4.9,15,100.0,2.2,Psychology
VGVhY2hlci0zMDIyMzU4,3022358,Moaz,Shoura,4.4,23,73.913,3.5,Psychology
VGVhY2hlci0zMTI5NDEx,3129411,Carleigh,Pace-Tonna,3.6,32,62.5,2.6,Psychology
VGVhY2hlci0zMDQ4MzMw,3048330,Melanie,Mascarenhas,4.5,17,94.1176,3.1,Psychology
VGVhY2hlci0yOTY2ODk5,2966899,Mia,Radovanovic,3.7,9,77.7778,4.0,Psychology
VGVhY2hlci0zMDgzMDQ5,3083049,Patricia,Sanchez,3.7,3,66.6667,3.7,Psychology
VGVhY2hlci0zMTA5NzIx,3109721,Ashley,Waggoner Denton,3.3,12,58.3333,3.4,Psychology
VGVhY2hlci0zMDMwOTI0,3030924,Hannah,Gans,3.0,61,57.377,3.3,Psychology
VGVhY2hlci0yNjgwMTM1,2680135,Joseph,Williams,1.7,23,13.0435,2.4,Psychology
VGVhY2hlci0zMDQ4Nzg5,3048789,Debanjan ,Borthakur,4.9,19,100.0,2.7,Psychology
VGVhY2hlci0yOTI1NzI2,2925726,Carolyn,Guay,4.7,12,91.6667,3.7,Psychology
VGVhY2hlci0zMDIxNjk2,3021696,Mark,Miller,4.7,13,92.3077,2.9,Psychology
VGVhY2hlci0yOTk5Mjcz,2999273,Malvina,Skorska,3.0,13,53.8462,3.8,Psychology
VGVhY2hlci0zMDg0MDA0,3084004,Emily ,Schwartzman,5.0,1,100.0,3.0,Psychology
VGVhY2hlci0zMDI3MDk1,3027095,Christine,Burton,5.0,3,100.0,3.7,Psychology
VGVhY2hlci0yOTQ0MzEz,2944313,Dean,Carcone ,3.1,9,33.3333,3.9,Psychology
VGVhY2hlci0yOTc2NjE4,2976618,Nelly,Matorina,5.0,2,100.0,2.5,Psychology
VGVhY2hlci0yODgxMTQ0,2881144,Ariana,Giuliano,5.0,2,100.0,3.0,Psychology
VGVhY2hlci0yNTc5MDkx,2579091,Steve,Joordens,2.1,19,31.5789,3.7,Psychology
VGVhY2hlci0yOTQ0Nzg0,2944784,melisa,gumus,4.7,3,100.0,2.7,Psychology
VGVhY2hlci0yOTM1NzQ4,2935748,Nisma,Khan,3.0,2,50.0,3.5,Psychology
VGVhY2hlci0zMDIzMjI2,3023226,Eric,Cui,2.0,1,0.0,3.0,Psychology
VGVhY2hlci0zMDIxMzky,3021392,Jida,Jaffran,1.0,1,0.0,2.0,Psychology
VGVhY2hlci0zMDEyNDIz,3012423,Jiarui,Li,5.0,2,100.0,2.5,Psychology
VGVhY2hlci0yOTgxNDMy,2981432,Abbey ,Nydam,5.0,1,100.0,3.0,Psychology
VGVhY2hlci0yOTEzMzY1,2913365,Paul,Bloom,3.5,4,50.0,3.3,Psychology
VGVhY2hlci0yNjE5NTU0,2619554,aedan,li,4.3,3,100.0,3.7,Psychology
VGVhY2hlci0yNjE4MDY3,2618067,Brett,Cochrane,5.0,2,100.0,3.5,Psychology
VGVhY2hlci0xMDMxNDQ0,1031444,David,Goldstein,4.8,3,100.0,2.0,Psychology
VGVhY2hlci0xMDA1Mjgy,1005282,Dan,Dolderman,4.3,4,100.0,3.5,Psychology
VGVhY2hlci0yMTgyNjg0,2182684,Caitlin,Burton,2.9,9,44.4444,4.2,Psychology
VGVhY2hlci0yMzI0MjYx,2324261,Amanda,Sherman,2.2,9,33.3333,4.0,Psychology
VGVhY2hlci0yMTcyMTAx,2172101,Angelina,Paolozza,3.7,8,50.0,3.9,Psychology
VGVhY2hlci0yMzI3OTQx,2327941,Iska,Moxon-Emre,4.6,7,85.7143,3.2,Psychology
VGVhY2hlci0yMzQxNjI1,2341625,Yona,Lunsky,1.0,1,0.0,5.0,Psychology
VGVhY2hlci0yMTU5Nzgz,2159783,Konstantinos,Papazoglou,5.0,1,100.0,4.0,Psychology
VGVhY2hlci0zMTIyNjcy,3122672,Delaram,Farzanfar,0.0,0,-1.0,0.0,Psychology
VGVhY2hlci0yMzMwNTE0,2330514,Mariana,Bockarova,0.0,0,-1.0,0.0,Psychology
VGVhY2hlci0yMTcwMjAz,2170203,Sylvia,Kemenoff,0.0,0,-1.0,0.0,Psychology
VGVhY2hlci0zMTE5MDgy,3119082,Joanna,Dudek,0.0,0,-1.0,0.0,Psychology
VGVhY2hlci0yOTg1MDUw,2985050,Grace,Wang,0.0,0,-1.0,0.0,Psychology
VGVhY2hlci0yNDQwMTA1,2440105,Heidi,Gordon,0.0,0,-1.0,0.0,Psychology
VGVhY2hlci0yOTk2Njk2,2996696,Michael,Best,0.0,0,-1.0,0.0,Psychology
VGVhY2hlci0yNzM5MTU2,2739156,Vanessa,Maggisano,0.0,0,-1.0,0.0,Psychology
VGVhY2hlci0zMTE5MzU1,3119355,Brian,Rathbun,3.8,8,75.0,4.1,Public Policy & Administration
VGVhY2hlci0zMTQ0OTQx,3144941,Darius,Ornston,4.0,3,100.0,4.0,Public Policy & Administration
VGVhY2hlci0yMDQwOTU0,2040954,Linda,White,2.1,7,28.5714,2.6,Public Policy & Administration
VGVhY2hlci0zMDMwNDI3,3030427,Beverley,Essue,0.0,0,-1.0,0.0,Public Policy & Administration
VGVhY2hlci0zMDA3ODM2,3007836,Rory,Lindsay,5.0,13,100.0,1.4,Religion
VGVhY2hlci0yODQ5Mjg5,2849289,Ronald,Charles,2.5,2,50.0,2.5,Religion
VGVhY2hlci0yOTE2MTcw,2916170,Parnia,Vafaeikia,5.0,4,100.0,3.3,Religion
VGVhY2hlci0yODIyMjI4,2822228,Allison,Murphy,3.0,1,100.0,3.0,Religion
VGVhY2hlci0zMDA3NTI2,3007526,Anne-Marie,Fowler,3.4,5,60.0,3.0,Religion
VGVhY2hlci0zMDY3ODYz,3067863,Geethika,Dharmasinghe,3.0,1,0.0,4.0,Religion
VGVhY2hlci0xODA5NTQz,1809543,Callie,Callon,5.0,4,100.0,2.8,Religion
VGVhY2hlci0xNzUzNzA4,1753708,Syed,Hussain,5.0,1,-1.0,3.0,Religion
VGVhY2hlci0zMDcxODE1,3071815,Laura,Hare,0.0,0,-1.0,0.0,Religion
VGVhY2hlci0yMTY5MTEw,2169110,Thomas,Reynolds,0.0,0,-1.0,0.0,Religion
VGVhY2hlci0yNTIxNjY1,2521665,Sean,Capener,0.0,0,-1.0,0.0,Religion
VGVhY2hlci0zMTMzOTgz,3133983,Nyasha,Junior,0.0,0,-1.0,0.0,Religion
VGVhY2hlci0yNzg0NDMw,2784430,David,Belfon,0.0,0,-1.0,0.0,Religion
VGVhY2hlci0zMTE3NDU1,3117455,Mark,Miller,5.0,2,100.0,3.0,Science
VGVhY2hlci0yOTY5MTI1,2969125,Ashlee,Brunt,2.0,3,33.3333,3.7,Science
VGVhY2hlci0yOTg5Mzg2,2989386,Denise,Belsham,1.7,3,0.0,5.0,Science
VGVhY2hlci0zMDE3NDMw,3017430,Matilda,Essandoh Laar,3.7,6,83.3333,2.8,Science
VGVhY2hlci0zMDY1Njg1,3065685,Tj,Yi,4.0,1,100.0,2.0,Science
VGVhY2hlci0yMjM3OTEx,2237911,Tigran,Chalikian,2.1,11,27.2727,2.8,Science
VGVhY2hlci0zMDE5ODk5,3019899,Yupeng,zhang,5.0,1,100.0,1.0,Science
VGVhY2hlci0yODkwNDg1,2890485,Sandy,Lee,4.9,18,100.0,2.1,Science
VGVhY2hlci0yOTk4MzA5,2998309,Anthony,Wong,5.0,1,100.0,3.0,Science
VGVhY2hlci0yNzYxOTMw,2761930,Noor,Al-Attar,5.0,1,100.0,4.0,Science
VGVhY2hlci0yNzUyOTU2,2752956,James,Wells,1.0,1,0.0,5.0,Science
VGVhY2hlci0yNzA2OTU1,2706955,Phyllis,Tian,0.0,0,-1.0,0.0,Science
VGVhY2hlci0zMDE3NzIx,3017721,Kim,Tait,0.0,0,-1.0,0.0,Science
VGVhY2hlci0yNzUyOTUw,2752950,Micheline,Piquette-Miller,0.0,0,-1.0,0.0,Science
VGVhY2hlci0yODkxMDU3,2891057,Mounir,AbouHaidar,0.0,0,-1.0,0.0,Science
VGVhY2hlci0yOTM1MTkx,2935191,Zhong-Ping,Feng,0.0,0,-1.0,0.0,Science
VGVhY2hlci0zMDI5NjU3,3029657,Moses,Karanja ,5.0,1,100.0,3.0,Social Science
VGVhY2hlci0zMDIzNjEw,3023610,Falak,Mujtaba,4.3,48,89.5833,3.4,Social Science
VGVhY2hlci0yNjc3NzUz,2677753,Jordan,Peterson,3.6,9,55.5556,3.9,Social Science
VGVhY2hlci0yOTE4MDg3,2918087,Santiago,Molina,5.0,6,100.0,3.2,Social Science
VGVhY2hlci0yOTM5NzIy,2939722,Patrick,Watson,2.5,13,30.7692,3.5,Social Science
VGVhY2hlci0yNTgyMDkz,2582093,Kevin,White,4.3,3,66.6667,1.7,Social Science
VGVhY2hlci0yODgzOTcz,2883973,Regina,Hartwick,1.0,1,0.0,2.0,Social Science
VGVhY2hlci0yMjc1ODA0,2275804,Lewis,Kale,4.0,1,100.0,3.0,Social Science
VGVhY2hlci0zMDQzMjEw,3043210,Amar,Ghelani,3.7,3,66.6667,3.7,Social Work
VGVhY2hlci0yMjEyMjUx,2212251,Bejan,Raluca,1.8,11,9.0909,4.2,Social Work
VGVhY2hlci0zMTIzNjUy,3123652,Roxanne,Francis,5.0,1,100.0,1.0,Social Work
VGVhY2hlci0yMTg2ODU3,2186857,Keith,Adamson,5.0,4,100.0,2.5,Social Work
VGVhY2hlci0xNjYwNjcx,1660671,Michael,Saini,4.3,4,100.0,2.3,Social Work
VGVhY2hlci0yMTg2ODU2,2186856,Jim,Cullen,5.0,2,100.0,2.5,Social Work
VGVhY2hlci0zMDUxNDg0,3051484,Corry,Azzopardi,0.0,0,-1.0,0.0,Social Work
VGVhY2hlci0zMDQ0MDk0,3044094,Esme,Fuller-Thomson,0.0,0,-1.0,0.0,Social Work
VGVhY2hlci0zMDczOTQ4,3073948,Tin,Von,0.0,0,-1.0,0.0,Social Work
VGVhY2hlci0yOTYzNzEz,2963713,Natalia,Serenko,0.0,0,-1.0,0.0,Social Work
VGVhY2hlci0yMzAwMTQ2,2300146,Marilyn,Herie,0.0,0,-1.0,0.0,Social Work
VGVhY2hlci0yODcwMDQ1,2870045,Mitchell,Mclvor ,5.0,37,100.0,2.1,Sociology
VGVhY2hlci0yNzgwMzMx,2780331,Mitchell,McIvor,4.8,32,96.875,2.0,Sociology
VGVhY2hlci0zMDEzMTA1,3013105,Jennifer,Peruniak,2.5,4,50.0,3.0,Sociology
VGVhY2hlci0zMDY4MzEx,3068311,Moutaa, El Waer,2.0,8,12.5,4.4,Sociology
VGVhY2hlci0zMDcyNjMw,3072630,Simeon,Newman,2.5,2,50.0,4.0,Sociology
VGVhY2hlci0yOTkwNDEy,2990412,Joanna,Pepin,3.3,11,45.4545,3.3,Sociology
VGVhY2hlci0zMTE3MjQ1,3117245,Fabio,Robibaro,5.0,13,100.0,2.7,Sociology
VGVhY2hlci0zMDgwMzY5,3080369,Yoonkyung,Lee,1.5,2,0.0,4.0,Sociology
VGVhY2hlci0zMTI5MjE4,3129218,Momo,Tanaka,5.0,2,100.0,2.5,Sociology
VGVhY2hlci0yOTkyNTQ3,2992547,Stacy,Reardon,1.8,6,16.6667,4.0,Sociology
VGVhY2hlci0yODg4NDcz,2888473,Rui,Hou,4.4,5,80.0,3.8,Sociology
VGVhY2hlci0yNjA1MzMw,2605330,Yukiko,Tanaka,4.5,38,84.2105,2.1,Sociology
VGVhY2hlci0zMDcxOTMz,3071933,Laura,Bisaillon,1.0,3,0.0,3.7,Sociology
VGVhY2hlci0zMDgxNTQ3,3081547,Soli,Dubash,4.5,4,100.0,4.3,Sociology
VGVhY2hlci0yODc3NTE0,2877514,Grace,Barakat,4.9,14,100.0,2.7,Sociology
VGVhY2hlci0zMDkwMDEz,3090013,Elliot,Fonarev,3.5,2,50.0,3.5,Sociology
VGVhY2hlci0yODgwNTg0,2880584,Jooyung,Lee,3.0,2,50.0,2.0,Sociology
VGVhY2hlci0zMDA4OTI5,3008929,Leafia ,Ye,4.0,2,100.0,3.0,Sociology
VGVhY2hlci0zMTA3Mzg1,3107385,Josh,Harold,5.0,1,100.0,2.0,Sociology
VGVhY2hlci0yNDAyNjI1,2402625,Andrew,Miles,4.6,8,87.5,3.0,Sociology
VGVhY2hlci0yNTEzOTQx,2513941,Cinthya,Guzman,3.8,47,76.5957,2.8,Sociology
VGVhY2hlci0zMDQ0ODk4,3044898,Tyler,Bateman,5.0,1,100.0,3.0,Sociology
VGVhY2hlci0yODkwMDc5,2890079,Andrew,Cooper,5.0,24,100.0,2.3,Sociology
VGVhY2hlci0yOTg5MDc0,2989074,Harvey,Nicholson Jr,2.5,2,0.0,4.5,Sociology
VGVhY2hlci0yOTg1NTkw,2985590,Harvey,Nicholson,2.0,1,0.0,4.0,Sociology
VGVhY2hlci0yOTA4ODY3,2908867,Jillian,Sunderland,5.0,1,100.0,3.0,Sociology
VGVhY2hlci0yMzgwNzY1,2380765,Lawrence,Williams,4.0,18,72.2222,3.5,Sociology
VGVhY2hlci0yNDcyMDA3,2472007,Rosemary,Gartner,0.0,0,-1.0,0.0,Sociology
VGVhY2hlci0zMDgyNzQ0,3082744,Prentiss,Dantzler,0.0,0,-1.0,0.0,Sociology
VGVhY2hlci0zMTE0Mzgy,3114382,Scott,Schieman,0.0,0,-1.0,0.0,Sociology
VGVhY2hlci0zMTI5MzEx,3129311,Tahohtharatye ,Brant,0.0,0,-1.0,0.0,Sociology
VGVhY2hlci05NzM2NTk=,973659,Laura,Rosella,5.0,1,-1.0,3.0,Statistics
VGVhY2hlci0zMDQ0NDEw,3044410,Douglas,Eacho,2.0,5,20.0,2.6,Theater
VGVhY2hlci0yMzY0NTEw,2364510,Guillermo,Verdecchia,2.5,2,50.0,3.5,Theater
VGVhY2hlci0yNDcxNjEw,2471610,Janice,Fraser,0.0,0,-1.0,0.0,Theater
VGVhY2hlci0yMDYwNzQ3,2060747,Ryan ,Olfert,0.0,0,-1.0,0.0,Theater
VGVhY2hlci0yODIxNDE2,2821416,Wafaa,Hasan,4.2,5,80.0,2.8,Women & Gender Studies
VGVhY2hlci0zMTUzNTYy,3153562,Loree,Erickson,3.0,2,50.0,3.0,Women's Studies
VGVhY2hlci0yOTE3NTU1,2917555,Barbara,Ferguson,3.8,6,83.3333,3.0,Women's Studies
VGVhY2hlci0zMTA3MDI4,3107028,Frances,O'Shaughnessy,5.0,4,100.0,2.5,Women's Studies
VGVhY2hlci0zMDczNDI0,3073424,Henar,Perales,2.5,2,50.0,2.5,Women's Studies
VGVhY2hlci0yOTk4NTQw,2998540,Valentina,Castellini,2.0,1,0.0,2.0,Women's Studies
VGVhY2hlci0yODgwMTA3,2880107,Marieme ,Lo,4.0,2,100.0,3.0,Women's Studies
VGVhY2hlci0yMzEzMjYw,2313260,Gillian,Einstein,5.0,1,100.0,4.0,Women's Studies
VGVhY2hlci0yMjQwMzI4,2240328,Nicole,Charles,5.0,1,100.0,4.0,Women's Studies
VGVhY2hlci0xOTAyOTU4,1902958,Astrida,Neimenis,4.0,3,-1.0,3.0,Women's Studies
VGVhY2hlci01MjE2MDc=,521607,Dina,Georgis,5.0,1,-1.0,4.0,Women's Studies
VGVhY2hlci0zMDI2NjY2,3026666,Melissa,Bush,0.0,0,-1.0,0.0,Women's Studies
VGVhY2hlci0yMzU4MTYy,2358162,Pat,Durish,0.0,0,-1.0,0.0,Women's Studies
VGVhY2hlci0xODM1NTgz,1835583,Thom,Vernon,5.0,1,-1.0,3.0,Writing
VGVhY2hlci0yNjc4MjIw,2678220,Rachel,T.,0.0,0,-1.0,0.0,Writing
VGVhY2hlci0yNDM4NDcx,2438471,Dennis,Bock,0.0,0,-1.0,0.0,Writing
VGVhY2hlci0zMTMwMDYy,3130062,Daniel,Tysdal,0.0,0,-1.0,0.0,Writing
